case,truth,T,n,solver,knob,value,nullity,rule,certified,undecidable,floor_binding,gap,near_null,solve_s,spec1,spec2,spec3,spec4,spec5
sphere3-d10,3,Float64,165,SVDSolver,c,1.0,3,gap,true,0,true,3.458e+13,0,0.153,3.049e-17,6.308e-17,6.308e-17,0.007679,0.01207
sphere3-d10,3,Float64,165,SVDSolver,c,2.0,3,gap,true,0,true,1.729e+13,0,0.153,3.049e-17,6.308e-17,6.308e-17,0.007679,0.01207
sphere3-d10,3,Float64,165,SVDSolver,c,3.0,3,gap,true,0,true,1.153e+13,0,0.153,3.049e-17,6.308e-17,6.308e-17,0.007679,0.01207
sphere3-d10,3,Float64,165,SVDSolver,c,5.0,3,gap,true,0,true,6.916e+12,0,0.153,3.049e-17,6.308e-17,6.308e-17,0.007679,0.01207
sphere3-d10,3,Float64,165,SVDSolver,c,10.0,3,gap,true,0,true,3.458e+12,0,0.153,3.049e-17,6.308e-17,6.308e-17,0.007679,0.01207
sphere3-d10,3,Float64,165,SVDSolver,c,20.0,3,gap,true,0,true,1.729e+12,0,0.153,3.049e-17,6.308e-17,6.308e-17,0.007679,0.01207
sphere3-d10,3,Float64,165,SVDSolver,c,30.0,3,gap,true,0,true,1.153e+12,0,0.153,3.049e-17,6.308e-17,6.308e-17,0.007679,0.01207
sphere3-d10,3,Float64,165,SVDSolver,c,100.0,3,gap,true,0,true,3.458e+11,0,0.153,3.049e-17,6.308e-17,6.308e-17,0.007679,0.01207
sphere3-d10,3,Float64,165,SVDSolver,c,300.0,3,gap,true,0,true,1.153e+11,0,0.153,3.049e-17,6.308e-17,6.308e-17,0.007679,0.01207
sphere3-d10,3,Float64,165,SVDSolver,c,1000.0,3,gap,true,0,true,3.458e+10,0,0.153,3.049e-17,6.308e-17,6.308e-17,0.007679,0.01207
sphere3-d10,3,Float64,165,SVDSolver,c,10000.0,3,gap,true,0,true,3.458e+09,0,0.153,3.049e-17,6.308e-17,6.308e-17,0.007679,0.01207
sphere3-d10,3,Float64,165,SVDSolver,tol,0.001,3,gap,true,0,true,6.916e+12,0,0.153,3.049e-17,6.308e-17,6.308e-17,0.007679,0.01207
sphere3-d10,3,Float64,165,SVDSolver,tol,0.0001,3,gap,true,0,true,6.916e+12,0,0.153,3.049e-17,6.308e-17,6.308e-17,0.007679,0.01207
sphere3-d10,3,Float64,165,SVDSolver,tol,1.0e-5,3,gap,true,0,true,6.916e+12,0,0.153,3.049e-17,6.308e-17,6.308e-17,0.007679,0.01207
sphere3-d10,3,Float64,165,SVDSolver,tol,1.0e-6,3,gap,true,0,true,6.916e+12,0,0.153,3.049e-17,6.308e-17,6.308e-17,0.007679,0.01207
sphere3-d10,3,Float64,165,SVDSolver,tol,1.0e-7,3,gap,true,0,true,6.916e+12,0,0.153,3.049e-17,6.308e-17,6.308e-17,0.007679,0.01207
sphere3-d10,3,Float64,165,SVDSolver,tol,1.0e-8,3,gap,true,0,true,6.916e+12,0,0.153,3.049e-17,6.308e-17,6.308e-17,0.007679,0.01207
sphere3-d10,3,Float64,165,SVDSolver,tol,1.0e-9,3,gap,true,0,true,6.916e+12,0,0.153,3.049e-17,6.308e-17,6.308e-17,0.007679,0.01207
sphere3-d10,3,Float64,165,GramSolver,c,1.0,3,gap,true,0,false,3.122e+13,0,0.309,1.583e-16,1.843e-16,2.46e-16,0.007679,0.01207
sphere3-d10,3,Float64,165,GramSolver,c,2.0,3,gap,true,0,true,1.729e+13,0,0.309,1.583e-16,1.843e-16,2.46e-16,0.007679,0.01207
sphere3-d10,3,Float64,165,GramSolver,c,3.0,3,gap,true,0,true,1.153e+13,0,0.309,1.583e-16,1.843e-16,2.46e-16,0.007679,0.01207
sphere3-d10,3,Float64,165,GramSolver,c,5.0,3,gap,true,0,true,6.916e+12,0,0.309,1.583e-16,1.843e-16,2.46e-16,0.007679,0.01207
sphere3-d10,3,Float64,165,GramSolver,c,10.0,3,gap,true,0,true,3.458e+12,0,0.309,1.583e-16,1.843e-16,2.46e-16,0.007679,0.01207
sphere3-d10,3,Float64,165,GramSolver,c,20.0,3,gap,true,0,true,1.729e+12,0,0.309,1.583e-16,1.843e-16,2.46e-16,0.007679,0.01207
sphere3-d10,3,Float64,165,GramSolver,c,30.0,3,gap,true,0,true,1.153e+12,0,0.309,1.583e-16,1.843e-16,2.46e-16,0.007679,0.01207
sphere3-d10,3,Float64,165,GramSolver,c,100.0,3,gap,true,0,true,3.458e+11,0,0.309,1.583e-16,1.843e-16,2.46e-16,0.007679,0.01207
sphere3-d10,3,Float64,165,GramSolver,c,300.0,3,gap,true,0,true,1.153e+11,0,0.309,1.583e-16,1.843e-16,2.46e-16,0.007679,0.01207
sphere3-d10,3,Float64,165,GramSolver,c,1000.0,3,gap,true,0,true,3.458e+10,0,0.309,1.583e-16,1.843e-16,2.46e-16,0.007679,0.01207
sphere3-d10,3,Float64,165,GramSolver,c,10000.0,3,gap,true,0,true,3.458e+09,0,0.309,1.583e-16,1.843e-16,2.46e-16,0.007679,0.01207
sphere3-d10,3,Float64,165,GramSolver,tol,0.001,3,gap,true,0,true,6.916e+12,0,0.309,1.583e-16,1.843e-16,2.46e-16,0.007679,0.01207
sphere3-d10,3,Float64,165,GramSolver,tol,0.0001,3,gap,true,0,true,6.916e+12,0,0.309,1.583e-16,1.843e-16,2.46e-16,0.007679,0.01207
sphere3-d10,3,Float64,165,GramSolver,tol,1.0e-5,3,gap,true,0,true,6.916e+12,0,0.309,1.583e-16,1.843e-16,2.46e-16,0.007679,0.01207
sphere3-d10,3,Float64,165,GramSolver,tol,1.0e-6,3,gap,true,0,true,6.916e+12,0,0.309,1.583e-16,1.843e-16,2.46e-16,0.007679,0.01207
sphere3-d10,3,Float64,165,GramSolver,tol,1.0e-7,3,gap,true,0,true,6.916e+12,0,0.309,1.583e-16,1.843e-16,2.46e-16,0.007679,0.01207
sphere3-d10,3,Float64,165,GramSolver,tol,1.0e-8,3,gap,true,0,true,6.916e+12,0,0.309,1.583e-16,1.843e-16,2.46e-16,0.007679,0.01207
sphere3-d10,3,Float64,165,GramSolver,tol,1.0e-9,3,gap,true,0,true,6.916e+12,0,0.309,1.583e-16,1.843e-16,2.46e-16,0.007679,0.01207
sphere3-d10,3,Float64,165,ArpackSolver,c,1.0,3,gap,true,0,false,2.468e+13,0,1.754,1.619e-17,2.421e-16,3.111e-16,0.007679,0.01207
sphere3-d10,3,Float64,165,ArpackSolver,c,2.0,3,gap,true,0,true,1.729e+13,0,1.754,1.619e-17,2.421e-16,3.111e-16,0.007679,0.01207
sphere3-d10,3,Float64,165,ArpackSolver,c,3.0,3,gap,true,0,true,1.153e+13,0,1.754,1.619e-17,2.421e-16,3.111e-16,0.007679,0.01207
sphere3-d10,3,Float64,165,ArpackSolver,c,5.0,3,gap,true,0,true,6.916e+12,0,1.754,1.619e-17,2.421e-16,3.111e-16,0.007679,0.01207
sphere3-d10,3,Float64,165,ArpackSolver,c,10.0,3,gap,true,0,true,3.458e+12,0,1.754,1.619e-17,2.421e-16,3.111e-16,0.007679,0.01207
sphere3-d10,3,Float64,165,ArpackSolver,c,20.0,3,gap,true,0,true,1.729e+12,0,1.754,1.619e-17,2.421e-16,3.111e-16,0.007679,0.01207
sphere3-d10,3,Float64,165,ArpackSolver,c,30.0,3,gap,true,0,true,1.153e+12,0,1.754,1.619e-17,2.421e-16,3.111e-16,0.007679,0.01207
sphere3-d10,3,Float64,165,ArpackSolver,c,100.0,3,gap,true,0,true,3.458e+11,0,1.754,1.619e-17,2.421e-16,3.111e-16,0.007679,0.01207
sphere3-d10,3,Float64,165,ArpackSolver,c,300.0,3,gap,true,0,true,1.153e+11,0,1.754,1.619e-17,2.421e-16,3.111e-16,0.007679,0.01207
sphere3-d10,3,Float64,165,ArpackSolver,c,1000.0,3,gap,true,0,true,3.458e+10,0,1.754,1.619e-17,2.421e-16,3.111e-16,0.007679,0.01207
sphere3-d10,3,Float64,165,ArpackSolver,c,10000.0,3,gap,true,0,true,3.458e+09,0,1.754,1.619e-17,2.421e-16,3.111e-16,0.007679,0.01207
sphere3-d10,3,Float64,165,ArpackSolver,tol,0.001,3,gap,true,0,true,6.916e+12,0,1.754,1.619e-17,2.421e-16,3.111e-16,0.007679,0.01207
sphere3-d10,3,Float64,165,ArpackSolver,tol,0.0001,3,gap,true,0,true,6.916e+12,0,1.754,1.619e-17,2.421e-16,3.111e-16,0.007679,0.01207
sphere3-d10,3,Float64,165,ArpackSolver,tol,1.0e-5,3,gap,true,0,true,6.916e+12,0,1.754,1.619e-17,2.421e-16,3.111e-16,0.007679,0.01207
sphere3-d10,3,Float64,165,ArpackSolver,tol,1.0e-6,3,gap,true,0,true,6.916e+12,0,1.754,1.619e-17,2.421e-16,3.111e-16,0.007679,0.01207
sphere3-d10,3,Float64,165,ArpackSolver,tol,1.0e-7,3,gap,true,0,true,6.916e+12,0,1.754,1.619e-17,2.421e-16,3.111e-16,0.007679,0.01207
sphere3-d10,3,Float64,165,ArpackSolver,tol,1.0e-8,3,gap,true,0,true,6.916e+12,0,1.754,1.619e-17,2.421e-16,3.111e-16,0.007679,0.01207
sphere3-d10,3,Float64,165,ArpackSolver,tol,1.0e-9,3,gap,true,0,true,6.916e+12,0,1.754,1.619e-17,2.421e-16,3.111e-16,0.007679,0.01207
sphere3-d10,3,Float64,165,KrylovSolver,c,1.0,3,gap,true,0,true,3.458e+13,0,3.965,3.166e-17,1.265e-16,1.554e-16,0.007679,0.01207
sphere3-d10,3,Float64,165,KrylovSolver,c,2.0,3,gap,true,0,true,1.729e+13,0,3.965,3.166e-17,1.265e-16,1.554e-16,0.007679,0.01207
sphere3-d10,3,Float64,165,KrylovSolver,c,3.0,3,gap,true,0,true,1.153e+13,0,3.965,3.166e-17,1.265e-16,1.554e-16,0.007679,0.01207
sphere3-d10,3,Float64,165,KrylovSolver,c,5.0,3,gap,true,0,true,6.916e+12,0,3.965,3.166e-17,1.265e-16,1.554e-16,0.007679,0.01207
sphere3-d10,3,Float64,165,KrylovSolver,c,10.0,3,gap,true,0,true,3.458e+12,0,3.965,3.166e-17,1.265e-16,1.554e-16,0.007679,0.01207
sphere3-d10,3,Float64,165,KrylovSolver,c,20.0,3,gap,true,0,true,1.729e+12,0,3.965,3.166e-17,1.265e-16,1.554e-16,0.007679,0.01207
sphere3-d10,3,Float64,165,KrylovSolver,c,30.0,3,gap,true,0,true,1.153e+12,0,3.965,3.166e-17,1.265e-16,1.554e-16,0.007679,0.01207
sphere3-d10,3,Float64,165,KrylovSolver,c,100.0,3,gap,true,0,true,3.458e+11,0,3.965,3.166e-17,1.265e-16,1.554e-16,0.007679,0.01207
sphere3-d10,3,Float64,165,KrylovSolver,c,300.0,3,gap,true,0,true,1.153e+11,0,3.965,3.166e-17,1.265e-16,1.554e-16,0.007679,0.01207
sphere3-d10,3,Float64,165,KrylovSolver,c,1000.0,3,gap,true,0,true,3.458e+10,0,3.965,3.166e-17,1.265e-16,1.554e-16,0.007679,0.01207
sphere3-d10,3,Float64,165,KrylovSolver,c,10000.0,3,gap,true,0,true,3.458e+09,0,3.965,3.166e-17,1.265e-16,1.554e-16,0.007679,0.01207
sphere3-d10,3,Float64,165,KrylovSolver,tol,0.001,3,gap,true,0,true,6.916e+12,0,3.965,3.166e-17,1.265e-16,1.554e-16,0.007679,0.01207
sphere3-d10,3,Float64,165,KrylovSolver,tol,0.0001,3,gap,true,0,true,6.916e+12,0,3.965,3.166e-17,1.265e-16,1.554e-16,0.007679,0.01207
sphere3-d10,3,Float64,165,KrylovSolver,tol,1.0e-5,3,gap,true,0,true,6.916e+12,0,3.965,3.166e-17,1.265e-16,1.554e-16,0.007679,0.01207
sphere3-d10,3,Float64,165,KrylovSolver,tol,1.0e-6,3,gap,true,0,true,6.916e+12,0,3.965,3.166e-17,1.265e-16,1.554e-16,0.007679,0.01207
sphere3-d10,3,Float64,165,KrylovSolver,tol,1.0e-7,3,gap,true,0,true,6.916e+12,0,3.965,3.166e-17,1.265e-16,1.554e-16,0.007679,0.01207
sphere3-d10,3,Float64,165,KrylovSolver,tol,1.0e-8,3,gap,true,0,true,6.916e+12,0,3.965,3.166e-17,1.265e-16,1.554e-16,0.007679,0.01207
sphere3-d10,3,Float64,165,KrylovSolver,tol,1.0e-9,3,gap,true,0,true,6.916e+12,0,3.965,3.166e-17,1.265e-16,1.554e-16,0.007679,0.01207
sphere3-d10,3,Float32,165,SVDSolver,c,1.0,2,threshold,false,0,true,2.029,0,0.201,3.807e-08,4.387e-08,2.418e-07,0.007767,0.01221
sphere3-d10,3,Float32,165,SVDSolver,c,2.0,2,threshold,false,0,true,1.014,0,0.201,3.807e-08,4.387e-08,2.418e-07,0.007767,0.01221
sphere3-d10,3,Float32,165,SVDSolver,c,3.0,3,gap,true,0,true,2.172e+04,0,0.201,3.807e-08,4.387e-08,2.418e-07,0.007767,0.01221
sphere3-d10,3,Float32,165,SVDSolver,c,5.0,3,gap,true,0,true,1.303e+04,0,0.201,3.807e-08,4.387e-08,2.418e-07,0.007767,0.01221
sphere3-d10,3,Float32,165,SVDSolver,c,10.0,3,gap,true,0,true,6516,0,0.201,3.807e-08,4.387e-08,2.418e-07,0.007767,0.01221
sphere3-d10,3,Float32,165,SVDSolver,c,20.0,3,gap,true,0,true,3258,0,0.201,3.807e-08,4.387e-08,2.418e-07,0.007767,0.01221
sphere3-d10,3,Float32,165,SVDSolver,c,30.0,3,gap,true,0,true,2172,0,0.201,3.807e-08,4.387e-08,2.418e-07,0.007767,0.01221
sphere3-d10,3,Float32,165,SVDSolver,c,100.0,3,gap,true,0,true,651.6,0,0.201,3.807e-08,4.387e-08,2.418e-07,0.007767,0.01221
sphere3-d10,3,Float32,165,SVDSolver,c,300.0,3,gap,true,0,true,217.2,0,0.201,3.807e-08,4.387e-08,2.418e-07,0.007767,0.01221
sphere3-d10,3,Float32,165,SVDSolver,c,1000.0,3,threshold,false,0,true,65.16,0,0.201,3.807e-08,4.387e-08,2.418e-07,0.007767,0.01221
sphere3-d10,3,Float32,165,SVDSolver,c,10000.0,3,threshold,false,0,true,6.516,0,0.201,3.807e-08,4.387e-08,2.418e-07,0.007767,0.01221
sphere3-d10,3,Float32,165,SVDSolver,tol,0.001,3,gap,true,0,true,1.303e+04,0,0.201,3.807e-08,4.387e-08,2.418e-07,0.007767,0.01221
sphere3-d10,3,Float32,165,SVDSolver,tol,0.0001,3,gap,true,0,true,1.303e+04,0,0.201,3.807e-08,4.387e-08,2.418e-07,0.007767,0.01221
sphere3-d10,3,Float32,165,SVDSolver,tol,1.0e-5,3,gap,true,0,true,1.303e+04,0,0.201,3.807e-08,4.387e-08,2.418e-07,0.007767,0.01221
sphere3-d10,3,Float32,165,SVDSolver,tol,1.0e-6,3,gap,true,0,true,1.303e+04,0,0.201,3.807e-08,4.387e-08,2.418e-07,0.007767,0.01221
sphere3-d10,3,Float32,165,SVDSolver,tol,1.0e-7,3,gap,true,0,true,1.303e+04,0,0.201,3.807e-08,4.387e-08,2.418e-07,0.007767,0.01221
sphere3-d10,3,Float32,165,SVDSolver,tol,1.0e-8,3,gap,true,0,true,1.303e+04,0,0.201,3.807e-08,4.387e-08,2.418e-07,0.007767,0.01221
sphere3-d10,3,Float32,165,SVDSolver,tol,1.0e-9,3,gap,true,0,true,1.303e+04,0,0.201,3.807e-08,4.387e-08,2.418e-07,0.007767,0.01221
sphere3-d10,3,Float32,165,GramSolver,c,1.0,2,threshold,false,0,true,1.011,0,0.435,8.872e-08,1.039e-07,1.205e-07,0.007767,0.01221
sphere3-d10,3,Float32,165,GramSolver,c,2.0,3,gap,true,0,true,3.258e+04,0,0.435,8.872e-08,1.039e-07,1.205e-07,0.007767,0.01221
sphere3-d10,3,Float32,165,GramSolver,c,3.0,3,gap,true,0,true,2.172e+04,0,0.435,8.872e-08,1.039e-07,1.205e-07,0.007767,0.01221
sphere3-d10,3,Float32,165,GramSolver,c,5.0,3,gap,true,0,true,1.303e+04,0,0.435,8.872e-08,1.039e-07,1.205e-07,0.007767,0.01221
sphere3-d10,3,Float32,165,GramSolver,c,10.0,3,gap,true,0,true,6516,0,0.435,8.872e-08,1.039e-07,1.205e-07,0.007767,0.01221
sphere3-d10,3,Float32,165,GramSolver,c,20.0,3,gap,true,0,true,3258,0,0.435,8.872e-08,1.039e-07,1.205e-07,0.007767,0.01221
sphere3-d10,3,Float32,165,GramSolver,c,30.0,3,gap,true,0,true,2172,0,0.435,8.872e-08,1.039e-07,1.205e-07,0.007767,0.01221
sphere3-d10,3,Float32,165,GramSolver,c,100.0,3,gap,true,0,true,651.6,0,0.435,8.872e-08,1.039e-07,1.205e-07,0.007767,0.01221
sphere3-d10,3,Float32,165,GramSolver,c,300.0,3,gap,true,0,true,217.2,0,0.435,8.872e-08,1.039e-07,1.205e-07,0.007767,0.01221
sphere3-d10,3,Float32,165,GramSolver,c,1000.0,3,threshold,false,0,true,65.16,0,0.435,8.872e-08,1.039e-07,1.205e-07,0.007767,0.01221
sphere3-d10,3,Float32,165,GramSolver,c,10000.0,3,threshold,false,0,true,6.516,0,0.435,8.872e-08,1.039e-07,1.205e-07,0.007767,0.01221
sphere3-d10,3,Float32,165,GramSolver,tol,0.001,3,gap,true,0,true,1.303e+04,0,0.435,8.872e-08,1.039e-07,1.205e-07,0.007767,0.01221
sphere3-d10,3,Float32,165,GramSolver,tol,0.0001,3,gap,true,0,true,1.303e+04,0,0.435,8.872e-08,1.039e-07,1.205e-07,0.007767,0.01221
sphere3-d10,3,Float32,165,GramSolver,tol,1.0e-5,3,gap,true,0,true,1.303e+04,0,0.435,8.872e-08,1.039e-07,1.205e-07,0.007767,0.01221
sphere3-d10,3,Float32,165,GramSolver,tol,1.0e-6,3,gap,true,0,true,1.303e+04,0,0.435,8.872e-08,1.039e-07,1.205e-07,0.007767,0.01221
sphere3-d10,3,Float32,165,GramSolver,tol,1.0e-7,3,gap,true,0,true,1.303e+04,0,0.435,8.872e-08,1.039e-07,1.205e-07,0.007767,0.01221
sphere3-d10,3,Float32,165,GramSolver,tol,1.0e-8,3,gap,true,0,true,1.303e+04,0,0.435,8.872e-08,1.039e-07,1.205e-07,0.007767,0.01221
sphere3-d10,3,Float32,165,GramSolver,tol,1.0e-9,3,gap,true,0,true,1.303e+04,0,0.435,8.872e-08,1.039e-07,1.205e-07,0.007767,0.01221
sphere3-d10,3,Float32,165,ArpackSolver,c,1.0,1,threshold,false,0,true,1.307,0,1.198,3.211e-08,1.558e-07,2.192e-07,0.007767,0.01221
sphere3-d10,3,Float32,165,ArpackSolver,c,2.0,3,gap,true,0,true,3.258e+04,0,1.198,3.211e-08,1.558e-07,2.192e-07,0.007767,0.01221
sphere3-d10,3,Float32,165,ArpackSolver,c,3.0,3,gap,true,0,true,2.172e+04,0,1.198,3.211e-08,1.558e-07,2.192e-07,0.007767,0.01221
sphere3-d10,3,Float32,165,ArpackSolver,c,5.0,3,gap,true,0,true,1.303e+04,0,1.198,3.211e-08,1.558e-07,2.192e-07,0.007767,0.01221
sphere3-d10,3,Float32,165,ArpackSolver,c,10.0,3,gap,true,0,true,6516,0,1.198,3.211e-08,1.558e-07,2.192e-07,0.007767,0.01221
sphere3-d10,3,Float32,165,ArpackSolver,c,20.0,3,gap,true,0,true,3258,0,1.198,3.211e-08,1.558e-07,2.192e-07,0.007767,0.01221
sphere3-d10,3,Float32,165,ArpackSolver,c,30.0,3,gap,true,0,true,2172,0,1.198,3.211e-08,1.558e-07,2.192e-07,0.007767,0.01221
sphere3-d10,3,Float32,165,ArpackSolver,c,100.0,3,gap,true,0,true,651.6,0,1.198,3.211e-08,1.558e-07,2.192e-07,0.007767,0.01221
sphere3-d10,3,Float32,165,ArpackSolver,c,300.0,3,gap,true,0,true,217.2,0,1.198,3.211e-08,1.558e-07,2.192e-07,0.007767,0.01221
sphere3-d10,3,Float32,165,ArpackSolver,c,1000.0,3,threshold,false,0,true,65.16,0,1.198,3.211e-08,1.558e-07,2.192e-07,0.007767,0.01221
sphere3-d10,3,Float32,165,ArpackSolver,c,10000.0,3,threshold,false,0,true,6.516,0,1.198,3.211e-08,1.558e-07,2.192e-07,0.007767,0.01221
sphere3-d10,3,Float32,165,ArpackSolver,tol,0.001,3,gap,true,0,true,1.303e+04,0,1.198,3.211e-08,1.558e-07,2.192e-07,0.007767,0.01221
sphere3-d10,3,Float32,165,ArpackSolver,tol,0.0001,3,gap,true,0,true,1.303e+04,0,1.198,3.211e-08,1.558e-07,2.192e-07,0.007767,0.01221
sphere3-d10,3,Float32,165,ArpackSolver,tol,1.0e-5,3,gap,true,0,true,1.303e+04,0,1.198,3.211e-08,1.558e-07,2.192e-07,0.007767,0.01221
sphere3-d10,3,Float32,165,ArpackSolver,tol,1.0e-6,3,gap,true,0,true,1.303e+04,0,1.198,3.211e-08,1.558e-07,2.192e-07,0.007767,0.01221
sphere3-d10,3,Float32,165,ArpackSolver,tol,1.0e-7,3,gap,true,0,true,1.303e+04,0,1.198,3.211e-08,1.558e-07,2.192e-07,0.007767,0.01221
sphere3-d10,3,Float32,165,ArpackSolver,tol,1.0e-8,3,gap,true,0,true,1.303e+04,0,1.198,3.211e-08,1.558e-07,2.192e-07,0.007767,0.01221
sphere3-d10,3,Float32,165,ArpackSolver,tol,1.0e-9,3,gap,true,0,true,1.303e+04,0,1.198,3.211e-08,1.558e-07,2.192e-07,0.007767,0.01221
sphere3-d10,3,Float32,165,KrylovSolver,c,1.0,3,gap,true,0,true,6.516e+04,0,3.493,2.7e-08,3.198e-08,4.316e-08,0.007767,0.01221
sphere3-d10,3,Float32,165,KrylovSolver,c,2.0,3,gap,true,0,true,3.258e+04,0,3.493,2.7e-08,3.198e-08,4.316e-08,0.007767,0.01221
sphere3-d10,3,Float32,165,KrylovSolver,c,3.0,3,gap,true,0,true,2.172e+04,0,3.493,2.7e-08,3.198e-08,4.316e-08,0.007767,0.01221
sphere3-d10,3,Float32,165,KrylovSolver,c,5.0,3,gap,true,0,true,1.303e+04,0,3.493,2.7e-08,3.198e-08,4.316e-08,0.007767,0.01221
sphere3-d10,3,Float32,165,KrylovSolver,c,10.0,3,gap,true,0,true,6516,0,3.493,2.7e-08,3.198e-08,4.316e-08,0.007767,0.01221
sphere3-d10,3,Float32,165,KrylovSolver,c,20.0,3,gap,true,0,true,3258,0,3.493,2.7e-08,3.198e-08,4.316e-08,0.007767,0.01221
sphere3-d10,3,Float32,165,KrylovSolver,c,30.0,3,gap,true,0,true,2172,0,3.493,2.7e-08,3.198e-08,4.316e-08,0.007767,0.01221
sphere3-d10,3,Float32,165,KrylovSolver,c,100.0,3,gap,true,0,true,651.6,0,3.493,2.7e-08,3.198e-08,4.316e-08,0.007767,0.01221
sphere3-d10,3,Float32,165,KrylovSolver,c,300.0,3,gap,true,0,true,217.2,0,3.493,2.7e-08,3.198e-08,4.316e-08,0.007767,0.01221
sphere3-d10,3,Float32,165,KrylovSolver,c,1000.0,3,threshold,false,0,true,65.16,0,3.493,2.7e-08,3.198e-08,4.316e-08,0.007767,0.01221
sphere3-d10,3,Float32,165,KrylovSolver,c,10000.0,3,threshold,false,0,true,6.516,0,3.493,2.7e-08,3.198e-08,4.316e-08,0.007767,0.01221
sphere3-d10,3,Float32,165,KrylovSolver,tol,0.001,3,gap,true,0,true,1.303e+04,0,3.493,2.7e-08,3.198e-08,4.316e-08,0.007767,0.01221
sphere3-d10,3,Float32,165,KrylovSolver,tol,0.0001,3,gap,true,0,true,1.303e+04,0,3.493,2.7e-08,3.198e-08,4.316e-08,0.007767,0.01221
sphere3-d10,3,Float32,165,KrylovSolver,tol,1.0e-5,3,gap,true,0,true,1.303e+04,0,3.493,2.7e-08,3.198e-08,4.316e-08,0.007767,0.01221
sphere3-d10,3,Float32,165,KrylovSolver,tol,1.0e-6,3,gap,true,0,true,1.303e+04,0,3.493,2.7e-08,3.198e-08,4.316e-08,0.007767,0.01221
sphere3-d10,3,Float32,165,KrylovSolver,tol,1.0e-7,3,gap,true,0,true,1.303e+04,0,3.493,2.7e-08,3.198e-08,4.316e-08,0.007767,0.01221
sphere3-d10,3,Float32,165,KrylovSolver,tol,1.0e-8,3,gap,true,0,true,1.303e+04,0,3.493,2.7e-08,3.198e-08,4.316e-08,0.007767,0.01221
sphere3-d10,3,Float32,165,KrylovSolver,tol,1.0e-9,3,gap,true,0,true,1.303e+04,0,3.493,2.7e-08,3.198e-08,4.316e-08,0.007767,0.01221
sphere3-d10,3,Float16,165,SVDSolver,c,1.0,2,threshold,false,1,true,2.032,0,0.003,3.807e-08,4.148e-08,2.422e-07,0.007768,0.01221
sphere3-d10,3,Float16,165,SVDSolver,c,2.0,2,threshold,false,1,true,1.016,0,0.003,3.807e-08,4.148e-08,2.422e-07,0.007768,0.01221
sphere3-d10,3,Float16,165,SVDSolver,c,3.0,3,gap,true,0,true,2.172e+04,0,0.003,3.807e-08,4.148e-08,2.422e-07,0.007768,0.01221
sphere3-d10,3,Float16,165,SVDSolver,c,5.0,3,gap,true,0,true,1.303e+04,0,0.003,3.807e-08,4.148e-08,2.422e-07,0.007768,0.01221
sphere3-d10,3,Float16,165,SVDSolver,c,10.0,3,gap,true,0,true,6516,0,0.003,3.807e-08,4.148e-08,2.422e-07,0.007768,0.01221
sphere3-d10,3,Float16,165,SVDSolver,c,20.0,3,gap,true,0,true,3258,0,0.003,3.807e-08,4.148e-08,2.422e-07,0.007768,0.01221
sphere3-d10,3,Float16,165,SVDSolver,c,30.0,3,gap,true,0,true,2172,0,0.003,3.807e-08,4.148e-08,2.422e-07,0.007768,0.01221
sphere3-d10,3,Float16,165,SVDSolver,c,100.0,3,gap,true,0,true,651.6,0,0.003,3.807e-08,4.148e-08,2.422e-07,0.007768,0.01221
sphere3-d10,3,Float16,165,SVDSolver,c,300.0,3,gap,true,0,true,217.2,0,0.003,3.807e-08,4.148e-08,2.422e-07,0.007768,0.01221
sphere3-d10,3,Float16,165,SVDSolver,c,1000.0,3,threshold,false,0,true,65.16,0,0.003,3.807e-08,4.148e-08,2.422e-07,0.007768,0.01221
sphere3-d10,3,Float16,165,SVDSolver,c,10000.0,3,threshold,false,0,true,6.516,0,0.003,3.807e-08,4.148e-08,2.422e-07,0.007768,0.01221
sphere3-d10,3,Float16,165,SVDSolver,tol,0.001,3,gap,true,0,true,1.303e+04,0,0.003,3.807e-08,4.148e-08,2.422e-07,0.007768,0.01221
sphere3-d10,3,Float16,165,SVDSolver,tol,0.0001,3,gap,true,0,true,1.303e+04,0,0.003,3.807e-08,4.148e-08,2.422e-07,0.007768,0.01221
sphere3-d10,3,Float16,165,SVDSolver,tol,1.0e-5,3,gap,true,0,true,1.303e+04,0,0.003,3.807e-08,4.148e-08,2.422e-07,0.007768,0.01221
sphere3-d10,3,Float16,165,SVDSolver,tol,1.0e-6,3,gap,true,0,true,1.303e+04,0,0.003,3.807e-08,4.148e-08,2.422e-07,0.007768,0.01221
sphere3-d10,3,Float16,165,SVDSolver,tol,1.0e-7,3,gap,true,0,true,1.303e+04,0,0.003,3.807e-08,4.148e-08,2.422e-07,0.007768,0.01221
sphere3-d10,3,Float16,165,SVDSolver,tol,1.0e-8,3,gap,true,0,true,1.303e+04,0,0.003,3.807e-08,4.148e-08,2.422e-07,0.007768,0.01221
sphere3-d10,3,Float16,165,SVDSolver,tol,1.0e-9,3,gap,true,0,true,1.303e+04,0,0.003,3.807e-08,4.148e-08,2.422e-07,0.007768,0.01221
sphere3-d10,3,Float16,165,GramSolver,c,1.0,3,gap,true,0,true,6.516e+04,0,0.002,7.443e-08,8.752e-08,1.038e-07,0.007768,0.01221
sphere3-d10,3,Float16,165,GramSolver,c,2.0,3,gap,true,0,true,3.258e+04,0,0.002,7.443e-08,8.752e-08,1.038e-07,0.007768,0.01221
sphere3-d10,3,Float16,165,GramSolver,c,3.0,3,gap,true,0,true,2.172e+04,0,0.002,7.443e-08,8.752e-08,1.038e-07,0.007768,0.01221
sphere3-d10,3,Float16,165,GramSolver,c,5.0,3,gap,true,0,true,1.303e+04,0,0.002,7.443e-08,8.752e-08,1.038e-07,0.007768,0.01221
sphere3-d10,3,Float16,165,GramSolver,c,10.0,3,gap,true,0,true,6516,0,0.002,7.443e-08,8.752e-08,1.038e-07,0.007768,0.01221
sphere3-d10,3,Float16,165,GramSolver,c,20.0,3,gap,true,0,true,3258,0,0.002,7.443e-08,8.752e-08,1.038e-07,0.007768,0.01221
sphere3-d10,3,Float16,165,GramSolver,c,30.0,3,gap,true,0,true,2172,0,0.002,7.443e-08,8.752e-08,1.038e-07,0.007768,0.01221
sphere3-d10,3,Float16,165,GramSolver,c,100.0,3,gap,true,0,true,651.6,0,0.002,7.443e-08,8.752e-08,1.038e-07,0.007768,0.01221
sphere3-d10,3,Float16,165,GramSolver,c,300.0,3,gap,true,0,true,217.2,0,0.002,7.443e-08,8.752e-08,1.038e-07,0.007768,0.01221
sphere3-d10,3,Float16,165,GramSolver,c,1000.0,3,threshold,false,0,true,65.16,0,0.002,7.443e-08,8.752e-08,1.038e-07,0.007768,0.01221
sphere3-d10,3,Float16,165,GramSolver,c,10000.0,3,threshold,false,0,true,6.516,0,0.002,7.443e-08,8.752e-08,1.038e-07,0.007768,0.01221
sphere3-d10,3,Float16,165,GramSolver,tol,0.001,3,gap,true,0,true,1.303e+04,0,0.002,7.443e-08,8.752e-08,1.038e-07,0.007768,0.01221
sphere3-d10,3,Float16,165,GramSolver,tol,0.0001,3,gap,true,0,true,1.303e+04,0,0.002,7.443e-08,8.752e-08,1.038e-07,0.007768,0.01221
sphere3-d10,3,Float16,165,GramSolver,tol,1.0e-5,3,gap,true,0,true,1.303e+04,0,0.002,7.443e-08,8.752e-08,1.038e-07,0.007768,0.01221
sphere3-d10,3,Float16,165,GramSolver,tol,1.0e-6,3,gap,true,0,true,1.303e+04,0,0.002,7.443e-08,8.752e-08,1.038e-07,0.007768,0.01221
sphere3-d10,3,Float16,165,GramSolver,tol,1.0e-7,3,gap,true,0,true,1.303e+04,0,0.002,7.443e-08,8.752e-08,1.038e-07,0.007768,0.01221
sphere3-d10,3,Float16,165,GramSolver,tol,1.0e-8,3,gap,true,0,true,1.303e+04,0,0.002,7.443e-08,8.752e-08,1.038e-07,0.007768,0.01221
sphere3-d10,3,Float16,165,GramSolver,tol,1.0e-9,3,gap,true,0,true,1.303e+04,0,0.002,7.443e-08,8.752e-08,1.038e-07,0.007768,0.01221
sphere3-d10,3,Float16,165,ArpackSolver,c,1.0,2,threshold,false,1,true,1.576,0,0.004,6.171e-08,9.133e-08,1.878e-07,0.007768,0.01221
sphere3-d10,3,Float16,165,ArpackSolver,c,2.0,3,gap,true,0,true,3.258e+04,0,0.004,6.171e-08,9.133e-08,1.878e-07,0.007768,0.01221
sphere3-d10,3,Float16,165,ArpackSolver,c,3.0,3,gap,true,0,true,2.172e+04,0,0.004,6.171e-08,9.133e-08,1.878e-07,0.007768,0.01221
sphere3-d10,3,Float16,165,ArpackSolver,c,5.0,3,gap,true,0,true,1.303e+04,0,0.004,6.171e-08,9.133e-08,1.878e-07,0.007768,0.01221
sphere3-d10,3,Float16,165,ArpackSolver,c,10.0,3,gap,true,0,true,6516,0,0.004,6.171e-08,9.133e-08,1.878e-07,0.007768,0.01221
sphere3-d10,3,Float16,165,ArpackSolver,c,20.0,3,gap,true,0,true,3258,0,0.004,6.171e-08,9.133e-08,1.878e-07,0.007768,0.01221
sphere3-d10,3,Float16,165,ArpackSolver,c,30.0,3,gap,true,0,true,2172,0,0.004,6.171e-08,9.133e-08,1.878e-07,0.007768,0.01221
sphere3-d10,3,Float16,165,ArpackSolver,c,100.0,3,gap,true,0,true,651.6,0,0.004,6.171e-08,9.133e-08,1.878e-07,0.007768,0.01221
sphere3-d10,3,Float16,165,ArpackSolver,c,300.0,3,gap,true,0,true,217.2,0,0.004,6.171e-08,9.133e-08,1.878e-07,0.007768,0.01221
sphere3-d10,3,Float16,165,ArpackSolver,c,1000.0,3,threshold,false,0,true,65.16,0,0.004,6.171e-08,9.133e-08,1.878e-07,0.007768,0.01221
sphere3-d10,3,Float16,165,ArpackSolver,c,10000.0,3,threshold,false,0,true,6.516,0,0.004,6.171e-08,9.133e-08,1.878e-07,0.007768,0.01221
sphere3-d10,3,Float16,165,ArpackSolver,tol,0.001,3,gap,true,0,true,1.303e+04,0,0.004,6.171e-08,9.133e-08,1.878e-07,0.007768,0.01221
sphere3-d10,3,Float16,165,ArpackSolver,tol,0.0001,3,gap,true,0,true,1.303e+04,0,0.004,6.171e-08,9.133e-08,1.878e-07,0.007768,0.01221
sphere3-d10,3,Float16,165,ArpackSolver,tol,1.0e-5,3,gap,true,0,true,1.303e+04,0,0.004,6.171e-08,9.133e-08,1.878e-07,0.007768,0.01221
sphere3-d10,3,Float16,165,ArpackSolver,tol,1.0e-6,3,gap,true,0,true,1.303e+04,0,0.004,6.171e-08,9.133e-08,1.878e-07,0.007768,0.01221
sphere3-d10,3,Float16,165,ArpackSolver,tol,1.0e-7,3,gap,true,0,true,1.303e+04,0,0.004,6.171e-08,9.133e-08,1.878e-07,0.007768,0.01221
sphere3-d10,3,Float16,165,ArpackSolver,tol,1.0e-8,3,gap,true,0,true,1.303e+04,0,0.004,6.171e-08,9.133e-08,1.878e-07,0.007768,0.01221
sphere3-d10,3,Float16,165,ArpackSolver,tol,1.0e-9,3,gap,true,0,true,1.303e+04,0,0.004,6.171e-08,9.133e-08,1.878e-07,0.007768,0.01221
sphere3-d10,3,Float16,165,KrylovSolver,c,1.0,3,gap,true,0,true,6.516e+04,0,0.002,4.393e-09,3.804e-08,6.578e-08,0.007768,0.01221
sphere3-d10,3,Float16,165,KrylovSolver,c,2.0,3,gap,true,0,true,3.258e+04,0,0.002,4.393e-09,3.804e-08,6.578e-08,0.007768,0.01221
sphere3-d10,3,Float16,165,KrylovSolver,c,3.0,3,gap,true,0,true,2.172e+04,0,0.002,4.393e-09,3.804e-08,6.578e-08,0.007768,0.01221
sphere3-d10,3,Float16,165,KrylovSolver,c,5.0,3,gap,true,0,true,1.303e+04,0,0.002,4.393e-09,3.804e-08,6.578e-08,0.007768,0.01221
sphere3-d10,3,Float16,165,KrylovSolver,c,10.0,3,gap,true,0,true,6516,0,0.002,4.393e-09,3.804e-08,6.578e-08,0.007768,0.01221
sphere3-d10,3,Float16,165,KrylovSolver,c,20.0,3,gap,true,0,true,3258,0,0.002,4.393e-09,3.804e-08,6.578e-08,0.007768,0.01221
sphere3-d10,3,Float16,165,KrylovSolver,c,30.0,3,gap,true,0,true,2172,0,0.002,4.393e-09,3.804e-08,6.578e-08,0.007768,0.01221
sphere3-d10,3,Float16,165,KrylovSolver,c,100.0,3,gap,true,0,true,651.6,0,0.002,4.393e-09,3.804e-08,6.578e-08,0.007768,0.01221
sphere3-d10,3,Float16,165,KrylovSolver,c,300.0,3,gap,true,0,true,217.2,0,0.002,4.393e-09,3.804e-08,6.578e-08,0.007768,0.01221
sphere3-d10,3,Float16,165,KrylovSolver,c,1000.0,3,threshold,false,0,true,65.16,0,0.002,4.393e-09,3.804e-08,6.578e-08,0.007768,0.01221
sphere3-d10,3,Float16,165,KrylovSolver,c,10000.0,3,threshold,false,0,true,6.516,0,0.002,4.393e-09,3.804e-08,6.578e-08,0.007768,0.01221
sphere3-d10,3,Float16,165,KrylovSolver,tol,0.001,3,gap,true,0,true,1.303e+04,0,0.002,4.393e-09,3.804e-08,6.578e-08,0.007768,0.01221
sphere3-d10,3,Float16,165,KrylovSolver,tol,0.0001,3,gap,true,0,true,1.303e+04,0,0.002,4.393e-09,3.804e-08,6.578e-08,0.007768,0.01221
sphere3-d10,3,Float16,165,KrylovSolver,tol,1.0e-5,3,gap,true,0,true,1.303e+04,0,0.002,4.393e-09,3.804e-08,6.578e-08,0.007768,0.01221
sphere3-d10,3,Float16,165,KrylovSolver,tol,1.0e-6,3,gap,true,0,true,1.303e+04,0,0.002,4.393e-09,3.804e-08,6.578e-08,0.007768,0.01221
sphere3-d10,3,Float16,165,KrylovSolver,tol,1.0e-7,3,gap,true,0,true,1.303e+04,0,0.002,4.393e-09,3.804e-08,6.578e-08,0.007768,0.01221
sphere3-d10,3,Float16,165,KrylovSolver,tol,1.0e-8,3,gap,true,0,true,1.303e+04,0,0.002,4.393e-09,3.804e-08,6.578e-08,0.007768,0.01221
sphere3-d10,3,Float16,165,KrylovSolver,tol,1.0e-9,3,gap,true,0,true,1.303e+04,0,0.002,4.393e-09,3.804e-08,6.578e-08,0.007768,0.01221
sphere3-d16,3,Float64,408,SVDSolver,c,1.0,3,gap,true,0,true,6.601e+12,0,0.036,3.241e-17,5.877e-17,1.442e-16,0.001466,0.006921
sphere3-d16,3,Float64,408,SVDSolver,c,2.0,3,gap,true,0,true,3.301e+12,0,0.036,3.241e-17,5.877e-17,1.442e-16,0.001466,0.006921
sphere3-d16,3,Float64,408,SVDSolver,c,3.0,3,gap,true,0,true,2.2e+12,0,0.036,3.241e-17,5.877e-17,1.442e-16,0.001466,0.006921
sphere3-d16,3,Float64,408,SVDSolver,c,5.0,3,gap,true,0,true,1.32e+12,0,0.036,3.241e-17,5.877e-17,1.442e-16,0.001466,0.006921
sphere3-d16,3,Float64,408,SVDSolver,c,10.0,3,gap,true,0,true,6.601e+11,0,0.036,3.241e-17,5.877e-17,1.442e-16,0.001466,0.006921
sphere3-d16,3,Float64,408,SVDSolver,c,20.0,3,gap,true,0,true,3.301e+11,0,0.036,3.241e-17,5.877e-17,1.442e-16,0.001466,0.006921
sphere3-d16,3,Float64,408,SVDSolver,c,30.0,3,gap,true,0,true,2.2e+11,0,0.036,3.241e-17,5.877e-17,1.442e-16,0.001466,0.006921
sphere3-d16,3,Float64,408,SVDSolver,c,100.0,3,gap,true,0,true,6.601e+10,0,0.036,3.241e-17,5.877e-17,1.442e-16,0.001466,0.006921
sphere3-d16,3,Float64,408,SVDSolver,c,300.0,3,gap,true,0,true,2.2e+10,0,0.036,3.241e-17,5.877e-17,1.442e-16,0.001466,0.006921
sphere3-d16,3,Float64,408,SVDSolver,c,1000.0,3,gap,true,0,true,6.601e+09,0,0.036,3.241e-17,5.877e-17,1.442e-16,0.001466,0.006921
sphere3-d16,3,Float64,408,SVDSolver,c,10000.0,3,gap,true,0,true,6.601e+08,0,0.036,3.241e-17,5.877e-17,1.442e-16,0.001466,0.006921
sphere3-d16,3,Float64,408,SVDSolver,tol,0.001,3,gap,true,0,true,1.32e+12,0,0.036,3.241e-17,5.877e-17,1.442e-16,0.001466,0.006921
sphere3-d16,3,Float64,408,SVDSolver,tol,0.0001,3,gap,true,0,true,1.32e+12,0,0.036,3.241e-17,5.877e-17,1.442e-16,0.001466,0.006921
sphere3-d16,3,Float64,408,SVDSolver,tol,1.0e-5,3,gap,true,0,true,1.32e+12,0,0.036,3.241e-17,5.877e-17,1.442e-16,0.001466,0.006921
sphere3-d16,3,Float64,408,SVDSolver,tol,1.0e-6,3,gap,true,0,true,1.32e+12,0,0.036,3.241e-17,5.877e-17,1.442e-16,0.001466,0.006921
sphere3-d16,3,Float64,408,SVDSolver,tol,1.0e-7,3,gap,true,0,true,1.32e+12,0,0.036,3.241e-17,5.877e-17,1.442e-16,0.001466,0.006921
sphere3-d16,3,Float64,408,SVDSolver,tol,1.0e-8,3,gap,true,0,true,1.32e+12,0,0.036,3.241e-17,5.877e-17,1.442e-16,0.001466,0.006921
sphere3-d16,3,Float64,408,SVDSolver,tol,1.0e-9,3,gap,true,0,true,1.32e+12,0,0.036,3.241e-17,5.877e-17,1.442e-16,0.001466,0.006921
sphere3-d16,3,Float64,408,GramSolver,c,1.0,3,gap,true,0,false,5.343e+12,0,0.016,2.327e-16,2.721e-16,2.744e-16,0.001466,0.006921
sphere3-d16,3,Float64,408,GramSolver,c,2.0,3,gap,true,0,true,3.301e+12,0,0.016,2.327e-16,2.721e-16,2.744e-16,0.001466,0.006921
sphere3-d16,3,Float64,408,GramSolver,c,3.0,3,gap,true,0,true,2.2e+12,0,0.016,2.327e-16,2.721e-16,2.744e-16,0.001466,0.006921
sphere3-d16,3,Float64,408,GramSolver,c,5.0,3,gap,true,0,true,1.32e+12,0,0.016,2.327e-16,2.721e-16,2.744e-16,0.001466,0.006921
sphere3-d16,3,Float64,408,GramSolver,c,10.0,3,gap,true,0,true,6.601e+11,0,0.016,2.327e-16,2.721e-16,2.744e-16,0.001466,0.006921
sphere3-d16,3,Float64,408,GramSolver,c,20.0,3,gap,true,0,true,3.301e+11,0,0.016,2.327e-16,2.721e-16,2.744e-16,0.001466,0.006921
sphere3-d16,3,Float64,408,GramSolver,c,30.0,3,gap,true,0,true,2.2e+11,0,0.016,2.327e-16,2.721e-16,2.744e-16,0.001466,0.006921
sphere3-d16,3,Float64,408,GramSolver,c,100.0,3,gap,true,0,true,6.601e+10,0,0.016,2.327e-16,2.721e-16,2.744e-16,0.001466,0.006921
sphere3-d16,3,Float64,408,GramSolver,c,300.0,3,gap,true,0,true,2.2e+10,0,0.016,2.327e-16,2.721e-16,2.744e-16,0.001466,0.006921
sphere3-d16,3,Float64,408,GramSolver,c,1000.0,3,gap,true,0,true,6.601e+09,0,0.016,2.327e-16,2.721e-16,2.744e-16,0.001466,0.006921
sphere3-d16,3,Float64,408,GramSolver,c,10000.0,3,gap,true,0,true,6.601e+08,0,0.016,2.327e-16,2.721e-16,2.744e-16,0.001466,0.006921
sphere3-d16,3,Float64,408,GramSolver,tol,0.001,3,gap,true,0,true,1.32e+12,0,0.016,2.327e-16,2.721e-16,2.744e-16,0.001466,0.006921
sphere3-d16,3,Float64,408,GramSolver,tol,0.0001,3,gap,true,0,true,1.32e+12,0,0.016,2.327e-16,2.721e-16,2.744e-16,0.001466,0.006921
sphere3-d16,3,Float64,408,GramSolver,tol,1.0e-5,3,gap,true,0,true,1.32e+12,0,0.016,2.327e-16,2.721e-16,2.744e-16,0.001466,0.006921
sphere3-d16,3,Float64,408,GramSolver,tol,1.0e-6,3,gap,true,0,true,1.32e+12,0,0.016,2.327e-16,2.721e-16,2.744e-16,0.001466,0.006921
sphere3-d16,3,Float64,408,GramSolver,tol,1.0e-7,3,gap,true,0,true,1.32e+12,0,0.016,2.327e-16,2.721e-16,2.744e-16,0.001466,0.006921
sphere3-d16,3,Float64,408,GramSolver,tol,1.0e-8,3,gap,true,0,true,1.32e+12,0,0.016,2.327e-16,2.721e-16,2.744e-16,0.001466,0.006921
sphere3-d16,3,Float64,408,GramSolver,tol,1.0e-9,3,gap,true,0,true,1.32e+12,0,0.016,2.327e-16,2.721e-16,2.744e-16,0.001466,0.006921
sphere3-d16,3,Float64,408,ArpackSolver,c,1.0,3,gap,true,0,false,4.046e+12,0,0.027,3.328e-16,3.499e-16,3.623e-16,0.001466,0.006921
sphere3-d16,3,Float64,408,ArpackSolver,c,2.0,3,gap,true,0,true,3.301e+12,0,0.027,3.328e-16,3.499e-16,3.623e-16,0.001466,0.006921
sphere3-d16,3,Float64,408,ArpackSolver,c,3.0,3,gap,true,0,true,2.2e+12,0,0.027,3.328e-16,3.499e-16,3.623e-16,0.001466,0.006921
sphere3-d16,3,Float64,408,ArpackSolver,c,5.0,3,gap,true,0,true,1.32e+12,0,0.027,3.328e-16,3.499e-16,3.623e-16,0.001466,0.006921
sphere3-d16,3,Float64,408,ArpackSolver,c,10.0,3,gap,true,0,true,6.601e+11,0,0.027,3.328e-16,3.499e-16,3.623e-16,0.001466,0.006921
sphere3-d16,3,Float64,408,ArpackSolver,c,20.0,3,gap,true,0,true,3.301e+11,0,0.027,3.328e-16,3.499e-16,3.623e-16,0.001466,0.006921
sphere3-d16,3,Float64,408,ArpackSolver,c,30.0,3,gap,true,0,true,2.2e+11,0,0.027,3.328e-16,3.499e-16,3.623e-16,0.001466,0.006921
sphere3-d16,3,Float64,408,ArpackSolver,c,100.0,3,gap,true,0,true,6.601e+10,0,0.027,3.328e-16,3.499e-16,3.623e-16,0.001466,0.006921
sphere3-d16,3,Float64,408,ArpackSolver,c,300.0,3,gap,true,0,true,2.2e+10,0,0.027,3.328e-16,3.499e-16,3.623e-16,0.001466,0.006921
sphere3-d16,3,Float64,408,ArpackSolver,c,1000.0,3,gap,true,0,true,6.601e+09,0,0.027,3.328e-16,3.499e-16,3.623e-16,0.001466,0.006921
sphere3-d16,3,Float64,408,ArpackSolver,c,10000.0,3,gap,true,0,true,6.601e+08,0,0.027,3.328e-16,3.499e-16,3.623e-16,0.001466,0.006921
sphere3-d16,3,Float64,408,ArpackSolver,tol,0.001,3,gap,true,0,true,1.32e+12,0,0.027,3.328e-16,3.499e-16,3.623e-16,0.001466,0.006921
sphere3-d16,3,Float64,408,ArpackSolver,tol,0.0001,3,gap,true,0,true,1.32e+12,0,0.027,3.328e-16,3.499e-16,3.623e-16,0.001466,0.006921
sphere3-d16,3,Float64,408,ArpackSolver,tol,1.0e-5,3,gap,true,0,true,1.32e+12,0,0.027,3.328e-16,3.499e-16,3.623e-16,0.001466,0.006921
sphere3-d16,3,Float64,408,ArpackSolver,tol,1.0e-6,3,gap,true,0,true,1.32e+12,0,0.027,3.328e-16,3.499e-16,3.623e-16,0.001466,0.006921
sphere3-d16,3,Float64,408,ArpackSolver,tol,1.0e-7,3,gap,true,0,true,1.32e+12,0,0.027,3.328e-16,3.499e-16,3.623e-16,0.001466,0.006921
sphere3-d16,3,Float64,408,ArpackSolver,tol,1.0e-8,3,gap,true,0,true,1.32e+12,0,0.027,3.328e-16,3.499e-16,3.623e-16,0.001466,0.006921
sphere3-d16,3,Float64,408,ArpackSolver,tol,1.0e-9,3,gap,true,0,true,1.32e+12,0,0.027,3.328e-16,3.499e-16,3.623e-16,0.001466,0.006921
sphere3-d16,3,Float64,408,KrylovSolver,c,1.0,3,gap,true,0,true,6.601e+12,0,0.124,2.483e-17,1.426e-16,1.506e-16,0.001466,0.006921
sphere3-d16,3,Float64,408,KrylovSolver,c,2.0,3,gap,true,0,true,3.301e+12,0,0.124,2.483e-17,1.426e-16,1.506e-16,0.001466,0.006921
sphere3-d16,3,Float64,408,KrylovSolver,c,3.0,3,gap,true,0,true,2.2e+12,0,0.124,2.483e-17,1.426e-16,1.506e-16,0.001466,0.006921
sphere3-d16,3,Float64,408,KrylovSolver,c,5.0,3,gap,true,0,true,1.32e+12,0,0.124,2.483e-17,1.426e-16,1.506e-16,0.001466,0.006921
sphere3-d16,3,Float64,408,KrylovSolver,c,10.0,3,gap,true,0,true,6.601e+11,0,0.124,2.483e-17,1.426e-16,1.506e-16,0.001466,0.006921
sphere3-d16,3,Float64,408,KrylovSolver,c,20.0,3,gap,true,0,true,3.301e+11,0,0.124,2.483e-17,1.426e-16,1.506e-16,0.001466,0.006921
sphere3-d16,3,Float64,408,KrylovSolver,c,30.0,3,gap,true,0,true,2.2e+11,0,0.124,2.483e-17,1.426e-16,1.506e-16,0.001466,0.006921
sphere3-d16,3,Float64,408,KrylovSolver,c,100.0,3,gap,true,0,true,6.601e+10,0,0.124,2.483e-17,1.426e-16,1.506e-16,0.001466,0.006921
sphere3-d16,3,Float64,408,KrylovSolver,c,300.0,3,gap,true,0,true,2.2e+10,0,0.124,2.483e-17,1.426e-16,1.506e-16,0.001466,0.006921
sphere3-d16,3,Float64,408,KrylovSolver,c,1000.0,3,gap,true,0,true,6.601e+09,0,0.124,2.483e-17,1.426e-16,1.506e-16,0.001466,0.006921
sphere3-d16,3,Float64,408,KrylovSolver,c,10000.0,3,gap,true,0,true,6.601e+08,0,0.124,2.483e-17,1.426e-16,1.506e-16,0.001466,0.006921
sphere3-d16,3,Float64,408,KrylovSolver,tol,0.001,3,gap,true,0,true,1.32e+12,0,0.124,2.483e-17,1.426e-16,1.506e-16,0.001466,0.006921
sphere3-d16,3,Float64,408,KrylovSolver,tol,0.0001,3,gap,true,0,true,1.32e+12,0,0.124,2.483e-17,1.426e-16,1.506e-16,0.001466,0.006921
sphere3-d16,3,Float64,408,KrylovSolver,tol,1.0e-5,3,gap,true,0,true,1.32e+12,0,0.124,2.483e-17,1.426e-16,1.506e-16,0.001466,0.006921
sphere3-d16,3,Float64,408,KrylovSolver,tol,1.0e-6,3,gap,true,0,true,1.32e+12,0,0.124,2.483e-17,1.426e-16,1.506e-16,0.001466,0.006921
sphere3-d16,3,Float64,408,KrylovSolver,tol,1.0e-7,3,gap,true,0,true,1.32e+12,0,0.124,2.483e-17,1.426e-16,1.506e-16,0.001466,0.006921
sphere3-d16,3,Float64,408,KrylovSolver,tol,1.0e-8,3,gap,true,0,true,1.32e+12,0,0.124,2.483e-17,1.426e-16,1.506e-16,0.001466,0.006921
sphere3-d16,3,Float64,408,KrylovSolver,tol,1.0e-9,3,gap,true,0,true,1.32e+12,0,0.124,2.483e-17,1.426e-16,1.506e-16,0.001466,0.006921
sphere3-d16,3,Float32,408,SVDSolver,c,1.0,3,gap,true,0,true,1.232e+04,0,0.026,6.636e-09,2.547e-08,7.797e-08,0.001469,0.006935
sphere3-d16,3,Float32,408,SVDSolver,c,2.0,3,gap,true,0,true,6161,0,0.026,6.636e-09,2.547e-08,7.797e-08,0.001469,0.006935
sphere3-d16,3,Float32,408,SVDSolver,c,3.0,3,gap,true,0,true,4107,0,0.026,6.636e-09,2.547e-08,7.797e-08,0.001469,0.006935
sphere3-d16,3,Float32,408,SVDSolver,c,5.0,3,gap,true,0,true,2464,0,0.026,6.636e-09,2.547e-08,7.797e-08,0.001469,0.006935
sphere3-d16,3,Float32,408,SVDSolver,c,10.0,3,gap,true,0,true,1232,0,0.026,6.636e-09,2.547e-08,7.797e-08,0.001469,0.006935
sphere3-d16,3,Float32,408,SVDSolver,c,20.0,3,gap,true,0,true,616.1,0,0.026,6.636e-09,2.547e-08,7.797e-08,0.001469,0.006935
sphere3-d16,3,Float32,408,SVDSolver,c,30.0,3,gap,true,0,true,410.7,0,0.026,6.636e-09,2.547e-08,7.797e-08,0.001469,0.006935
sphere3-d16,3,Float32,408,SVDSolver,c,100.0,3,gap,true,0,true,123.2,0,0.026,6.636e-09,2.547e-08,7.797e-08,0.001469,0.006935
sphere3-d16,3,Float32,408,SVDSolver,c,300.0,3,threshold,false,0,true,41.07,0,0.026,6.636e-09,2.547e-08,7.797e-08,0.001469,0.006935
sphere3-d16,3,Float32,408,SVDSolver,c,1000.0,3,threshold,false,0,true,12.32,0,0.026,6.636e-09,2.547e-08,7.797e-08,0.001469,0.006935
sphere3-d16,3,Float32,408,SVDSolver,c,10000.0,3,threshold,false,0,true,1.232,0,0.026,6.636e-09,2.547e-08,7.797e-08,0.001469,0.006935
sphere3-d16,3,Float32,408,SVDSolver,tol,0.001,3,gap,true,0,true,2464,0,0.026,6.636e-09,2.547e-08,7.797e-08,0.001469,0.006935
sphere3-d16,3,Float32,408,SVDSolver,tol,0.0001,3,gap,true,0,true,2464,0,0.026,6.636e-09,2.547e-08,7.797e-08,0.001469,0.006935
sphere3-d16,3,Float32,408,SVDSolver,tol,1.0e-5,3,gap,true,0,true,2464,0,0.026,6.636e-09,2.547e-08,7.797e-08,0.001469,0.006935
sphere3-d16,3,Float32,408,SVDSolver,tol,1.0e-6,3,gap,true,0,true,2464,0,0.026,6.636e-09,2.547e-08,7.797e-08,0.001469,0.006935
sphere3-d16,3,Float32,408,SVDSolver,tol,1.0e-7,3,gap,true,0,true,2464,0,0.026,6.636e-09,2.547e-08,7.797e-08,0.001469,0.006935
sphere3-d16,3,Float32,408,SVDSolver,tol,1.0e-8,3,gap,true,0,true,2464,0,0.026,6.636e-09,2.547e-08,7.797e-08,0.001469,0.006935
sphere3-d16,3,Float32,408,SVDSolver,tol,1.0e-9,3,gap,true,0,true,2464,0,0.026,6.636e-09,2.547e-08,7.797e-08,0.001469,0.006935
sphere3-d16,3,Float32,408,GramSolver,c,1.0,0,threshold,false,0,false,1.47,0,0.012,1.752e-07,1.87e-07,2.316e-07,0.001469,0.006935
sphere3-d16,3,Float32,408,GramSolver,c,2.0,3,gap,true,0,true,6161,0,0.012,1.752e-07,1.87e-07,2.316e-07,0.001469,0.006935
sphere3-d16,3,Float32,408,GramSolver,c,3.0,3,gap,true,0,true,4107,0,0.012,1.752e-07,1.87e-07,2.316e-07,0.001469,0.006935
sphere3-d16,3,Float32,408,GramSolver,c,5.0,3,gap,true,0,true,2464,0,0.012,1.752e-07,1.87e-07,2.316e-07,0.001469,0.006935
sphere3-d16,3,Float32,408,GramSolver,c,10.0,3,gap,true,0,true,1232,0,0.012,1.752e-07,1.87e-07,2.316e-07,0.001469,0.006935
sphere3-d16,3,Float32,408,GramSolver,c,20.0,3,gap,true,0,true,616.1,0,0.012,1.752e-07,1.87e-07,2.316e-07,0.001469,0.006935
sphere3-d16,3,Float32,408,GramSolver,c,30.0,3,gap,true,0,true,410.7,0,0.012,1.752e-07,1.87e-07,2.316e-07,0.001469,0.006935
sphere3-d16,3,Float32,408,GramSolver,c,100.0,3,gap,true,0,true,123.2,0,0.012,1.752e-07,1.87e-07,2.316e-07,0.001469,0.006935
sphere3-d16,3,Float32,408,GramSolver,c,300.0,3,threshold,false,0,true,41.07,0,0.012,1.752e-07,1.87e-07,2.316e-07,0.001469,0.006935
sphere3-d16,3,Float32,408,GramSolver,c,1000.0,3,threshold,false,0,true,12.32,0,0.012,1.752e-07,1.87e-07,2.316e-07,0.001469,0.006935
sphere3-d16,3,Float32,408,GramSolver,c,10000.0,3,threshold,false,0,true,1.232,0,0.012,1.752e-07,1.87e-07,2.316e-07,0.001469,0.006935
sphere3-d16,3,Float32,408,GramSolver,tol,0.001,3,gap,true,0,true,2464,0,0.012,1.752e-07,1.87e-07,2.316e-07,0.001469,0.006935
sphere3-d16,3,Float32,408,GramSolver,tol,0.0001,3,gap,true,0,true,2464,0,0.012,1.752e-07,1.87e-07,2.316e-07,0.001469,0.006935
sphere3-d16,3,Float32,408,GramSolver,tol,1.0e-5,3,gap,true,0,true,2464,0,0.012,1.752e-07,1.87e-07,2.316e-07,0.001469,0.006935
sphere3-d16,3,Float32,408,GramSolver,tol,1.0e-6,3,gap,true,0,true,2464,0,0.012,1.752e-07,1.87e-07,2.316e-07,0.001469,0.006935
sphere3-d16,3,Float32,408,GramSolver,tol,1.0e-7,3,gap,true,0,true,2464,0,0.012,1.752e-07,1.87e-07,2.316e-07,0.001469,0.006935
sphere3-d16,3,Float32,408,GramSolver,tol,1.0e-8,3,gap,true,0,true,2464,0,0.012,1.752e-07,1.87e-07,2.316e-07,0.001469,0.006935
sphere3-d16,3,Float32,408,GramSolver,tol,1.0e-9,3,gap,true,0,true,2464,0,0.012,1.752e-07,1.87e-07,2.316e-07,0.001469,0.006935
sphere3-d16,3,Float32,408,ArpackSolver,c,1.0,2,threshold,false,0,true,1.083,0,0.017,3.629e-09,1.788e-08,1.291e-07,0.001469,0.006935
sphere3-d16,3,Float32,408,ArpackSolver,c,2.0,3,gap,true,0,true,6161,0,0.017,3.629e-09,1.788e-08,1.291e-07,0.001469,0.006935
sphere3-d16,3,Float32,408,ArpackSolver,c,3.0,3,gap,true,0,true,4107,0,0.017,3.629e-09,1.788e-08,1.291e-07,0.001469,0.006935
sphere3-d16,3,Float32,408,ArpackSolver,c,5.0,3,gap,true,0,true,2464,0,0.017,3.629e-09,1.788e-08,1.291e-07,0.001469,0.006935
sphere3-d16,3,Float32,408,ArpackSolver,c,10.0,3,gap,true,0,true,1232,0,0.017,3.629e-09,1.788e-08,1.291e-07,0.001469,0.006935
sphere3-d16,3,Float32,408,ArpackSolver,c,20.0,3,gap,true,0,true,616.1,0,0.017,3.629e-09,1.788e-08,1.291e-07,0.001469,0.006935
sphere3-d16,3,Float32,408,ArpackSolver,c,30.0,3,gap,true,0,true,410.7,0,0.017,3.629e-09,1.788e-08,1.291e-07,0.001469,0.006935
sphere3-d16,3,Float32,408,ArpackSolver,c,100.0,3,gap,true,0,true,123.2,0,0.017,3.629e-09,1.788e-08,1.291e-07,0.001469,0.006935
sphere3-d16,3,Float32,408,ArpackSolver,c,300.0,3,threshold,false,0,true,41.07,0,0.017,3.629e-09,1.788e-08,1.291e-07,0.001469,0.006935
sphere3-d16,3,Float32,408,ArpackSolver,c,1000.0,3,threshold,false,0,true,12.32,0,0.017,3.629e-09,1.788e-08,1.291e-07,0.001469,0.006935
sphere3-d16,3,Float32,408,ArpackSolver,c,10000.0,3,threshold,false,0,true,1.232,0,0.017,3.629e-09,1.788e-08,1.291e-07,0.001469,0.006935
sphere3-d16,3,Float32,408,ArpackSolver,tol,0.001,3,gap,true,0,true,2464,0,0.017,3.629e-09,1.788e-08,1.291e-07,0.001469,0.006935
sphere3-d16,3,Float32,408,ArpackSolver,tol,0.0001,3,gap,true,0,true,2464,0,0.017,3.629e-09,1.788e-08,1.291e-07,0.001469,0.006935
sphere3-d16,3,Float32,408,ArpackSolver,tol,1.0e-5,3,gap,true,0,true,2464,0,0.017,3.629e-09,1.788e-08,1.291e-07,0.001469,0.006935
sphere3-d16,3,Float32,408,ArpackSolver,tol,1.0e-6,3,gap,true,0,true,2464,0,0.017,3.629e-09,1.788e-08,1.291e-07,0.001469,0.006935
sphere3-d16,3,Float32,408,ArpackSolver,tol,1.0e-7,3,gap,true,0,true,2464,0,0.017,3.629e-09,1.788e-08,1.291e-07,0.001469,0.006935
sphere3-d16,3,Float32,408,ArpackSolver,tol,1.0e-8,3,gap,true,0,true,2464,0,0.017,3.629e-09,1.788e-08,1.291e-07,0.001469,0.006935
sphere3-d16,3,Float32,408,ArpackSolver,tol,1.0e-9,3,gap,true,0,true,2464,0,0.017,3.629e-09,1.788e-08,1.291e-07,0.001469,0.006935
sphere3-d16,3,Float32,408,KrylovSolver,c,1.0,2,threshold,false,0,true,1.11,0,0.242,2.006e-09,3.874e-08,1.323e-07,0.001469,0.006935
sphere3-d16,3,Float32,408,KrylovSolver,c,2.0,3,gap,true,0,true,6161,0,0.242,2.006e-09,3.874e-08,1.323e-07,0.001469,0.006935
sphere3-d16,3,Float32,408,KrylovSolver,c,3.0,3,gap,true,0,true,4107,0,0.242,2.006e-09,3.874e-08,1.323e-07,0.001469,0.006935
sphere3-d16,3,Float32,408,KrylovSolver,c,5.0,3,gap,true,0,true,2464,0,0.242,2.006e-09,3.874e-08,1.323e-07,0.001469,0.006935
sphere3-d16,3,Float32,408,KrylovSolver,c,10.0,3,gap,true,0,true,1232,0,0.242,2.006e-09,3.874e-08,1.323e-07,0.001469,0.006935
sphere3-d16,3,Float32,408,KrylovSolver,c,20.0,3,gap,true,0,true,616.1,0,0.242,2.006e-09,3.874e-08,1.323e-07,0.001469,0.006935
sphere3-d16,3,Float32,408,KrylovSolver,c,30.0,3,gap,true,0,true,410.7,0,0.242,2.006e-09,3.874e-08,1.323e-07,0.001469,0.006935
sphere3-d16,3,Float32,408,KrylovSolver,c,100.0,3,gap,true,0,true,123.2,0,0.242,2.006e-09,3.874e-08,1.323e-07,0.001469,0.006935
sphere3-d16,3,Float32,408,KrylovSolver,c,300.0,3,threshold,false,0,true,41.07,0,0.242,2.006e-09,3.874e-08,1.323e-07,0.001469,0.006935
sphere3-d16,3,Float32,408,KrylovSolver,c,1000.0,3,threshold,false,0,true,12.32,0,0.242,2.006e-09,3.874e-08,1.323e-07,0.001469,0.006935
sphere3-d16,3,Float32,408,KrylovSolver,c,10000.0,3,threshold,false,0,true,1.232,0,0.242,2.006e-09,3.874e-08,1.323e-07,0.001469,0.006935
sphere3-d16,3,Float32,408,KrylovSolver,tol,0.001,3,gap,true,0,true,2464,0,0.242,2.006e-09,3.874e-08,1.323e-07,0.001469,0.006935
sphere3-d16,3,Float32,408,KrylovSolver,tol,0.0001,3,gap,true,0,true,2464,0,0.242,2.006e-09,3.874e-08,1.323e-07,0.001469,0.006935
sphere3-d16,3,Float32,408,KrylovSolver,tol,1.0e-5,3,gap,true,0,true,2464,0,0.242,2.006e-09,3.874e-08,1.323e-07,0.001469,0.006935
sphere3-d16,3,Float32,408,KrylovSolver,tol,1.0e-6,3,gap,true,0,true,2464,0,0.242,2.006e-09,3.874e-08,1.323e-07,0.001469,0.006935
sphere3-d16,3,Float32,408,KrylovSolver,tol,1.0e-7,3,gap,true,0,true,2464,0,0.242,2.006e-09,3.874e-08,1.323e-07,0.001469,0.006935
sphere3-d16,3,Float32,408,KrylovSolver,tol,1.0e-8,3,gap,true,0,true,2464,0,0.242,2.006e-09,3.874e-08,1.323e-07,0.001469,0.006935
sphere3-d16,3,Float32,408,KrylovSolver,tol,1.0e-9,3,gap,true,0,true,2464,0,0.242,2.006e-09,3.874e-08,1.323e-07,0.001469,0.006935
sphere3-d16,3,Float16,408,SVDSolver,c,1.0,3,gap,true,0,true,1.232e+04,0,0.026,4.944e-09,1.72e-08,7.766e-08,0.001469,0.006934
sphere3-d16,3,Float16,408,SVDSolver,c,2.0,3,gap,true,0,true,6160,0,0.026,4.944e-09,1.72e-08,7.766e-08,0.001469,0.006934
sphere3-d16,3,Float16,408,SVDSolver,c,3.0,3,gap,true,0,true,4107,0,0.026,4.944e-09,1.72e-08,7.766e-08,0.001469,0.006934
sphere3-d16,3,Float16,408,SVDSolver,c,5.0,3,gap,true,0,true,2464,0,0.026,4.944e-09,1.72e-08,7.766e-08,0.001469,0.006934
sphere3-d16,3,Float16,408,SVDSolver,c,10.0,3,gap,true,0,true,1232,0,0.026,4.944e-09,1.72e-08,7.766e-08,0.001469,0.006934
sphere3-d16,3,Float16,408,SVDSolver,c,20.0,3,gap,true,0,true,616,0,0.026,4.944e-09,1.72e-08,7.766e-08,0.001469,0.006934
sphere3-d16,3,Float16,408,SVDSolver,c,30.0,3,gap,true,0,true,410.7,0,0.026,4.944e-09,1.72e-08,7.766e-08,0.001469,0.006934
sphere3-d16,3,Float16,408,SVDSolver,c,100.0,3,gap,true,0,true,123.2,0,0.026,4.944e-09,1.72e-08,7.766e-08,0.001469,0.006934
sphere3-d16,3,Float16,408,SVDSolver,c,300.0,3,threshold,false,0,true,41.07,0,0.026,4.944e-09,1.72e-08,7.766e-08,0.001469,0.006934
sphere3-d16,3,Float16,408,SVDSolver,c,1000.0,3,threshold,false,0,true,12.32,0,0.026,4.944e-09,1.72e-08,7.766e-08,0.001469,0.006934
sphere3-d16,3,Float16,408,SVDSolver,c,10000.0,3,threshold,false,0,true,1.232,0,0.026,4.944e-09,1.72e-08,7.766e-08,0.001469,0.006934
sphere3-d16,3,Float16,408,SVDSolver,tol,0.001,3,gap,true,0,true,2464,0,0.026,4.944e-09,1.72e-08,7.766e-08,0.001469,0.006934
sphere3-d16,3,Float16,408,SVDSolver,tol,0.0001,3,gap,true,0,true,2464,0,0.026,4.944e-09,1.72e-08,7.766e-08,0.001469,0.006934
sphere3-d16,3,Float16,408,SVDSolver,tol,1.0e-5,3,gap,true,0,true,2464,0,0.026,4.944e-09,1.72e-08,7.766e-08,0.001469,0.006934
sphere3-d16,3,Float16,408,SVDSolver,tol,1.0e-6,3,gap,true,0,true,2464,0,0.026,4.944e-09,1.72e-08,7.766e-08,0.001469,0.006934
sphere3-d16,3,Float16,408,SVDSolver,tol,1.0e-7,3,gap,true,0,true,2464,0,0.026,4.944e-09,1.72e-08,7.766e-08,0.001469,0.006934
sphere3-d16,3,Float16,408,SVDSolver,tol,1.0e-8,3,gap,true,0,true,2464,0,0.026,4.944e-09,1.72e-08,7.766e-08,0.001469,0.006934
sphere3-d16,3,Float16,408,SVDSolver,tol,1.0e-9,3,gap,true,0,true,2464,0,0.026,4.944e-09,1.72e-08,7.766e-08,0.001469,0.006934
sphere3-d16,3,Float16,408,GramSolver,c,1.0,0,threshold,false,3,false,1.544,0,0.012,1.84e-07,1.965e-07,2.199e-07,0.001469,0.006934
sphere3-d16,3,Float16,408,GramSolver,c,2.0,3,gap,true,0,true,6160,0,0.012,1.84e-07,1.965e-07,2.199e-07,0.001469,0.006934
sphere3-d16,3,Float16,408,GramSolver,c,3.0,3,gap,true,0,true,4107,0,0.012,1.84e-07,1.965e-07,2.199e-07,0.001469,0.006934
sphere3-d16,3,Float16,408,GramSolver,c,5.0,3,gap,true,0,true,2464,0,0.012,1.84e-07,1.965e-07,2.199e-07,0.001469,0.006934
sphere3-d16,3,Float16,408,GramSolver,c,10.0,3,gap,true,0,true,1232,0,0.012,1.84e-07,1.965e-07,2.199e-07,0.001469,0.006934
sphere3-d16,3,Float16,408,GramSolver,c,20.0,3,gap,true,0,true,616,0,0.012,1.84e-07,1.965e-07,2.199e-07,0.001469,0.006934
sphere3-d16,3,Float16,408,GramSolver,c,30.0,3,gap,true,0,true,410.7,0,0.012,1.84e-07,1.965e-07,2.199e-07,0.001469,0.006934
sphere3-d16,3,Float16,408,GramSolver,c,100.0,3,gap,true,0,true,123.2,0,0.012,1.84e-07,1.965e-07,2.199e-07,0.001469,0.006934
sphere3-d16,3,Float16,408,GramSolver,c,300.0,3,threshold,false,0,true,41.07,0,0.012,1.84e-07,1.965e-07,2.199e-07,0.001469,0.006934
sphere3-d16,3,Float16,408,GramSolver,c,1000.0,3,threshold,false,0,true,12.32,0,0.012,1.84e-07,1.965e-07,2.199e-07,0.001469,0.006934
sphere3-d16,3,Float16,408,GramSolver,c,10000.0,3,threshold,false,0,true,1.232,0,0.012,1.84e-07,1.965e-07,2.199e-07,0.001469,0.006934
sphere3-d16,3,Float16,408,GramSolver,tol,0.001,3,gap,true,0,true,2464,0,0.012,1.84e-07,1.965e-07,2.199e-07,0.001469,0.006934
sphere3-d16,3,Float16,408,GramSolver,tol,0.0001,3,gap,true,0,true,2464,0,0.012,1.84e-07,1.965e-07,2.199e-07,0.001469,0.006934
sphere3-d16,3,Float16,408,GramSolver,tol,1.0e-5,3,gap,true,0,true,2464,0,0.012,1.84e-07,1.965e-07,2.199e-07,0.001469,0.006934
sphere3-d16,3,Float16,408,GramSolver,tol,1.0e-6,3,gap,true,0,true,2464,0,0.012,1.84e-07,1.965e-07,2.199e-07,0.001469,0.006934
sphere3-d16,3,Float16,408,GramSolver,tol,1.0e-7,3,gap,true,0,true,2464,0,0.012,1.84e-07,1.965e-07,2.199e-07,0.001469,0.006934
sphere3-d16,3,Float16,408,GramSolver,tol,1.0e-8,3,gap,true,0,true,2464,0,0.012,1.84e-07,1.965e-07,2.199e-07,0.001469,0.006934
sphere3-d16,3,Float16,408,GramSolver,tol,1.0e-9,3,gap,true,0,true,2464,0,0.012,1.84e-07,1.965e-07,2.199e-07,0.001469,0.006934
sphere3-d16,3,Float16,408,ArpackSolver,c,1.0,2,threshold,false,1,true,1.054,0,0.017,2.374e-08,1.137e-07,1.256e-07,0.001469,0.006934
sphere3-d16,3,Float16,408,ArpackSolver,c,2.0,3,gap,true,0,true,6160,0,0.017,2.374e-08,1.137e-07,1.256e-07,0.001469,0.006934
sphere3-d16,3,Float16,408,ArpackSolver,c,3.0,3,gap,true,0,true,4107,0,0.017,2.374e-08,1.137e-07,1.256e-07,0.001469,0.006934
sphere3-d16,3,Float16,408,ArpackSolver,c,5.0,3,gap,true,0,true,2464,0,0.017,2.374e-08,1.137e-07,1.256e-07,0.001469,0.006934
sphere3-d16,3,Float16,408,ArpackSolver,c,10.0,3,gap,true,0,true,1232,0,0.017,2.374e-08,1.137e-07,1.256e-07,0.001469,0.006934
sphere3-d16,3,Float16,408,ArpackSolver,c,20.0,3,gap,true,0,true,616,0,0.017,2.374e-08,1.137e-07,1.256e-07,0.001469,0.006934
sphere3-d16,3,Float16,408,ArpackSolver,c,30.0,3,gap,true,0,true,410.7,0,0.017,2.374e-08,1.137e-07,1.256e-07,0.001469,0.006934
sphere3-d16,3,Float16,408,ArpackSolver,c,100.0,3,gap,true,0,true,123.2,0,0.017,2.374e-08,1.137e-07,1.256e-07,0.001469,0.006934
sphere3-d16,3,Float16,408,ArpackSolver,c,300.0,3,threshold,false,0,true,41.07,0,0.017,2.374e-08,1.137e-07,1.256e-07,0.001469,0.006934
sphere3-d16,3,Float16,408,ArpackSolver,c,1000.0,3,threshold,false,0,true,12.32,0,0.017,2.374e-08,1.137e-07,1.256e-07,0.001469,0.006934
sphere3-d16,3,Float16,408,ArpackSolver,c,10000.0,3,threshold,false,0,true,1.232,0,0.017,2.374e-08,1.137e-07,1.256e-07,0.001469,0.006934
sphere3-d16,3,Float16,408,ArpackSolver,tol,0.001,3,gap,true,0,true,2464,0,0.017,2.374e-08,1.137e-07,1.256e-07,0.001469,0.006934
sphere3-d16,3,Float16,408,ArpackSolver,tol,0.0001,3,gap,true,0,true,2464,0,0.017,2.374e-08,1.137e-07,1.256e-07,0.001469,0.006934
sphere3-d16,3,Float16,408,ArpackSolver,tol,1.0e-5,3,gap,true,0,true,2464,0,0.017,2.374e-08,1.137e-07,1.256e-07,0.001469,0.006934
sphere3-d16,3,Float16,408,ArpackSolver,tol,1.0e-6,3,gap,true,0,true,2464,0,0.017,2.374e-08,1.137e-07,1.256e-07,0.001469,0.006934
sphere3-d16,3,Float16,408,ArpackSolver,tol,1.0e-7,3,gap,true,0,true,2464,0,0.017,2.374e-08,1.137e-07,1.256e-07,0.001469,0.006934
sphere3-d16,3,Float16,408,ArpackSolver,tol,1.0e-8,3,gap,true,0,true,2464,0,0.017,2.374e-08,1.137e-07,1.256e-07,0.001469,0.006934
sphere3-d16,3,Float16,408,ArpackSolver,tol,1.0e-9,3,gap,true,0,true,2464,0,0.017,2.374e-08,1.137e-07,1.256e-07,0.001469,0.006934
sphere3-d16,3,Float16,408,KrylovSolver,c,1.0,3,gap,true,0,true,1.232e+04,0,0.043,1.691e-08,5.594e-08,9.588e-08,0.001469,0.006934
sphere3-d16,3,Float16,408,KrylovSolver,c,2.0,3,gap,true,0,true,6160,0,0.043,1.691e-08,5.594e-08,9.588e-08,0.001469,0.006934
sphere3-d16,3,Float16,408,KrylovSolver,c,3.0,3,gap,true,0,true,4107,0,0.043,1.691e-08,5.594e-08,9.588e-08,0.001469,0.006934
sphere3-d16,3,Float16,408,KrylovSolver,c,5.0,3,gap,true,0,true,2464,0,0.043,1.691e-08,5.594e-08,9.588e-08,0.001469,0.006934
sphere3-d16,3,Float16,408,KrylovSolver,c,10.0,3,gap,true,0,true,1232,0,0.043,1.691e-08,5.594e-08,9.588e-08,0.001469,0.006934
sphere3-d16,3,Float16,408,KrylovSolver,c,20.0,3,gap,true,0,true,616,0,0.043,1.691e-08,5.594e-08,9.588e-08,0.001469,0.006934
sphere3-d16,3,Float16,408,KrylovSolver,c,30.0,3,gap,true,0,true,410.7,0,0.043,1.691e-08,5.594e-08,9.588e-08,0.001469,0.006934
sphere3-d16,3,Float16,408,KrylovSolver,c,100.0,3,gap,true,0,true,123.2,0,0.043,1.691e-08,5.594e-08,9.588e-08,0.001469,0.006934
sphere3-d16,3,Float16,408,KrylovSolver,c,300.0,3,threshold,false,0,true,41.07,0,0.043,1.691e-08,5.594e-08,9.588e-08,0.001469,0.006934
sphere3-d16,3,Float16,408,KrylovSolver,c,1000.0,3,threshold,false,0,true,12.32,0,0.043,1.691e-08,5.594e-08,9.588e-08,0.001469,0.006934
sphere3-d16,3,Float16,408,KrylovSolver,c,10000.0,3,threshold,false,0,true,1.232,0,0.043,1.691e-08,5.594e-08,9.588e-08,0.001469,0.006934
sphere3-d16,3,Float16,408,KrylovSolver,tol,0.001,3,gap,true,0,true,2464,0,0.043,1.691e-08,5.594e-08,9.588e-08,0.001469,0.006934
sphere3-d16,3,Float16,408,KrylovSolver,tol,0.0001,3,gap,true,0,true,2464,0,0.043,1.691e-08,5.594e-08,9.588e-08,0.001469,0.006934
sphere3-d16,3,Float16,408,KrylovSolver,tol,1.0e-5,3,gap,true,0,true,2464,0,0.043,1.691e-08,5.594e-08,9.588e-08,0.001469,0.006934
sphere3-d16,3,Float16,408,KrylovSolver,tol,1.0e-6,3,gap,true,0,true,2464,0,0.043,1.691e-08,5.594e-08,9.588e-08,0.001469,0.006934
sphere3-d16,3,Float16,408,KrylovSolver,tol,1.0e-7,3,gap,true,0,true,2464,0,0.043,1.691e-08,5.594e-08,9.588e-08,0.001469,0.006934
sphere3-d16,3,Float16,408,KrylovSolver,tol,1.0e-8,3,gap,true,0,true,2464,0,0.043,1.691e-08,5.594e-08,9.588e-08,0.001469,0.006934
sphere3-d16,3,Float16,408,KrylovSolver,tol,1.0e-9,3,gap,true,0,true,2464,0,0.043,1.691e-08,5.594e-08,9.588e-08,0.001469,0.006934
sphere4-d6,4,Float64,84,SVDSolver,c,1.0,4,gap,true,0,true,6.746e+12,0,0.113,7.04e-17,7.04e-17,7.04e-17,1.507e-16,0.001498
sphere4-d6,4,Float64,84,SVDSolver,c,2.0,4,gap,true,0,true,3.373e+12,0,0.113,7.04e-17,7.04e-17,7.04e-17,1.507e-16,0.001498
sphere4-d6,4,Float64,84,SVDSolver,c,3.0,4,gap,true,0,true,2.249e+12,0,0.113,7.04e-17,7.04e-17,7.04e-17,1.507e-16,0.001498
sphere4-d6,4,Float64,84,SVDSolver,c,5.0,4,gap,true,0,true,1.349e+12,0,0.113,7.04e-17,7.04e-17,7.04e-17,1.507e-16,0.001498
sphere4-d6,4,Float64,84,SVDSolver,c,10.0,4,gap,true,0,true,6.746e+11,0,0.113,7.04e-17,7.04e-17,7.04e-17,1.507e-16,0.001498
sphere4-d6,4,Float64,84,SVDSolver,c,20.0,4,gap,true,0,true,3.373e+11,0,0.113,7.04e-17,7.04e-17,7.04e-17,1.507e-16,0.001498
sphere4-d6,4,Float64,84,SVDSolver,c,30.0,4,gap,true,0,true,2.249e+11,0,0.113,7.04e-17,7.04e-17,7.04e-17,1.507e-16,0.001498
sphere4-d6,4,Float64,84,SVDSolver,c,100.0,4,gap,true,0,true,6.746e+10,0,0.113,7.04e-17,7.04e-17,7.04e-17,1.507e-16,0.001498
sphere4-d6,4,Float64,84,SVDSolver,c,300.0,4,gap,true,0,true,2.249e+10,0,0.113,7.04e-17,7.04e-17,7.04e-17,1.507e-16,0.001498
sphere4-d6,4,Float64,84,SVDSolver,c,1000.0,4,gap,true,0,true,6.746e+09,0,0.113,7.04e-17,7.04e-17,7.04e-17,1.507e-16,0.001498
sphere4-d6,4,Float64,84,SVDSolver,c,10000.0,4,gap,true,0,true,6.746e+08,0,0.113,7.04e-17,7.04e-17,7.04e-17,1.507e-16,0.001498
sphere4-d6,4,Float64,84,SVDSolver,tol,0.001,4,gap,true,0,true,1.349e+12,0,0.113,7.04e-17,7.04e-17,7.04e-17,1.507e-16,0.001498
sphere4-d6,4,Float64,84,SVDSolver,tol,0.0001,4,gap,true,0,true,1.349e+12,0,0.113,7.04e-17,7.04e-17,7.04e-17,1.507e-16,0.001498
sphere4-d6,4,Float64,84,SVDSolver,tol,1.0e-5,4,gap,true,0,true,1.349e+12,0,0.113,7.04e-17,7.04e-17,7.04e-17,1.507e-16,0.001498
sphere4-d6,4,Float64,84,SVDSolver,tol,1.0e-6,4,gap,true,0,true,1.349e+12,0,0.113,7.04e-17,7.04e-17,7.04e-17,1.507e-16,0.001498
sphere4-d6,4,Float64,84,SVDSolver,tol,1.0e-7,4,gap,true,0,true,1.349e+12,0,0.113,7.04e-17,7.04e-17,7.04e-17,1.507e-16,0.001498
sphere4-d6,4,Float64,84,SVDSolver,tol,1.0e-8,4,gap,true,0,true,1.349e+12,0,0.113,7.04e-17,7.04e-17,7.04e-17,1.507e-16,0.001498
sphere4-d6,4,Float64,84,SVDSolver,tol,1.0e-9,4,gap,true,0,true,1.349e+12,0,0.113,7.04e-17,7.04e-17,7.04e-17,1.507e-16,0.001498
sphere4-d6,4,Float64,84,GramSolver,c,1.0,4,gap,true,0,true,6.746e+12,0,0.131,9.415e-17,1.008e-16,1.386e-16,2.004e-16,0.001498
sphere4-d6,4,Float64,84,GramSolver,c,2.0,4,gap,true,0,true,3.373e+12,0,0.131,9.415e-17,1.008e-16,1.386e-16,2.004e-16,0.001498
sphere4-d6,4,Float64,84,GramSolver,c,3.0,4,gap,true,0,true,2.249e+12,0,0.131,9.415e-17,1.008e-16,1.386e-16,2.004e-16,0.001498
sphere4-d6,4,Float64,84,GramSolver,c,5.0,4,gap,true,0,true,1.349e+12,0,0.131,9.415e-17,1.008e-16,1.386e-16,2.004e-16,0.001498
sphere4-d6,4,Float64,84,GramSolver,c,10.0,4,gap,true,0,true,6.746e+11,0,0.131,9.415e-17,1.008e-16,1.386e-16,2.004e-16,0.001498
sphere4-d6,4,Float64,84,GramSolver,c,20.0,4,gap,true,0,true,3.373e+11,0,0.131,9.415e-17,1.008e-16,1.386e-16,2.004e-16,0.001498
sphere4-d6,4,Float64,84,GramSolver,c,30.0,4,gap,true,0,true,2.249e+11,0,0.131,9.415e-17,1.008e-16,1.386e-16,2.004e-16,0.001498
sphere4-d6,4,Float64,84,GramSolver,c,100.0,4,gap,true,0,true,6.746e+10,0,0.131,9.415e-17,1.008e-16,1.386e-16,2.004e-16,0.001498
sphere4-d6,4,Float64,84,GramSolver,c,300.0,4,gap,true,0,true,2.249e+10,0,0.131,9.415e-17,1.008e-16,1.386e-16,2.004e-16,0.001498
sphere4-d6,4,Float64,84,GramSolver,c,1000.0,4,gap,true,0,true,6.746e+09,0,0.131,9.415e-17,1.008e-16,1.386e-16,2.004e-16,0.001498
sphere4-d6,4,Float64,84,GramSolver,c,10000.0,4,gap,true,0,true,6.746e+08,0,0.131,9.415e-17,1.008e-16,1.386e-16,2.004e-16,0.001498
sphere4-d6,4,Float64,84,GramSolver,tol,0.001,4,gap,true,0,true,1.349e+12,0,0.131,9.415e-17,1.008e-16,1.386e-16,2.004e-16,0.001498
sphere4-d6,4,Float64,84,GramSolver,tol,0.0001,4,gap,true,0,true,1.349e+12,0,0.131,9.415e-17,1.008e-16,1.386e-16,2.004e-16,0.001498
sphere4-d6,4,Float64,84,GramSolver,tol,1.0e-5,4,gap,true,0,true,1.349e+12,0,0.131,9.415e-17,1.008e-16,1.386e-16,2.004e-16,0.001498
sphere4-d6,4,Float64,84,GramSolver,tol,1.0e-6,4,gap,true,0,true,1.349e+12,0,0.131,9.415e-17,1.008e-16,1.386e-16,2.004e-16,0.001498
sphere4-d6,4,Float64,84,GramSolver,tol,1.0e-7,4,gap,true,0,true,1.349e+12,0,0.131,9.415e-17,1.008e-16,1.386e-16,2.004e-16,0.001498
sphere4-d6,4,Float64,84,GramSolver,tol,1.0e-8,4,gap,true,0,true,1.349e+12,0,0.131,9.415e-17,1.008e-16,1.386e-16,2.004e-16,0.001498
sphere4-d6,4,Float64,84,GramSolver,tol,1.0e-9,4,gap,true,0,true,1.349e+12,0,0.131,9.415e-17,1.008e-16,1.386e-16,2.004e-16,0.001498
sphere4-d6,4,Float64,84,ArpackSolver,c,1.0,4,gap,true,0,true,6.746e+12,0,0.722,7.414e-32,2.776e-19,2.892e-17,7.022e-17,0.001498
sphere4-d6,4,Float64,84,ArpackSolver,c,2.0,4,gap,true,0,true,3.373e+12,0,0.722,7.414e-32,2.776e-19,2.892e-17,7.022e-17,0.001498
sphere4-d6,4,Float64,84,ArpackSolver,c,3.0,4,gap,true,0,true,2.249e+12,0,0.722,7.414e-32,2.776e-19,2.892e-17,7.022e-17,0.001498
sphere4-d6,4,Float64,84,ArpackSolver,c,5.0,4,gap,true,0,true,1.349e+12,0,0.722,7.414e-32,2.776e-19,2.892e-17,7.022e-17,0.001498
sphere4-d6,4,Float64,84,ArpackSolver,c,10.0,4,gap,true,0,true,6.746e+11,0,0.722,7.414e-32,2.776e-19,2.892e-17,7.022e-17,0.001498
sphere4-d6,4,Float64,84,ArpackSolver,c,20.0,4,gap,true,0,true,3.373e+11,0,0.722,7.414e-32,2.776e-19,2.892e-17,7.022e-17,0.001498
sphere4-d6,4,Float64,84,ArpackSolver,c,30.0,4,gap,true,0,true,2.249e+11,0,0.722,7.414e-32,2.776e-19,2.892e-17,7.022e-17,0.001498
sphere4-d6,4,Float64,84,ArpackSolver,c,100.0,4,gap,true,0,true,6.746e+10,0,0.722,7.414e-32,2.776e-19,2.892e-17,7.022e-17,0.001498
sphere4-d6,4,Float64,84,ArpackSolver,c,300.0,4,gap,true,0,true,2.249e+10,0,0.722,7.414e-32,2.776e-19,2.892e-17,7.022e-17,0.001498
sphere4-d6,4,Float64,84,ArpackSolver,c,1000.0,4,gap,true,0,true,6.746e+09,0,0.722,7.414e-32,2.776e-19,2.892e-17,7.022e-17,0.001498
sphere4-d6,4,Float64,84,ArpackSolver,c,10000.0,4,gap,true,0,true,6.746e+08,0,0.722,7.414e-32,2.776e-19,2.892e-17,7.022e-17,0.001498
sphere4-d6,4,Float64,84,ArpackSolver,tol,0.001,4,gap,true,0,true,1.349e+12,0,0.722,7.414e-32,2.776e-19,2.892e-17,7.022e-17,0.001498
sphere4-d6,4,Float64,84,ArpackSolver,tol,0.0001,4,gap,true,0,true,1.349e+12,0,0.722,7.414e-32,2.776e-19,2.892e-17,7.022e-17,0.001498
sphere4-d6,4,Float64,84,ArpackSolver,tol,1.0e-5,4,gap,true,0,true,1.349e+12,0,0.722,7.414e-32,2.776e-19,2.892e-17,7.022e-17,0.001498
sphere4-d6,4,Float64,84,ArpackSolver,tol,1.0e-6,4,gap,true,0,true,1.349e+12,0,0.722,7.414e-32,2.776e-19,2.892e-17,7.022e-17,0.001498
sphere4-d6,4,Float64,84,ArpackSolver,tol,1.0e-7,4,gap,true,0,true,1.349e+12,0,0.722,7.414e-32,2.776e-19,2.892e-17,7.022e-17,0.001498
sphere4-d6,4,Float64,84,ArpackSolver,tol,1.0e-8,4,gap,true,0,true,1.349e+12,0,0.722,7.414e-32,2.776e-19,2.892e-17,7.022e-17,0.001498
sphere4-d6,4,Float64,84,ArpackSolver,tol,1.0e-9,4,gap,true,0,true,1.349e+12,0,0.722,7.414e-32,2.776e-19,2.892e-17,7.022e-17,0.001498
sphere4-d6,4,Float64,84,KrylovSolver,c,1.0,4,gap,true,0,true,6.746e+12,0,2.050,4.72e-17,5.014e-17,5.502e-17,1.918e-16,0.001498
sphere4-d6,4,Float64,84,KrylovSolver,c,2.0,4,gap,true,0,true,3.373e+12,0,2.050,4.72e-17,5.014e-17,5.502e-17,1.918e-16,0.001498
sphere4-d6,4,Float64,84,KrylovSolver,c,3.0,4,gap,true,0,true,2.249e+12,0,2.050,4.72e-17,5.014e-17,5.502e-17,1.918e-16,0.001498
sphere4-d6,4,Float64,84,KrylovSolver,c,5.0,4,gap,true,0,true,1.349e+12,0,2.050,4.72e-17,5.014e-17,5.502e-17,1.918e-16,0.001498
sphere4-d6,4,Float64,84,KrylovSolver,c,10.0,4,gap,true,0,true,6.746e+11,0,2.050,4.72e-17,5.014e-17,5.502e-17,1.918e-16,0.001498
sphere4-d6,4,Float64,84,KrylovSolver,c,20.0,4,gap,true,0,true,3.373e+11,0,2.050,4.72e-17,5.014e-17,5.502e-17,1.918e-16,0.001498
sphere4-d6,4,Float64,84,KrylovSolver,c,30.0,4,gap,true,0,true,2.249e+11,0,2.050,4.72e-17,5.014e-17,5.502e-17,1.918e-16,0.001498
sphere4-d6,4,Float64,84,KrylovSolver,c,100.0,4,gap,true,0,true,6.746e+10,0,2.050,4.72e-17,5.014e-17,5.502e-17,1.918e-16,0.001498
sphere4-d6,4,Float64,84,KrylovSolver,c,300.0,4,gap,true,0,true,2.249e+10,0,2.050,4.72e-17,5.014e-17,5.502e-17,1.918e-16,0.001498
sphere4-d6,4,Float64,84,KrylovSolver,c,1000.0,4,gap,true,0,true,6.746e+09,0,2.050,4.72e-17,5.014e-17,5.502e-17,1.918e-16,0.001498
sphere4-d6,4,Float64,84,KrylovSolver,c,10000.0,4,gap,true,0,true,6.746e+08,0,2.050,4.72e-17,5.014e-17,5.502e-17,1.918e-16,0.001498
sphere4-d6,4,Float64,84,KrylovSolver,tol,0.001,4,gap,true,0,true,1.349e+12,0,2.050,4.72e-17,5.014e-17,5.502e-17,1.918e-16,0.001498
sphere4-d6,4,Float64,84,KrylovSolver,tol,0.0001,4,gap,true,0,true,1.349e+12,0,2.050,4.72e-17,5.014e-17,5.502e-17,1.918e-16,0.001498
sphere4-d6,4,Float64,84,KrylovSolver,tol,1.0e-5,4,gap,true,0,true,1.349e+12,0,2.050,4.72e-17,5.014e-17,5.502e-17,1.918e-16,0.001498
sphere4-d6,4,Float64,84,KrylovSolver,tol,1.0e-6,4,gap,true,0,true,1.349e+12,0,2.050,4.72e-17,5.014e-17,5.502e-17,1.918e-16,0.001498
sphere4-d6,4,Float64,84,KrylovSolver,tol,1.0e-7,4,gap,true,0,true,1.349e+12,0,2.050,4.72e-17,5.014e-17,5.502e-17,1.918e-16,0.001498
sphere4-d6,4,Float64,84,KrylovSolver,tol,1.0e-8,4,gap,true,0,true,1.349e+12,0,2.050,4.72e-17,5.014e-17,5.502e-17,1.918e-16,0.001498
sphere4-d6,4,Float64,84,KrylovSolver,tol,1.0e-9,4,gap,true,0,true,1.349e+12,0,2.050,4.72e-17,5.014e-17,5.502e-17,1.918e-16,0.001498
sphere4-d6,4,Float32,84,SVDSolver,c,1.0,4,gap,true,0,true,1.256e+04,0,0.114,4.2e-08,4.2e-08,4.2e-08,8.092e-08,0.001498
sphere4-d6,4,Float32,84,SVDSolver,c,2.0,4,gap,true,0,true,6282,0,0.114,4.2e-08,4.2e-08,4.2e-08,8.092e-08,0.001498
sphere4-d6,4,Float32,84,SVDSolver,c,3.0,4,gap,true,0,true,4188,0,0.114,4.2e-08,4.2e-08,4.2e-08,8.092e-08,0.001498
sphere4-d6,4,Float32,84,SVDSolver,c,5.0,4,gap,true,0,true,2513,0,0.114,4.2e-08,4.2e-08,4.2e-08,8.092e-08,0.001498
sphere4-d6,4,Float32,84,SVDSolver,c,10.0,4,gap,true,0,true,1256,0,0.114,4.2e-08,4.2e-08,4.2e-08,8.092e-08,0.001498
sphere4-d6,4,Float32,84,SVDSolver,c,20.0,4,gap,true,0,true,628.2,0,0.114,4.2e-08,4.2e-08,4.2e-08,8.092e-08,0.001498
sphere4-d6,4,Float32,84,SVDSolver,c,30.0,4,gap,true,0,true,418.8,0,0.114,4.2e-08,4.2e-08,4.2e-08,8.092e-08,0.001498
sphere4-d6,4,Float32,84,SVDSolver,c,100.0,4,gap,true,0,true,125.6,0,0.114,4.2e-08,4.2e-08,4.2e-08,8.092e-08,0.001498
sphere4-d6,4,Float32,84,SVDSolver,c,300.0,4,threshold,false,0,true,41.88,0,0.114,4.2e-08,4.2e-08,4.2e-08,8.092e-08,0.001498
sphere4-d6,4,Float32,84,SVDSolver,c,1000.0,4,threshold,false,0,true,12.56,0,0.114,4.2e-08,4.2e-08,4.2e-08,8.092e-08,0.001498
sphere4-d6,4,Float32,84,SVDSolver,c,10000.0,4,threshold,false,0,true,1.256,0,0.114,4.2e-08,4.2e-08,4.2e-08,8.092e-08,0.001498
sphere4-d6,4,Float32,84,SVDSolver,tol,0.001,4,gap,true,0,true,2513,0,0.114,4.2e-08,4.2e-08,4.2e-08,8.092e-08,0.001498
sphere4-d6,4,Float32,84,SVDSolver,tol,0.0001,4,gap,true,0,true,2513,0,0.114,4.2e-08,4.2e-08,4.2e-08,8.092e-08,0.001498
sphere4-d6,4,Float32,84,SVDSolver,tol,1.0e-5,4,gap,true,0,true,2513,0,0.114,4.2e-08,4.2e-08,4.2e-08,8.092e-08,0.001498
sphere4-d6,4,Float32,84,SVDSolver,tol,1.0e-6,4,gap,true,0,true,2513,0,0.114,4.2e-08,4.2e-08,4.2e-08,8.092e-08,0.001498
sphere4-d6,4,Float32,84,SVDSolver,tol,1.0e-7,4,gap,true,0,true,2513,0,0.114,4.2e-08,4.2e-08,4.2e-08,8.092e-08,0.001498
sphere4-d6,4,Float32,84,SVDSolver,tol,1.0e-8,4,gap,true,0,true,2513,0,0.114,4.2e-08,4.2e-08,4.2e-08,8.092e-08,0.001498
sphere4-d6,4,Float32,84,SVDSolver,tol,1.0e-9,4,gap,true,0,true,2513,0,0.114,4.2e-08,4.2e-08,4.2e-08,8.092e-08,0.001498
sphere4-d6,4,Float32,84,GramSolver,c,1.0,4,gap,true,0,true,1.256e+04,0,0.132,4.376e-08,5.638e-08,6.187e-08,1.024e-07,0.001498
sphere4-d6,4,Float32,84,GramSolver,c,2.0,4,gap,true,0,true,6282,0,0.132,4.376e-08,5.638e-08,6.187e-08,1.024e-07,0.001498
sphere4-d6,4,Float32,84,GramSolver,c,3.0,4,gap,true,0,true,4188,0,0.132,4.376e-08,5.638e-08,6.187e-08,1.024e-07,0.001498
sphere4-d6,4,Float32,84,GramSolver,c,5.0,4,gap,true,0,true,2513,0,0.132,4.376e-08,5.638e-08,6.187e-08,1.024e-07,0.001498
sphere4-d6,4,Float32,84,GramSolver,c,10.0,4,gap,true,0,true,1256,0,0.132,4.376e-08,5.638e-08,6.187e-08,1.024e-07,0.001498
sphere4-d6,4,Float32,84,GramSolver,c,20.0,4,gap,true,0,true,628.2,0,0.132,4.376e-08,5.638e-08,6.187e-08,1.024e-07,0.001498
sphere4-d6,4,Float32,84,GramSolver,c,30.0,4,gap,true,0,true,418.8,0,0.132,4.376e-08,5.638e-08,6.187e-08,1.024e-07,0.001498
sphere4-d6,4,Float32,84,GramSolver,c,100.0,4,gap,true,0,true,125.6,0,0.132,4.376e-08,5.638e-08,6.187e-08,1.024e-07,0.001498
sphere4-d6,4,Float32,84,GramSolver,c,300.0,4,threshold,false,0,true,41.88,0,0.132,4.376e-08,5.638e-08,6.187e-08,1.024e-07,0.001498
sphere4-d6,4,Float32,84,GramSolver,c,1000.0,4,threshold,false,0,true,12.56,0,0.132,4.376e-08,5.638e-08,6.187e-08,1.024e-07,0.001498
sphere4-d6,4,Float32,84,GramSolver,c,10000.0,4,threshold,false,0,true,1.256,0,0.132,4.376e-08,5.638e-08,6.187e-08,1.024e-07,0.001498
sphere4-d6,4,Float32,84,GramSolver,tol,0.001,4,gap,true,0,true,2513,0,0.132,4.376e-08,5.638e-08,6.187e-08,1.024e-07,0.001498
sphere4-d6,4,Float32,84,GramSolver,tol,0.0001,4,gap,true,0,true,2513,0,0.132,4.376e-08,5.638e-08,6.187e-08,1.024e-07,0.001498
sphere4-d6,4,Float32,84,GramSolver,tol,1.0e-5,4,gap,true,0,true,2513,0,0.132,4.376e-08,5.638e-08,6.187e-08,1.024e-07,0.001498
sphere4-d6,4,Float32,84,GramSolver,tol,1.0e-6,4,gap,true,0,true,2513,0,0.132,4.376e-08,5.638e-08,6.187e-08,1.024e-07,0.001498
sphere4-d6,4,Float32,84,GramSolver,tol,1.0e-7,4,gap,true,0,true,2513,0,0.132,4.376e-08,5.638e-08,6.187e-08,1.024e-07,0.001498
sphere4-d6,4,Float32,84,GramSolver,tol,1.0e-8,4,gap,true,0,true,2513,0,0.132,4.376e-08,5.638e-08,6.187e-08,1.024e-07,0.001498
sphere4-d6,4,Float32,84,GramSolver,tol,1.0e-9,4,gap,true,0,true,2513,0,0.132,4.376e-08,5.638e-08,6.187e-08,1.024e-07,0.001498
sphere4-d6,4,Float32,84,ArpackSolver,c,1.0,3,threshold,false,0,true,1.328,0,0.743,1.595e-08,2.081e-08,5.27e-08,1.584e-07,0.001498
sphere4-d6,4,Float32,84,ArpackSolver,c,2.0,4,gap,true,0,true,6282,0,0.743,1.595e-08,2.081e-08,5.27e-08,1.584e-07,0.001498
sphere4-d6,4,Float32,84,ArpackSolver,c,3.0,4,gap,true,0,true,4188,0,0.743,1.595e-08,2.081e-08,5.27e-08,1.584e-07,0.001498
sphere4-d6,4,Float32,84,ArpackSolver,c,5.0,4,gap,true,0,true,2513,0,0.743,1.595e-08,2.081e-08,5.27e-08,1.584e-07,0.001498
sphere4-d6,4,Float32,84,ArpackSolver,c,10.0,4,gap,true,0,true,1256,0,0.743,1.595e-08,2.081e-08,5.27e-08,1.584e-07,0.001498
sphere4-d6,4,Float32,84,ArpackSolver,c,20.0,4,gap,true,0,true,628.2,0,0.743,1.595e-08,2.081e-08,5.27e-08,1.584e-07,0.001498
sphere4-d6,4,Float32,84,ArpackSolver,c,30.0,4,gap,true,0,true,418.8,0,0.743,1.595e-08,2.081e-08,5.27e-08,1.584e-07,0.001498
sphere4-d6,4,Float32,84,ArpackSolver,c,100.0,4,gap,true,0,true,125.6,0,0.743,1.595e-08,2.081e-08,5.27e-08,1.584e-07,0.001498
sphere4-d6,4,Float32,84,ArpackSolver,c,300.0,4,threshold,false,0,true,41.88,0,0.743,1.595e-08,2.081e-08,5.27e-08,1.584e-07,0.001498
sphere4-d6,4,Float32,84,ArpackSolver,c,1000.0,4,threshold,false,0,true,12.56,0,0.743,1.595e-08,2.081e-08,5.27e-08,1.584e-07,0.001498
sphere4-d6,4,Float32,84,ArpackSolver,c,10000.0,4,threshold,false,0,true,1.256,0,0.743,1.595e-08,2.081e-08,5.27e-08,1.584e-07,0.001498
sphere4-d6,4,Float32,84,ArpackSolver,tol,0.001,4,gap,true,0,true,2513,0,0.743,1.595e-08,2.081e-08,5.27e-08,1.584e-07,0.001498
sphere4-d6,4,Float32,84,ArpackSolver,tol,0.0001,4,gap,true,0,true,2513,0,0.743,1.595e-08,2.081e-08,5.27e-08,1.584e-07,0.001498
sphere4-d6,4,Float32,84,ArpackSolver,tol,1.0e-5,4,gap,true,0,true,2513,0,0.743,1.595e-08,2.081e-08,5.27e-08,1.584e-07,0.001498
sphere4-d6,4,Float32,84,ArpackSolver,tol,1.0e-6,4,gap,true,0,true,2513,0,0.743,1.595e-08,2.081e-08,5.27e-08,1.584e-07,0.001498
sphere4-d6,4,Float32,84,ArpackSolver,tol,1.0e-7,4,gap,true,0,true,2513,0,0.743,1.595e-08,2.081e-08,5.27e-08,1.584e-07,0.001498
sphere4-d6,4,Float32,84,ArpackSolver,tol,1.0e-8,4,gap,true,0,true,2513,0,0.743,1.595e-08,2.081e-08,5.27e-08,1.584e-07,0.001498
sphere4-d6,4,Float32,84,ArpackSolver,tol,1.0e-9,4,gap,true,0,true,2513,0,0.743,1.595e-08,2.081e-08,5.27e-08,1.584e-07,0.001498
sphere4-d6,4,Float32,84,KrylovSolver,c,1.0,4,gap,true,0,true,1.256e+04,0,2.016,8.907e-09,1.967e-08,2.298e-08,2.959e-08,0.001498
sphere4-d6,4,Float32,84,KrylovSolver,c,2.0,4,gap,true,0,true,6282,0,2.016,8.907e-09,1.967e-08,2.298e-08,2.959e-08,0.001498
sphere4-d6,4,Float32,84,KrylovSolver,c,3.0,4,gap,true,0,true,4188,0,2.016,8.907e-09,1.967e-08,2.298e-08,2.959e-08,0.001498
sphere4-d6,4,Float32,84,KrylovSolver,c,5.0,4,gap,true,0,true,2513,0,2.016,8.907e-09,1.967e-08,2.298e-08,2.959e-08,0.001498
sphere4-d6,4,Float32,84,KrylovSolver,c,10.0,4,gap,true,0,true,1256,0,2.016,8.907e-09,1.967e-08,2.298e-08,2.959e-08,0.001498
sphere4-d6,4,Float32,84,KrylovSolver,c,20.0,4,gap,true,0,true,628.2,0,2.016,8.907e-09,1.967e-08,2.298e-08,2.959e-08,0.001498
sphere4-d6,4,Float32,84,KrylovSolver,c,30.0,4,gap,true,0,true,418.8,0,2.016,8.907e-09,1.967e-08,2.298e-08,2.959e-08,0.001498
sphere4-d6,4,Float32,84,KrylovSolver,c,100.0,4,gap,true,0,true,125.6,0,2.016,8.907e-09,1.967e-08,2.298e-08,2.959e-08,0.001498
sphere4-d6,4,Float32,84,KrylovSolver,c,300.0,4,threshold,false,0,true,41.88,0,2.016,8.907e-09,1.967e-08,2.298e-08,2.959e-08,0.001498
sphere4-d6,4,Float32,84,KrylovSolver,c,1000.0,4,threshold,false,0,true,12.56,0,2.016,8.907e-09,1.967e-08,2.298e-08,2.959e-08,0.001498
sphere4-d6,4,Float32,84,KrylovSolver,c,10000.0,4,threshold,false,0,true,1.256,0,2.016,8.907e-09,1.967e-08,2.298e-08,2.959e-08,0.001498
sphere4-d6,4,Float32,84,KrylovSolver,tol,0.001,4,gap,true,0,true,2513,0,2.016,8.907e-09,1.967e-08,2.298e-08,2.959e-08,0.001498
sphere4-d6,4,Float32,84,KrylovSolver,tol,0.0001,4,gap,true,0,true,2513,0,2.016,8.907e-09,1.967e-08,2.298e-08,2.959e-08,0.001498
sphere4-d6,4,Float32,84,KrylovSolver,tol,1.0e-5,4,gap,true,0,true,2513,0,2.016,8.907e-09,1.967e-08,2.298e-08,2.959e-08,0.001498
sphere4-d6,4,Float32,84,KrylovSolver,tol,1.0e-6,4,gap,true,0,true,2513,0,2.016,8.907e-09,1.967e-08,2.298e-08,2.959e-08,0.001498
sphere4-d6,4,Float32,84,KrylovSolver,tol,1.0e-7,4,gap,true,0,true,2513,0,2.016,8.907e-09,1.967e-08,2.298e-08,2.959e-08,0.001498
sphere4-d6,4,Float32,84,KrylovSolver,tol,1.0e-8,4,gap,true,0,true,2513,0,2.016,8.907e-09,1.967e-08,2.298e-08,2.959e-08,0.001498
sphere4-d6,4,Float32,84,KrylovSolver,tol,1.0e-9,4,gap,true,0,true,2513,0,2.016,8.907e-09,1.967e-08,2.298e-08,2.959e-08,0.001498
sphere4-d6,4,Float16,84,SVDSolver,c,1.0,4,gap,true,0,true,1.257e+04,0,0.001,3.677e-08,4.2e-08,4.2e-08,8.076e-08,0.001499
sphere4-d6,4,Float16,84,SVDSolver,c,2.0,4,gap,true,0,true,6286,0,0.001,3.677e-08,4.2e-08,4.2e-08,8.076e-08,0.001499
sphere4-d6,4,Float16,84,SVDSolver,c,3.0,4,gap,true,0,true,4191,0,0.001,3.677e-08,4.2e-08,4.2e-08,8.076e-08,0.001499
sphere4-d6,4,Float16,84,SVDSolver,c,5.0,4,gap,true,0,true,2514,0,0.001,3.677e-08,4.2e-08,4.2e-08,8.076e-08,0.001499
sphere4-d6,4,Float16,84,SVDSolver,c,10.0,4,gap,true,0,true,1257,0,0.001,3.677e-08,4.2e-08,4.2e-08,8.076e-08,0.001499
sphere4-d6,4,Float16,84,SVDSolver,c,20.0,4,gap,true,0,true,628.6,0,0.001,3.677e-08,4.2e-08,4.2e-08,8.076e-08,0.001499
sphere4-d6,4,Float16,84,SVDSolver,c,30.0,4,gap,true,0,true,419.1,0,0.001,3.677e-08,4.2e-08,4.2e-08,8.076e-08,0.001499
sphere4-d6,4,Float16,84,SVDSolver,c,100.0,4,gap,true,0,true,125.7,0,0.001,3.677e-08,4.2e-08,4.2e-08,8.076e-08,0.001499
sphere4-d6,4,Float16,84,SVDSolver,c,300.0,4,threshold,false,0,true,41.91,0,0.001,3.677e-08,4.2e-08,4.2e-08,8.076e-08,0.001499
sphere4-d6,4,Float16,84,SVDSolver,c,1000.0,4,threshold,false,0,true,12.57,0,0.001,3.677e-08,4.2e-08,4.2e-08,8.076e-08,0.001499
sphere4-d6,4,Float16,84,SVDSolver,c,10000.0,4,threshold,false,0,true,1.257,0,0.001,3.677e-08,4.2e-08,4.2e-08,8.076e-08,0.001499
sphere4-d6,4,Float16,84,SVDSolver,tol,0.001,4,gap,true,0,true,2514,0,0.001,3.677e-08,4.2e-08,4.2e-08,8.076e-08,0.001499
sphere4-d6,4,Float16,84,SVDSolver,tol,0.0001,4,gap,true,0,true,2514,0,0.001,3.677e-08,4.2e-08,4.2e-08,8.076e-08,0.001499
sphere4-d6,4,Float16,84,SVDSolver,tol,1.0e-5,4,gap,true,0,true,2514,0,0.001,3.677e-08,4.2e-08,4.2e-08,8.076e-08,0.001499
sphere4-d6,4,Float16,84,SVDSolver,tol,1.0e-6,4,gap,true,0,true,2514,0,0.001,3.677e-08,4.2e-08,4.2e-08,8.076e-08,0.001499
sphere4-d6,4,Float16,84,SVDSolver,tol,1.0e-7,4,gap,true,0,true,2514,0,0.001,3.677e-08,4.2e-08,4.2e-08,8.076e-08,0.001499
sphere4-d6,4,Float16,84,SVDSolver,tol,1.0e-8,4,gap,true,0,true,2514,0,0.001,3.677e-08,4.2e-08,4.2e-08,8.076e-08,0.001499
sphere4-d6,4,Float16,84,SVDSolver,tol,1.0e-9,4,gap,true,0,true,2514,0,0.001,3.677e-08,4.2e-08,4.2e-08,8.076e-08,0.001499
sphere4-d6,4,Float16,84,GramSolver,c,1.0,4,gap,true,0,true,1.257e+04,0,0.001,5.21e-08,5.736e-08,7.172e-08,8.113e-08,0.001499
sphere4-d6,4,Float16,84,GramSolver,c,2.0,4,gap,true,0,true,6286,0,0.001,5.21e-08,5.736e-08,7.172e-08,8.113e-08,0.001499
sphere4-d6,4,Float16,84,GramSolver,c,3.0,4,gap,true,0,true,4191,0,0.001,5.21e-08,5.736e-08,7.172e-08,8.113e-08,0.001499
sphere4-d6,4,Float16,84,GramSolver,c,5.0,4,gap,true,0,true,2514,0,0.001,5.21e-08,5.736e-08,7.172e-08,8.113e-08,0.001499
sphere4-d6,4,Float16,84,GramSolver,c,10.0,4,gap,true,0,true,1257,0,0.001,5.21e-08,5.736e-08,7.172e-08,8.113e-08,0.001499
sphere4-d6,4,Float16,84,GramSolver,c,20.0,4,gap,true,0,true,628.6,0,0.001,5.21e-08,5.736e-08,7.172e-08,8.113e-08,0.001499
sphere4-d6,4,Float16,84,GramSolver,c,30.0,4,gap,true,0,true,419.1,0,0.001,5.21e-08,5.736e-08,7.172e-08,8.113e-08,0.001499
sphere4-d6,4,Float16,84,GramSolver,c,100.0,4,gap,true,0,true,125.7,0,0.001,5.21e-08,5.736e-08,7.172e-08,8.113e-08,0.001499
sphere4-d6,4,Float16,84,GramSolver,c,300.0,4,threshold,false,0,true,41.91,0,0.001,5.21e-08,5.736e-08,7.172e-08,8.113e-08,0.001499
sphere4-d6,4,Float16,84,GramSolver,c,1000.0,4,threshold,false,0,true,12.57,0,0.001,5.21e-08,5.736e-08,7.172e-08,8.113e-08,0.001499
sphere4-d6,4,Float16,84,GramSolver,c,10000.0,4,threshold,false,0,true,1.257,0,0.001,5.21e-08,5.736e-08,7.172e-08,8.113e-08,0.001499
sphere4-d6,4,Float16,84,GramSolver,tol,0.001,4,gap,true,0,true,2514,0,0.001,5.21e-08,5.736e-08,7.172e-08,8.113e-08,0.001499
sphere4-d6,4,Float16,84,GramSolver,tol,0.0001,4,gap,true,0,true,2514,0,0.001,5.21e-08,5.736e-08,7.172e-08,8.113e-08,0.001499
sphere4-d6,4,Float16,84,GramSolver,tol,1.0e-5,4,gap,true,0,true,2514,0,0.001,5.21e-08,5.736e-08,7.172e-08,8.113e-08,0.001499
sphere4-d6,4,Float16,84,GramSolver,tol,1.0e-6,4,gap,true,0,true,2514,0,0.001,5.21e-08,5.736e-08,7.172e-08,8.113e-08,0.001499
sphere4-d6,4,Float16,84,GramSolver,tol,1.0e-7,4,gap,true,0,true,2514,0,0.001,5.21e-08,5.736e-08,7.172e-08,8.113e-08,0.001499
sphere4-d6,4,Float16,84,GramSolver,tol,1.0e-8,4,gap,true,0,true,2514,0,0.001,5.21e-08,5.736e-08,7.172e-08,8.113e-08,0.001499
sphere4-d6,4,Float16,84,GramSolver,tol,1.0e-9,4,gap,true,0,true,2514,0,0.001,5.21e-08,5.736e-08,7.172e-08,8.113e-08,0.001499
sphere4-d6,4,Float16,84,ArpackSolver,c,1.0,3,threshold,false,1,true,1.149,0,0.002,4.316e-09,2.098e-08,3.858e-08,1.37e-07,0.001499
sphere4-d6,4,Float16,84,ArpackSolver,c,2.0,4,gap,true,0,true,6286,0,0.002,4.316e-09,2.098e-08,3.858e-08,1.37e-07,0.001499
sphere4-d6,4,Float16,84,ArpackSolver,c,3.0,4,gap,true,0,true,4191,0,0.002,4.316e-09,2.098e-08,3.858e-08,1.37e-07,0.001499
sphere4-d6,4,Float16,84,ArpackSolver,c,5.0,4,gap,true,0,true,2514,0,0.002,4.316e-09,2.098e-08,3.858e-08,1.37e-07,0.001499
sphere4-d6,4,Float16,84,ArpackSolver,c,10.0,4,gap,true,0,true,1257,0,0.002,4.316e-09,2.098e-08,3.858e-08,1.37e-07,0.001499
sphere4-d6,4,Float16,84,ArpackSolver,c,20.0,4,gap,true,0,true,628.6,0,0.002,4.316e-09,2.098e-08,3.858e-08,1.37e-07,0.001499
sphere4-d6,4,Float16,84,ArpackSolver,c,30.0,4,gap,true,0,true,419.1,0,0.002,4.316e-09,2.098e-08,3.858e-08,1.37e-07,0.001499
sphere4-d6,4,Float16,84,ArpackSolver,c,100.0,4,gap,true,0,true,125.7,0,0.002,4.316e-09,2.098e-08,3.858e-08,1.37e-07,0.001499
sphere4-d6,4,Float16,84,ArpackSolver,c,300.0,4,threshold,false,0,true,41.91,0,0.002,4.316e-09,2.098e-08,3.858e-08,1.37e-07,0.001499
sphere4-d6,4,Float16,84,ArpackSolver,c,1000.0,4,threshold,false,0,true,12.57,0,0.002,4.316e-09,2.098e-08,3.858e-08,1.37e-07,0.001499
sphere4-d6,4,Float16,84,ArpackSolver,c,10000.0,4,threshold,false,0,true,1.257,0,0.002,4.316e-09,2.098e-08,3.858e-08,1.37e-07,0.001499
sphere4-d6,4,Float16,84,ArpackSolver,tol,0.001,4,gap,true,0,true,2514,0,0.002,4.316e-09,2.098e-08,3.858e-08,1.37e-07,0.001499
sphere4-d6,4,Float16,84,ArpackSolver,tol,0.0001,4,gap,true,0,true,2514,0,0.002,4.316e-09,2.098e-08,3.858e-08,1.37e-07,0.001499
sphere4-d6,4,Float16,84,ArpackSolver,tol,1.0e-5,4,gap,true,0,true,2514,0,0.002,4.316e-09,2.098e-08,3.858e-08,1.37e-07,0.001499
sphere4-d6,4,Float16,84,ArpackSolver,tol,1.0e-6,4,gap,true,0,true,2514,0,0.002,4.316e-09,2.098e-08,3.858e-08,1.37e-07,0.001499
sphere4-d6,4,Float16,84,ArpackSolver,tol,1.0e-7,4,gap,true,0,true,2514,0,0.002,4.316e-09,2.098e-08,3.858e-08,1.37e-07,0.001499
sphere4-d6,4,Float16,84,ArpackSolver,tol,1.0e-8,4,gap,true,0,true,2514,0,0.002,4.316e-09,2.098e-08,3.858e-08,1.37e-07,0.001499
sphere4-d6,4,Float16,84,ArpackSolver,tol,1.0e-9,4,gap,true,0,true,2514,0,0.002,4.316e-09,2.098e-08,3.858e-08,1.37e-07,0.001499
sphere4-d6,4,Float16,84,KrylovSolver,c,1.0,4,gap,true,0,true,1.257e+04,0,0.001,3.967e-09,7.467e-09,1.444e-08,3.613e-08,0.001499
sphere4-d6,4,Float16,84,KrylovSolver,c,2.0,4,gap,true,0,true,6286,0,0.001,3.967e-09,7.467e-09,1.444e-08,3.613e-08,0.001499
sphere4-d6,4,Float16,84,KrylovSolver,c,3.0,4,gap,true,0,true,4191,0,0.001,3.967e-09,7.467e-09,1.444e-08,3.613e-08,0.001499
sphere4-d6,4,Float16,84,KrylovSolver,c,5.0,4,gap,true,0,true,2514,0,0.001,3.967e-09,7.467e-09,1.444e-08,3.613e-08,0.001499
sphere4-d6,4,Float16,84,KrylovSolver,c,10.0,4,gap,true,0,true,1257,0,0.001,3.967e-09,7.467e-09,1.444e-08,3.613e-08,0.001499
sphere4-d6,4,Float16,84,KrylovSolver,c,20.0,4,gap,true,0,true,628.6,0,0.001,3.967e-09,7.467e-09,1.444e-08,3.613e-08,0.001499
sphere4-d6,4,Float16,84,KrylovSolver,c,30.0,4,gap,true,0,true,419.1,0,0.001,3.967e-09,7.467e-09,1.444e-08,3.613e-08,0.001499
sphere4-d6,4,Float16,84,KrylovSolver,c,100.0,4,gap,true,0,true,125.7,0,0.001,3.967e-09,7.467e-09,1.444e-08,3.613e-08,0.001499
sphere4-d6,4,Float16,84,KrylovSolver,c,300.0,4,threshold,false,0,true,41.91,0,0.001,3.967e-09,7.467e-09,1.444e-08,3.613e-08,0.001499
sphere4-d6,4,Float16,84,KrylovSolver,c,1000.0,4,threshold,false,0,true,12.57,0,0.001,3.967e-09,7.467e-09,1.444e-08,3.613e-08,0.001499
sphere4-d6,4,Float16,84,KrylovSolver,c,10000.0,4,threshold,false,0,true,1.257,0,0.001,3.967e-09,7.467e-09,1.444e-08,3.613e-08,0.001499
sphere4-d6,4,Float16,84,KrylovSolver,tol,0.001,4,gap,true,0,true,2514,0,0.001,3.967e-09,7.467e-09,1.444e-08,3.613e-08,0.001499
sphere4-d6,4,Float16,84,KrylovSolver,tol,0.0001,4,gap,true,0,true,2514,0,0.001,3.967e-09,7.467e-09,1.444e-08,3.613e-08,0.001499
sphere4-d6,4,Float16,84,KrylovSolver,tol,1.0e-5,4,gap,true,0,true,2514,0,0.001,3.967e-09,7.467e-09,1.444e-08,3.613e-08,0.001499
sphere4-d6,4,Float16,84,KrylovSolver,tol,1.0e-6,4,gap,true,0,true,2514,0,0.001,3.967e-09,7.467e-09,1.444e-08,3.613e-08,0.001499
sphere4-d6,4,Float16,84,KrylovSolver,tol,1.0e-7,4,gap,true,0,true,2514,0,0.001,3.967e-09,7.467e-09,1.444e-08,3.613e-08,0.001499
sphere4-d6,4,Float16,84,KrylovSolver,tol,1.0e-8,4,gap,true,0,true,2514,0,0.001,3.967e-09,7.467e-09,1.444e-08,3.613e-08,0.001499
sphere4-d6,4,Float16,84,KrylovSolver,tol,1.0e-9,4,gap,true,0,true,2514,0,0.001,3.967e-09,7.467e-09,1.444e-08,3.613e-08,0.001499
rand3-d12,2,Float64,432,SVDSolver,c,1.0,2,gap,true,0,false,1.697e+14,0,0.039,2.848e-17,4.447e-16,0.07547,0.07685,0.08083
rand3-d12,2,Float64,432,SVDSolver,c,2.0,2,gap,true,0,false,1.697e+14,0,0.039,2.848e-17,4.447e-16,0.07547,0.07685,0.08083
rand3-d12,2,Float64,432,SVDSolver,c,3.0,2,gap,true,0,true,1.133e+14,0,0.039,2.848e-17,4.447e-16,0.07547,0.07685,0.08083
rand3-d12,2,Float64,432,SVDSolver,c,5.0,2,gap,true,0,true,6.798e+13,0,0.039,2.848e-17,4.447e-16,0.07547,0.07685,0.08083
rand3-d12,2,Float64,432,SVDSolver,c,10.0,2,gap,true,0,true,3.399e+13,0,0.039,2.848e-17,4.447e-16,0.07547,0.07685,0.08083
rand3-d12,2,Float64,432,SVDSolver,c,20.0,2,gap,true,0,true,1.699e+13,0,0.039,2.848e-17,4.447e-16,0.07547,0.07685,0.08083
rand3-d12,2,Float64,432,SVDSolver,c,30.0,2,gap,true,0,true,1.133e+13,0,0.039,2.848e-17,4.447e-16,0.07547,0.07685,0.08083
rand3-d12,2,Float64,432,SVDSolver,c,100.0,2,gap,true,0,true,3.399e+12,0,0.039,2.848e-17,4.447e-16,0.07547,0.07685,0.08083
rand3-d12,2,Float64,432,SVDSolver,c,300.0,2,gap,true,0,true,1.133e+12,0,0.039,2.848e-17,4.447e-16,0.07547,0.07685,0.08083
rand3-d12,2,Float64,432,SVDSolver,c,1000.0,2,gap,true,0,true,3.399e+11,0,0.039,2.848e-17,4.447e-16,0.07547,0.07685,0.08083
rand3-d12,2,Float64,432,SVDSolver,c,10000.0,2,gap,true,0,true,3.399e+10,0,0.039,2.848e-17,4.447e-16,0.07547,0.07685,0.08083
rand3-d12,2,Float64,432,SVDSolver,tol,0.001,2,gap,true,0,true,6.798e+13,0,0.039,2.848e-17,4.447e-16,0.07547,0.07685,0.08083
rand3-d12,2,Float64,432,SVDSolver,tol,0.0001,2,gap,true,0,true,6.798e+13,0,0.039,2.848e-17,4.447e-16,0.07547,0.07685,0.08083
rand3-d12,2,Float64,432,SVDSolver,tol,1.0e-5,2,gap,true,0,true,6.798e+13,0,0.039,2.848e-17,4.447e-16,0.07547,0.07685,0.08083
rand3-d12,2,Float64,432,SVDSolver,tol,1.0e-6,2,gap,true,0,true,6.798e+13,0,0.039,2.848e-17,4.447e-16,0.07547,0.07685,0.08083
rand3-d12,2,Float64,432,SVDSolver,tol,1.0e-7,2,gap,true,0,true,6.798e+13,0,0.039,2.848e-17,4.447e-16,0.07547,0.07685,0.08083
rand3-d12,2,Float64,432,SVDSolver,tol,1.0e-8,2,gap,true,0,true,6.798e+13,0,0.039,2.848e-17,4.447e-16,0.07547,0.07685,0.08083
rand3-d12,2,Float64,432,SVDSolver,tol,1.0e-9,2,gap,true,0,true,6.798e+13,0,0.039,2.848e-17,4.447e-16,0.07547,0.07685,0.08083
rand3-d12,2,Float64,432,GramSolver,c,1.0,2,gap,true,0,false,1.815e+14,0,0.009,4.144e-16,4.16e-16,0.0755,0.0769,0.0809
rand3-d12,2,Float64,432,GramSolver,c,2.0,2,gap,true,0,true,1.7e+14,0,0.009,4.144e-16,4.16e-16,0.0755,0.0769,0.0809
rand3-d12,2,Float64,432,GramSolver,c,3.0,2,gap,true,0,true,1.133e+14,0,0.009,4.144e-16,4.16e-16,0.0755,0.0769,0.0809
rand3-d12,2,Float64,432,GramSolver,c,5.0,2,gap,true,0,true,6.801e+13,0,0.009,4.144e-16,4.16e-16,0.0755,0.0769,0.0809
rand3-d12,2,Float64,432,GramSolver,c,10.0,2,gap,true,0,true,3.4e+13,0,0.009,4.144e-16,4.16e-16,0.0755,0.0769,0.0809
rand3-d12,2,Float64,432,GramSolver,c,20.0,2,gap,true,0,true,1.7e+13,0,0.009,4.144e-16,4.16e-16,0.0755,0.0769,0.0809
rand3-d12,2,Float64,432,GramSolver,c,30.0,2,gap,true,0,true,1.133e+13,0,0.009,4.144e-16,4.16e-16,0.0755,0.0769,0.0809
rand3-d12,2,Float64,432,GramSolver,c,100.0,2,gap,true,0,true,3.4e+12,0,0.009,4.144e-16,4.16e-16,0.0755,0.0769,0.0809
rand3-d12,2,Float64,432,GramSolver,c,300.0,2,gap,true,0,true,1.133e+12,0,0.009,4.144e-16,4.16e-16,0.0755,0.0769,0.0809
rand3-d12,2,Float64,432,GramSolver,c,1000.0,2,gap,true,0,true,3.4e+11,0,0.009,4.144e-16,4.16e-16,0.0755,0.0769,0.0809
rand3-d12,2,Float64,432,GramSolver,c,10000.0,2,gap,true,0,true,3.4e+10,0,0.009,4.144e-16,4.16e-16,0.0755,0.0769,0.0809
rand3-d12,2,Float64,432,GramSolver,tol,0.001,2,gap,true,0,true,6.801e+13,0,0.009,4.144e-16,4.16e-16,0.0755,0.0769,0.0809
rand3-d12,2,Float64,432,GramSolver,tol,0.0001,2,gap,true,0,true,6.801e+13,0,0.009,4.144e-16,4.16e-16,0.0755,0.0769,0.0809
rand3-d12,2,Float64,432,GramSolver,tol,1.0e-5,2,gap,true,0,true,6.801e+13,0,0.009,4.144e-16,4.16e-16,0.0755,0.0769,0.0809
rand3-d12,2,Float64,432,GramSolver,tol,1.0e-6,2,gap,true,0,true,6.801e+13,0,0.009,4.144e-16,4.16e-16,0.0755,0.0769,0.0809
rand3-d12,2,Float64,432,GramSolver,tol,1.0e-7,2,gap,true,0,true,6.801e+13,0,0.009,4.144e-16,4.16e-16,0.0755,0.0769,0.0809
rand3-d12,2,Float64,432,GramSolver,tol,1.0e-8,2,gap,true,0,true,6.801e+13,0,0.009,4.144e-16,4.16e-16,0.0755,0.0769,0.0809
rand3-d12,2,Float64,432,GramSolver,tol,1.0e-9,2,gap,true,0,true,6.801e+13,0,0.009,4.144e-16,4.16e-16,0.0755,0.0769,0.0809
rand3-d12,2,Float64,432,ArpackSolver,c,1.0,2,gap,true,0,false,2.347e+14,0,0.038,2.761e-16,3.216e-16,0.07547,0.07685,0.08083
rand3-d12,2,Float64,432,ArpackSolver,c,2.0,2,gap,true,0,true,1.699e+14,0,0.038,2.761e-16,3.216e-16,0.07547,0.07685,0.08083
rand3-d12,2,Float64,432,ArpackSolver,c,3.0,2,gap,true,0,true,1.133e+14,0,0.038,2.761e-16,3.216e-16,0.07547,0.07685,0.08083
rand3-d12,2,Float64,432,ArpackSolver,c,5.0,2,gap,true,0,true,6.798e+13,0,0.038,2.761e-16,3.216e-16,0.07547,0.07685,0.08083
rand3-d12,2,Float64,432,ArpackSolver,c,10.0,2,gap,true,0,true,3.399e+13,0,0.038,2.761e-16,3.216e-16,0.07547,0.07685,0.08083
rand3-d12,2,Float64,432,ArpackSolver,c,20.0,2,gap,true,0,true,1.699e+13,0,0.038,2.761e-16,3.216e-16,0.07547,0.07685,0.08083
rand3-d12,2,Float64,432,ArpackSolver,c,30.0,2,gap,true,0,true,1.133e+13,0,0.038,2.761e-16,3.216e-16,0.07547,0.07685,0.08083
rand3-d12,2,Float64,432,ArpackSolver,c,100.0,2,gap,true,0,true,3.399e+12,0,0.038,2.761e-16,3.216e-16,0.07547,0.07685,0.08083
rand3-d12,2,Float64,432,ArpackSolver,c,300.0,2,gap,true,0,true,1.133e+12,0,0.038,2.761e-16,3.216e-16,0.07547,0.07685,0.08083
rand3-d12,2,Float64,432,ArpackSolver,c,1000.0,2,gap,true,0,true,3.399e+11,0,0.038,2.761e-16,3.216e-16,0.07547,0.07685,0.08083
rand3-d12,2,Float64,432,ArpackSolver,c,10000.0,2,gap,true,0,true,3.399e+10,0,0.038,2.761e-16,3.216e-16,0.07547,0.07685,0.08083
rand3-d12,2,Float64,432,ArpackSolver,tol,0.001,2,gap,true,0,true,6.798e+13,0,0.038,2.761e-16,3.216e-16,0.07547,0.07685,0.08083
rand3-d12,2,Float64,432,ArpackSolver,tol,0.0001,2,gap,true,0,true,6.798e+13,0,0.038,2.761e-16,3.216e-16,0.07547,0.07685,0.08083
rand3-d12,2,Float64,432,ArpackSolver,tol,1.0e-5,2,gap,true,0,true,6.798e+13,0,0.038,2.761e-16,3.216e-16,0.07547,0.07685,0.08083
rand3-d12,2,Float64,432,ArpackSolver,tol,1.0e-6,2,gap,true,0,true,6.798e+13,0,0.038,2.761e-16,3.216e-16,0.07547,0.07685,0.08083
rand3-d12,2,Float64,432,ArpackSolver,tol,1.0e-7,2,gap,true,0,true,6.798e+13,0,0.038,2.761e-16,3.216e-16,0.07547,0.07685,0.08083
rand3-d12,2,Float64,432,ArpackSolver,tol,1.0e-8,2,gap,true,0,true,6.798e+13,0,0.038,2.761e-16,3.216e-16,0.07547,0.07685,0.08083
rand3-d12,2,Float64,432,ArpackSolver,tol,1.0e-9,2,gap,true,0,true,6.798e+13,0,0.038,2.761e-16,3.216e-16,0.07547,0.07685,0.08083
rand3-d12,2,Float64,432,KrylovSolver,c,1.0,2,gap,true,0,false,1.882e+14,0,0.107,1.989e-18,4.01e-16,0.07547,0.07685,0.08083
rand3-d12,2,Float64,432,KrylovSolver,c,2.0,2,gap,true,0,true,1.699e+14,0,0.107,1.989e-18,4.01e-16,0.07547,0.07685,0.08083
rand3-d12,2,Float64,432,KrylovSolver,c,3.0,2,gap,true,0,true,1.133e+14,0,0.107,1.989e-18,4.01e-16,0.07547,0.07685,0.08083
rand3-d12,2,Float64,432,KrylovSolver,c,5.0,2,gap,true,0,true,6.798e+13,0,0.107,1.989e-18,4.01e-16,0.07547,0.07685,0.08083
rand3-d12,2,Float64,432,KrylovSolver,c,10.0,2,gap,true,0,true,3.399e+13,0,0.107,1.989e-18,4.01e-16,0.07547,0.07685,0.08083
rand3-d12,2,Float64,432,KrylovSolver,c,20.0,2,gap,true,0,true,1.699e+13,0,0.107,1.989e-18,4.01e-16,0.07547,0.07685,0.08083
rand3-d12,2,Float64,432,KrylovSolver,c,30.0,2,gap,true,0,true,1.133e+13,0,0.107,1.989e-18,4.01e-16,0.07547,0.07685,0.08083
rand3-d12,2,Float64,432,KrylovSolver,c,100.0,2,gap,true,0,true,3.399e+12,0,0.107,1.989e-18,4.01e-16,0.07547,0.07685,0.08083
rand3-d12,2,Float64,432,KrylovSolver,c,300.0,2,gap,true,0,true,1.133e+12,0,0.107,1.989e-18,4.01e-16,0.07547,0.07685,0.08083
rand3-d12,2,Float64,432,KrylovSolver,c,1000.0,2,gap,true,0,true,3.399e+11,0,0.107,1.989e-18,4.01e-16,0.07547,0.07685,0.08083
rand3-d12,2,Float64,432,KrylovSolver,c,10000.0,2,gap,true,0,true,3.399e+10,0,0.107,1.989e-18,4.01e-16,0.07547,0.07685,0.08083
rand3-d12,2,Float64,432,KrylovSolver,tol,0.001,2,gap,true,0,true,6.798e+13,0,0.107,1.989e-18,4.01e-16,0.07547,0.07685,0.08083
rand3-d12,2,Float64,432,KrylovSolver,tol,0.0001,2,gap,true,0,true,6.798e+13,0,0.107,1.989e-18,4.01e-16,0.07547,0.07685,0.08083
rand3-d12,2,Float64,432,KrylovSolver,tol,1.0e-5,2,gap,true,0,true,6.798e+13,0,0.107,1.989e-18,4.01e-16,0.07547,0.07685,0.08083
rand3-d12,2,Float64,432,KrylovSolver,tol,1.0e-6,2,gap,true,0,true,6.798e+13,0,0.107,1.989e-18,4.01e-16,0.07547,0.07685,0.08083
rand3-d12,2,Float64,432,KrylovSolver,tol,1.0e-7,2,gap,true,0,true,6.798e+13,0,0.107,1.989e-18,4.01e-16,0.07547,0.07685,0.08083
rand3-d12,2,Float64,432,KrylovSolver,tol,1.0e-8,2,gap,true,0,true,6.798e+13,0,0.107,1.989e-18,4.01e-16,0.07547,0.07685,0.08083
rand3-d12,2,Float64,432,KrylovSolver,tol,1.0e-9,2,gap,true,0,true,6.798e+13,0,0.107,1.989e-18,4.01e-16,0.07547,0.07685,0.08083
rand3-d12,2,Float32,432,SVDSolver,c,1.0,2,gap,true,0,true,6.331e+05,0,0.031,1.124e-08,1.862e-08,0.07547,0.07685,0.08083
rand3-d12,2,Float32,432,SVDSolver,c,2.0,2,gap,true,0,true,3.165e+05,0,0.031,1.124e-08,1.862e-08,0.07547,0.07685,0.08083
rand3-d12,2,Float32,432,SVDSolver,c,3.0,2,gap,true,0,true,2.11e+05,0,0.031,1.124e-08,1.862e-08,0.07547,0.07685,0.08083
rand3-d12,2,Float32,432,SVDSolver,c,5.0,2,gap,true,0,true,1.266e+05,0,0.031,1.124e-08,1.862e-08,0.07547,0.07685,0.08083
rand3-d12,2,Float32,432,SVDSolver,c,10.0,2,gap,true,0,true,6.331e+04,0,0.031,1.124e-08,1.862e-08,0.07547,0.07685,0.08083
rand3-d12,2,Float32,432,SVDSolver,c,20.0,2,gap,true,0,true,3.165e+04,0,0.031,1.124e-08,1.862e-08,0.07547,0.07685,0.08083
rand3-d12,2,Float32,432,SVDSolver,c,30.0,2,gap,true,0,true,2.11e+04,0,0.031,1.124e-08,1.862e-08,0.07547,0.07685,0.08083
rand3-d12,2,Float32,432,SVDSolver,c,100.0,2,gap,true,0,true,6331,0,0.031,1.124e-08,1.862e-08,0.07547,0.07685,0.08083
rand3-d12,2,Float32,432,SVDSolver,c,300.0,2,gap,true,0,true,2110,0,0.031,1.124e-08,1.862e-08,0.07547,0.07685,0.08083
rand3-d12,2,Float32,432,SVDSolver,c,1000.0,2,gap,true,0,true,633.1,0,0.031,1.124e-08,1.862e-08,0.07547,0.07685,0.08083
rand3-d12,2,Float32,432,SVDSolver,c,10000.0,2,threshold,false,0,true,63.31,0,0.031,1.124e-08,1.862e-08,0.07547,0.07685,0.08083
rand3-d12,2,Float32,432,SVDSolver,tol,0.001,2,gap,true,0,true,1.266e+05,0,0.031,1.124e-08,1.862e-08,0.07547,0.07685,0.08083
rand3-d12,2,Float32,432,SVDSolver,tol,0.0001,2,gap,true,0,true,1.266e+05,0,0.031,1.124e-08,1.862e-08,0.07547,0.07685,0.08083
rand3-d12,2,Float32,432,SVDSolver,tol,1.0e-5,2,gap,true,0,true,1.266e+05,0,0.031,1.124e-08,1.862e-08,0.07547,0.07685,0.08083
rand3-d12,2,Float32,432,SVDSolver,tol,1.0e-6,2,gap,true,0,true,1.266e+05,0,0.031,1.124e-08,1.862e-08,0.07547,0.07685,0.08083
rand3-d12,2,Float32,432,SVDSolver,tol,1.0e-7,2,gap,true,0,true,1.266e+05,0,0.031,1.124e-08,1.862e-08,0.07547,0.07685,0.08083
rand3-d12,2,Float32,432,SVDSolver,tol,1.0e-8,2,gap,true,0,true,1.266e+05,0,0.031,1.124e-08,1.862e-08,0.07547,0.07685,0.08083
rand3-d12,2,Float32,432,SVDSolver,tol,1.0e-9,2,gap,true,0,true,1.266e+05,0,0.031,1.124e-08,1.862e-08,0.07547,0.07685,0.08083
rand3-d12,2,Float32,432,GramSolver,c,1.0,0,threshold,false,0,false,1.991,0,0.007,2.373e-07,2.727e-07,0.07549,0.07688,0.08093
rand3-d12,2,Float32,432,GramSolver,c,2.0,1,threshold,false,0,true,1.144,0,0.007,2.373e-07,2.727e-07,0.07549,0.07688,0.08093
rand3-d12,2,Float32,432,GramSolver,c,3.0,2,gap,true,0,true,2.111e+05,0,0.007,2.373e-07,2.727e-07,0.07549,0.07688,0.08093
rand3-d12,2,Float32,432,GramSolver,c,5.0,2,gap,true,0,true,1.267e+05,0,0.007,2.373e-07,2.727e-07,0.07549,0.07688,0.08093
rand3-d12,2,Float32,432,GramSolver,c,10.0,2,gap,true,0,true,6.333e+04,0,0.007,2.373e-07,2.727e-07,0.07549,0.07688,0.08093
rand3-d12,2,Float32,432,GramSolver,c,20.0,2,gap,true,0,true,3.166e+04,0,0.007,2.373e-07,2.727e-07,0.07549,0.07688,0.08093
rand3-d12,2,Float32,432,GramSolver,c,30.0,2,gap,true,0,true,2.111e+04,0,0.007,2.373e-07,2.727e-07,0.07549,0.07688,0.08093
rand3-d12,2,Float32,432,GramSolver,c,100.0,2,gap,true,0,true,6333,0,0.007,2.373e-07,2.727e-07,0.07549,0.07688,0.08093
rand3-d12,2,Float32,432,GramSolver,c,300.0,2,gap,true,0,true,2111,0,0.007,2.373e-07,2.727e-07,0.07549,0.07688,0.08093
rand3-d12,2,Float32,432,GramSolver,c,1000.0,2,gap,true,0,true,633.3,0,0.007,2.373e-07,2.727e-07,0.07549,0.07688,0.08093
rand3-d12,2,Float32,432,GramSolver,c,10000.0,2,threshold,false,0,true,63.33,0,0.007,2.373e-07,2.727e-07,0.07549,0.07688,0.08093
rand3-d12,2,Float32,432,GramSolver,tol,0.001,2,gap,true,0,true,1.267e+05,0,0.007,2.373e-07,2.727e-07,0.07549,0.07688,0.08093
rand3-d12,2,Float32,432,GramSolver,tol,0.0001,2,gap,true,0,true,1.267e+05,0,0.007,2.373e-07,2.727e-07,0.07549,0.07688,0.08093
rand3-d12,2,Float32,432,GramSolver,tol,1.0e-5,2,gap,true,0,true,1.267e+05,0,0.007,2.373e-07,2.727e-07,0.07549,0.07688,0.08093
rand3-d12,2,Float32,432,GramSolver,tol,1.0e-6,2,gap,true,0,true,1.267e+05,0,0.007,2.373e-07,2.727e-07,0.07549,0.07688,0.08093
rand3-d12,2,Float32,432,GramSolver,tol,1.0e-7,2,gap,true,0,true,1.267e+05,0,0.007,2.373e-07,2.727e-07,0.07549,0.07688,0.08093
rand3-d12,2,Float32,432,GramSolver,tol,1.0e-8,2,gap,true,0,true,1.267e+05,0,0.007,2.373e-07,2.727e-07,0.07549,0.07688,0.08093
rand3-d12,2,Float32,432,GramSolver,tol,1.0e-9,2,gap,true,0,true,1.267e+05,0,0.007,2.373e-07,2.727e-07,0.07549,0.07688,0.08093
rand3-d12,2,Float32,432,ArpackSolver,c,1.0,0,threshold,false,0,false,1.099,0,0.028,1.311e-07,1.893e-07,0.07547,0.07685,0.08083
rand3-d12,2,Float32,432,ArpackSolver,c,2.0,2,gap,true,0,true,3.165e+05,0,0.028,1.311e-07,1.893e-07,0.07547,0.07685,0.08083
rand3-d12,2,Float32,432,ArpackSolver,c,3.0,2,gap,true,0,true,2.11e+05,0,0.028,1.311e-07,1.893e-07,0.07547,0.07685,0.08083
rand3-d12,2,Float32,432,ArpackSolver,c,5.0,2,gap,true,0,true,1.266e+05,0,0.028,1.311e-07,1.893e-07,0.07547,0.07685,0.08083
rand3-d12,2,Float32,432,ArpackSolver,c,10.0,2,gap,true,0,true,6.331e+04,0,0.028,1.311e-07,1.893e-07,0.07547,0.07685,0.08083
rand3-d12,2,Float32,432,ArpackSolver,c,20.0,2,gap,true,0,true,3.165e+04,0,0.028,1.311e-07,1.893e-07,0.07547,0.07685,0.08083
rand3-d12,2,Float32,432,ArpackSolver,c,30.0,2,gap,true,0,true,2.11e+04,0,0.028,1.311e-07,1.893e-07,0.07547,0.07685,0.08083
rand3-d12,2,Float32,432,ArpackSolver,c,100.0,2,gap,true,0,true,6331,0,0.028,1.311e-07,1.893e-07,0.07547,0.07685,0.08083
rand3-d12,2,Float32,432,ArpackSolver,c,300.0,2,gap,true,0,true,2110,0,0.028,1.311e-07,1.893e-07,0.07547,0.07685,0.08083
rand3-d12,2,Float32,432,ArpackSolver,c,1000.0,2,gap,true,0,true,633.1,0,0.028,1.311e-07,1.893e-07,0.07547,0.07685,0.08083
rand3-d12,2,Float32,432,ArpackSolver,c,10000.0,2,threshold,false,0,true,63.31,0,0.028,1.311e-07,1.893e-07,0.07547,0.07685,0.08083
rand3-d12,2,Float32,432,ArpackSolver,tol,0.001,2,gap,true,0,true,1.266e+05,0,0.028,1.311e-07,1.893e-07,0.07547,0.07685,0.08083
rand3-d12,2,Float32,432,ArpackSolver,tol,0.0001,2,gap,true,0,true,1.266e+05,0,0.028,1.311e-07,1.893e-07,0.07547,0.07685,0.08083
rand3-d12,2,Float32,432,ArpackSolver,tol,1.0e-5,2,gap,true,0,true,1.266e+05,0,0.028,1.311e-07,1.893e-07,0.07547,0.07685,0.08083
rand3-d12,2,Float32,432,ArpackSolver,tol,1.0e-6,2,gap,true,0,true,1.266e+05,0,0.028,1.311e-07,1.893e-07,0.07547,0.07685,0.08083
rand3-d12,2,Float32,432,ArpackSolver,tol,1.0e-7,2,gap,true,0,true,1.266e+05,0,0.028,1.311e-07,1.893e-07,0.07547,0.07685,0.08083
rand3-d12,2,Float32,432,ArpackSolver,tol,1.0e-8,2,gap,true,0,true,1.266e+05,0,0.028,1.311e-07,1.893e-07,0.07547,0.07685,0.08083
rand3-d12,2,Float32,432,ArpackSolver,tol,1.0e-9,2,gap,true,0,true,1.266e+05,0,0.028,1.311e-07,1.893e-07,0.07547,0.07685,0.08083
rand3-d12,2,Float32,432,KrylovSolver,c,1.0,1,threshold,false,0,true,1.147,0,0.039,7.707e-09,1.367e-07,0.07547,0.07685,0.08083
rand3-d12,2,Float32,432,KrylovSolver,c,2.0,2,gap,true,0,true,3.165e+05,0,0.039,7.707e-09,1.367e-07,0.07547,0.07685,0.08083
rand3-d12,2,Float32,432,KrylovSolver,c,3.0,2,gap,true,0,true,2.11e+05,0,0.039,7.707e-09,1.367e-07,0.07547,0.07685,0.08083
rand3-d12,2,Float32,432,KrylovSolver,c,5.0,2,gap,true,0,true,1.266e+05,0,0.039,7.707e-09,1.367e-07,0.07547,0.07685,0.08083
rand3-d12,2,Float32,432,KrylovSolver,c,10.0,2,gap,true,0,true,6.331e+04,0,0.039,7.707e-09,1.367e-07,0.07547,0.07685,0.08083
rand3-d12,2,Float32,432,KrylovSolver,c,20.0,2,gap,true,0,true,3.165e+04,0,0.039,7.707e-09,1.367e-07,0.07547,0.07685,0.08083
rand3-d12,2,Float32,432,KrylovSolver,c,30.0,2,gap,true,0,true,2.11e+04,0,0.039,7.707e-09,1.367e-07,0.07547,0.07685,0.08083
rand3-d12,2,Float32,432,KrylovSolver,c,100.0,2,gap,true,0,true,6331,0,0.039,7.707e-09,1.367e-07,0.07547,0.07685,0.08083
rand3-d12,2,Float32,432,KrylovSolver,c,300.0,2,gap,true,0,true,2110,0,0.039,7.707e-09,1.367e-07,0.07547,0.07685,0.08083
rand3-d12,2,Float32,432,KrylovSolver,c,1000.0,2,gap,true,0,true,633.1,0,0.039,7.707e-09,1.367e-07,0.07547,0.07685,0.08083
rand3-d12,2,Float32,432,KrylovSolver,c,10000.0,2,threshold,false,0,true,63.31,0,0.039,7.707e-09,1.367e-07,0.07547,0.07685,0.08083
rand3-d12,2,Float32,432,KrylovSolver,tol,0.001,2,gap,true,0,true,1.266e+05,0,0.039,7.707e-09,1.367e-07,0.07547,0.07685,0.08083
rand3-d12,2,Float32,432,KrylovSolver,tol,0.0001,2,gap,true,0,true,1.266e+05,0,0.039,7.707e-09,1.367e-07,0.07547,0.07685,0.08083
rand3-d12,2,Float32,432,KrylovSolver,tol,1.0e-5,2,gap,true,0,true,1.266e+05,0,0.039,7.707e-09,1.367e-07,0.07547,0.07685,0.08083
rand3-d12,2,Float32,432,KrylovSolver,tol,1.0e-6,2,gap,true,0,true,1.266e+05,0,0.039,7.707e-09,1.367e-07,0.07547,0.07685,0.08083
rand3-d12,2,Float32,432,KrylovSolver,tol,1.0e-7,2,gap,true,0,true,1.266e+05,0,0.039,7.707e-09,1.367e-07,0.07547,0.07685,0.08083
rand3-d12,2,Float32,432,KrylovSolver,tol,1.0e-8,2,gap,true,0,true,1.266e+05,0,0.039,7.707e-09,1.367e-07,0.07547,0.07685,0.08083
rand3-d12,2,Float32,432,KrylovSolver,tol,1.0e-9,2,gap,true,0,true,1.266e+05,0,0.039,7.707e-09,1.367e-07,0.07547,0.07685,0.08083
rand3-d12,2,Float16,432,SVDSolver,c,1.0,1,threshold,false,1,true,1.125,0,0.023,3.863e-08,1.341e-07,0.07547,0.07685,0.08083
rand3-d12,2,Float16,432,SVDSolver,c,2.0,2,gap,true,0,true,3.165e+05,0,0.023,3.863e-08,1.341e-07,0.07547,0.07685,0.08083
rand3-d12,2,Float16,432,SVDSolver,c,3.0,2,gap,true,0,true,2.11e+05,0,0.023,3.863e-08,1.341e-07,0.07547,0.07685,0.08083
rand3-d12,2,Float16,432,SVDSolver,c,5.0,2,gap,true,0,true,1.266e+05,0,0.023,3.863e-08,1.341e-07,0.07547,0.07685,0.08083
rand3-d12,2,Float16,432,SVDSolver,c,10.0,2,gap,true,0,true,6.331e+04,0,0.023,3.863e-08,1.341e-07,0.07547,0.07685,0.08083
rand3-d12,2,Float16,432,SVDSolver,c,20.0,2,gap,true,0,true,3.165e+04,0,0.023,3.863e-08,1.341e-07,0.07547,0.07685,0.08083
rand3-d12,2,Float16,432,SVDSolver,c,30.0,2,gap,true,0,true,2.11e+04,0,0.023,3.863e-08,1.341e-07,0.07547,0.07685,0.08083
rand3-d12,2,Float16,432,SVDSolver,c,100.0,2,gap,true,0,true,6331,0,0.023,3.863e-08,1.341e-07,0.07547,0.07685,0.08083
rand3-d12,2,Float16,432,SVDSolver,c,300.0,2,gap,true,0,true,2110,0,0.023,3.863e-08,1.341e-07,0.07547,0.07685,0.08083
rand3-d12,2,Float16,432,SVDSolver,c,1000.0,2,gap,true,0,true,633.1,0,0.023,3.863e-08,1.341e-07,0.07547,0.07685,0.08083
rand3-d12,2,Float16,432,SVDSolver,c,10000.0,2,threshold,false,0,true,63.31,0,0.023,3.863e-08,1.341e-07,0.07547,0.07685,0.08083
rand3-d12,2,Float16,432,SVDSolver,tol,0.001,2,gap,true,0,true,1.266e+05,0,0.023,3.863e-08,1.341e-07,0.07547,0.07685,0.08083
rand3-d12,2,Float16,432,SVDSolver,tol,0.0001,2,gap,true,0,true,1.266e+05,0,0.023,3.863e-08,1.341e-07,0.07547,0.07685,0.08083
rand3-d12,2,Float16,432,SVDSolver,tol,1.0e-5,2,gap,true,0,true,1.266e+05,0,0.023,3.863e-08,1.341e-07,0.07547,0.07685,0.08083
rand3-d12,2,Float16,432,SVDSolver,tol,1.0e-6,2,gap,true,0,true,1.266e+05,0,0.023,3.863e-08,1.341e-07,0.07547,0.07685,0.08083
rand3-d12,2,Float16,432,SVDSolver,tol,1.0e-7,2,gap,true,0,true,1.266e+05,0,0.023,3.863e-08,1.341e-07,0.07547,0.07685,0.08083
rand3-d12,2,Float16,432,SVDSolver,tol,1.0e-8,2,gap,true,0,true,1.266e+05,0,0.023,3.863e-08,1.341e-07,0.07547,0.07685,0.08083
rand3-d12,2,Float16,432,SVDSolver,tol,1.0e-9,2,gap,true,0,true,1.266e+05,0,0.023,3.863e-08,1.341e-07,0.07547,0.07685,0.08083
rand3-d12,2,Float16,432,GramSolver,c,1.0,0,threshold,false,2,false,1.553,0,0.007,1.852e-07,2.896e-07,0.07549,0.07687,0.08093
rand3-d12,2,Float16,432,GramSolver,c,2.0,1,threshold,false,1,true,1.215,0,0.007,1.852e-07,2.896e-07,0.07549,0.07687,0.08093
rand3-d12,2,Float16,432,GramSolver,c,3.0,2,gap,true,0,true,2.111e+05,0,0.007,1.852e-07,2.896e-07,0.07549,0.07687,0.08093
rand3-d12,2,Float16,432,GramSolver,c,5.0,2,gap,true,0,true,1.267e+05,0,0.007,1.852e-07,2.896e-07,0.07549,0.07687,0.08093
rand3-d12,2,Float16,432,GramSolver,c,10.0,2,gap,true,0,true,6.333e+04,0,0.007,1.852e-07,2.896e-07,0.07549,0.07687,0.08093
rand3-d12,2,Float16,432,GramSolver,c,20.0,2,gap,true,0,true,3.166e+04,0,0.007,1.852e-07,2.896e-07,0.07549,0.07687,0.08093
rand3-d12,2,Float16,432,GramSolver,c,30.0,2,gap,true,0,true,2.111e+04,0,0.007,1.852e-07,2.896e-07,0.07549,0.07687,0.08093
rand3-d12,2,Float16,432,GramSolver,c,100.0,2,gap,true,0,true,6333,0,0.007,1.852e-07,2.896e-07,0.07549,0.07687,0.08093
rand3-d12,2,Float16,432,GramSolver,c,300.0,2,gap,true,0,true,2111,0,0.007,1.852e-07,2.896e-07,0.07549,0.07687,0.08093
rand3-d12,2,Float16,432,GramSolver,c,1000.0,2,gap,true,0,true,633.3,0,0.007,1.852e-07,2.896e-07,0.07549,0.07687,0.08093
rand3-d12,2,Float16,432,GramSolver,c,10000.0,2,threshold,false,0,true,63.33,0,0.007,1.852e-07,2.896e-07,0.07549,0.07687,0.08093
rand3-d12,2,Float16,432,GramSolver,tol,0.001,2,gap,true,0,true,1.267e+05,0,0.007,1.852e-07,2.896e-07,0.07549,0.07687,0.08093
rand3-d12,2,Float16,432,GramSolver,tol,0.0001,2,gap,true,0,true,1.267e+05,0,0.007,1.852e-07,2.896e-07,0.07549,0.07687,0.08093
rand3-d12,2,Float16,432,GramSolver,tol,1.0e-5,2,gap,true,0,true,1.267e+05,0,0.007,1.852e-07,2.896e-07,0.07549,0.07687,0.08093
rand3-d12,2,Float16,432,GramSolver,tol,1.0e-6,2,gap,true,0,true,1.267e+05,0,0.007,1.852e-07,2.896e-07,0.07549,0.07687,0.08093
rand3-d12,2,Float16,432,GramSolver,tol,1.0e-7,2,gap,true,0,true,1.267e+05,0,0.007,1.852e-07,2.896e-07,0.07549,0.07687,0.08093
rand3-d12,2,Float16,432,GramSolver,tol,1.0e-8,2,gap,true,0,true,1.267e+05,0,0.007,1.852e-07,2.896e-07,0.07549,0.07687,0.08093
rand3-d12,2,Float16,432,GramSolver,tol,1.0e-9,2,gap,true,0,true,1.267e+05,0,0.007,1.852e-07,2.896e-07,0.07549,0.07687,0.08093
rand3-d12,2,Float16,432,ArpackSolver,c,1.0,1,threshold,false,1,true,1.303,0,0.013,4.925e-08,1.553e-07,0.07547,0.07685,0.08083
rand3-d12,2,Float16,432,ArpackSolver,c,2.0,2,gap,true,0,true,3.165e+05,0,0.013,4.925e-08,1.553e-07,0.07547,0.07685,0.08083
rand3-d12,2,Float16,432,ArpackSolver,c,3.0,2,gap,true,0,true,2.11e+05,0,0.013,4.925e-08,1.553e-07,0.07547,0.07685,0.08083
rand3-d12,2,Float16,432,ArpackSolver,c,5.0,2,gap,true,0,true,1.266e+05,0,0.013,4.925e-08,1.553e-07,0.07547,0.07685,0.08083
rand3-d12,2,Float16,432,ArpackSolver,c,10.0,2,gap,true,0,true,6.331e+04,0,0.013,4.925e-08,1.553e-07,0.07547,0.07685,0.08083
rand3-d12,2,Float16,432,ArpackSolver,c,20.0,2,gap,true,0,true,3.165e+04,0,0.013,4.925e-08,1.553e-07,0.07547,0.07685,0.08083
rand3-d12,2,Float16,432,ArpackSolver,c,30.0,2,gap,true,0,true,2.11e+04,0,0.013,4.925e-08,1.553e-07,0.07547,0.07685,0.08083
rand3-d12,2,Float16,432,ArpackSolver,c,100.0,2,gap,true,0,true,6331,0,0.013,4.925e-08,1.553e-07,0.07547,0.07685,0.08083
rand3-d12,2,Float16,432,ArpackSolver,c,300.0,2,gap,true,0,true,2110,0,0.013,4.925e-08,1.553e-07,0.07547,0.07685,0.08083
rand3-d12,2,Float16,432,ArpackSolver,c,1000.0,2,gap,true,0,true,633.1,0,0.013,4.925e-08,1.553e-07,0.07547,0.07685,0.08083
rand3-d12,2,Float16,432,ArpackSolver,c,10000.0,2,threshold,false,0,true,63.31,0,0.013,4.925e-08,1.553e-07,0.07547,0.07685,0.08083
rand3-d12,2,Float16,432,ArpackSolver,tol,0.001,2,gap,true,0,true,1.266e+05,0,0.013,4.925e-08,1.553e-07,0.07547,0.07685,0.08083
rand3-d12,2,Float16,432,ArpackSolver,tol,0.0001,2,gap,true,0,true,1.266e+05,0,0.013,4.925e-08,1.553e-07,0.07547,0.07685,0.08083
rand3-d12,2,Float16,432,ArpackSolver,tol,1.0e-5,2,gap,true,0,true,1.266e+05,0,0.013,4.925e-08,1.553e-07,0.07547,0.07685,0.08083
rand3-d12,2,Float16,432,ArpackSolver,tol,1.0e-6,2,gap,true,0,true,1.266e+05,0,0.013,4.925e-08,1.553e-07,0.07547,0.07685,0.08083
rand3-d12,2,Float16,432,ArpackSolver,tol,1.0e-7,2,gap,true,0,true,1.266e+05,0,0.013,4.925e-08,1.553e-07,0.07547,0.07685,0.08083
rand3-d12,2,Float16,432,ArpackSolver,tol,1.0e-8,2,gap,true,0,true,1.266e+05,0,0.013,4.925e-08,1.553e-07,0.07547,0.07685,0.08083
rand3-d12,2,Float16,432,ArpackSolver,tol,1.0e-9,2,gap,true,0,true,1.266e+05,0,0.013,4.925e-08,1.553e-07,0.07547,0.07685,0.08083
rand3-d12,2,Float16,432,KrylovSolver,c,1.0,1,threshold,false,1,true,1.331,0,0.039,2.067e-08,1.587e-07,0.07547,0.07685,0.08083
rand3-d12,2,Float16,432,KrylovSolver,c,2.0,2,gap,true,0,true,3.165e+05,0,0.039,2.067e-08,1.587e-07,0.07547,0.07685,0.08083
rand3-d12,2,Float16,432,KrylovSolver,c,3.0,2,gap,true,0,true,2.11e+05,0,0.039,2.067e-08,1.587e-07,0.07547,0.07685,0.08083
rand3-d12,2,Float16,432,KrylovSolver,c,5.0,2,gap,true,0,true,1.266e+05,0,0.039,2.067e-08,1.587e-07,0.07547,0.07685,0.08083
rand3-d12,2,Float16,432,KrylovSolver,c,10.0,2,gap,true,0,true,6.331e+04,0,0.039,2.067e-08,1.587e-07,0.07547,0.07685,0.08083
rand3-d12,2,Float16,432,KrylovSolver,c,20.0,2,gap,true,0,true,3.165e+04,0,0.039,2.067e-08,1.587e-07,0.07547,0.07685,0.08083
rand3-d12,2,Float16,432,KrylovSolver,c,30.0,2,gap,true,0,true,2.11e+04,0,0.039,2.067e-08,1.587e-07,0.07547,0.07685,0.08083
rand3-d12,2,Float16,432,KrylovSolver,c,100.0,2,gap,true,0,true,6331,0,0.039,2.067e-08,1.587e-07,0.07547,0.07685,0.08083
rand3-d12,2,Float16,432,KrylovSolver,c,300.0,2,gap,true,0,true,2110,0,0.039,2.067e-08,1.587e-07,0.07547,0.07685,0.08083
rand3-d12,2,Float16,432,KrylovSolver,c,1000.0,2,gap,true,0,true,633.1,0,0.039,2.067e-08,1.587e-07,0.07547,0.07685,0.08083
rand3-d12,2,Float16,432,KrylovSolver,c,10000.0,2,threshold,false,0,true,63.31,0,0.039,2.067e-08,1.587e-07,0.07547,0.07685,0.08083
rand3-d12,2,Float16,432,KrylovSolver,tol,0.001,2,gap,true,0,true,1.266e+05,0,0.039,2.067e-08,1.587e-07,0.07547,0.07685,0.08083
rand3-d12,2,Float16,432,KrylovSolver,tol,0.0001,2,gap,true,0,true,1.266e+05,0,0.039,2.067e-08,1.587e-07,0.07547,0.07685,0.08083
rand3-d12,2,Float16,432,KrylovSolver,tol,1.0e-5,2,gap,true,0,true,1.266e+05,0,0.039,2.067e-08,1.587e-07,0.07547,0.07685,0.08083
rand3-d12,2,Float16,432,KrylovSolver,tol,1.0e-6,2,gap,true,0,true,1.266e+05,0,0.039,2.067e-08,1.587e-07,0.07547,0.07685,0.08083
rand3-d12,2,Float16,432,KrylovSolver,tol,1.0e-7,2,gap,true,0,true,1.266e+05,0,0.039,2.067e-08,1.587e-07,0.07547,0.07685,0.08083
rand3-d12,2,Float16,432,KrylovSolver,tol,1.0e-8,2,gap,true,0,true,1.266e+05,0,0.039,2.067e-08,1.587e-07,0.07547,0.07685,0.08083
rand3-d12,2,Float16,432,KrylovSolver,tol,1.0e-9,2,gap,true,0,true,1.266e+05,0,0.039,2.067e-08,1.587e-07,0.07547,0.07685,0.08083
rand4-d6,3,Float64,144,SVDSolver,c,1.0,3,gap,true,0,false,2.517e+14,0,0.004,4.057e-17,5.832e-17,4.449e-16,0.112,0.1168
rand4-d6,3,Float64,144,SVDSolver,c,2.0,3,gap,true,0,false,2.517e+14,0,0.004,4.057e-17,5.832e-17,4.449e-16,0.112,0.1168
rand4-d6,3,Float64,144,SVDSolver,c,3.0,3,gap,true,0,true,1.681e+14,0,0.004,4.057e-17,5.832e-17,4.449e-16,0.112,0.1168
rand4-d6,3,Float64,144,SVDSolver,c,5.0,3,gap,true,0,true,1.009e+14,0,0.004,4.057e-17,5.832e-17,4.449e-16,0.112,0.1168
rand4-d6,3,Float64,144,SVDSolver,c,10.0,3,gap,true,0,true,5.043e+13,0,0.004,4.057e-17,5.832e-17,4.449e-16,0.112,0.1168
rand4-d6,3,Float64,144,SVDSolver,c,20.0,3,gap,true,0,true,2.522e+13,0,0.004,4.057e-17,5.832e-17,4.449e-16,0.112,0.1168
rand4-d6,3,Float64,144,SVDSolver,c,30.0,3,gap,true,0,true,1.681e+13,0,0.004,4.057e-17,5.832e-17,4.449e-16,0.112,0.1168
rand4-d6,3,Float64,144,SVDSolver,c,100.0,3,gap,true,0,true,5.043e+12,0,0.004,4.057e-17,5.832e-17,4.449e-16,0.112,0.1168
rand4-d6,3,Float64,144,SVDSolver,c,300.0,3,gap,true,0,true,1.681e+12,0,0.004,4.057e-17,5.832e-17,4.449e-16,0.112,0.1168
rand4-d6,3,Float64,144,SVDSolver,c,1000.0,3,gap,true,0,true,5.043e+11,0,0.004,4.057e-17,5.832e-17,4.449e-16,0.112,0.1168
rand4-d6,3,Float64,144,SVDSolver,c,10000.0,3,gap,true,0,true,5.043e+10,0,0.004,4.057e-17,5.832e-17,4.449e-16,0.112,0.1168
rand4-d6,3,Float64,144,SVDSolver,tol,0.001,3,gap,true,0,true,1.009e+14,0,0.004,4.057e-17,5.832e-17,4.449e-16,0.112,0.1168
rand4-d6,3,Float64,144,SVDSolver,tol,0.0001,3,gap,true,0,true,1.009e+14,0,0.004,4.057e-17,5.832e-17,4.449e-16,0.112,0.1168
rand4-d6,3,Float64,144,SVDSolver,tol,1.0e-5,3,gap,true,0,true,1.009e+14,0,0.004,4.057e-17,5.832e-17,4.449e-16,0.112,0.1168
rand4-d6,3,Float64,144,SVDSolver,tol,1.0e-6,3,gap,true,0,true,1.009e+14,0,0.004,4.057e-17,5.832e-17,4.449e-16,0.112,0.1168
rand4-d6,3,Float64,144,SVDSolver,tol,1.0e-7,3,gap,true,0,true,1.009e+14,0,0.004,4.057e-17,5.832e-17,4.449e-16,0.112,0.1168
rand4-d6,3,Float64,144,SVDSolver,tol,1.0e-8,3,gap,true,0,true,1.009e+14,0,0.004,4.057e-17,5.832e-17,4.449e-16,0.112,0.1168
rand4-d6,3,Float64,144,SVDSolver,tol,1.0e-9,3,gap,true,0,true,1.009e+14,0,0.004,4.057e-17,5.832e-17,4.449e-16,0.112,0.1168
rand4-d6,3,Float64,144,GramSolver,c,1.0,3,gap,true,0,false,3.141e+14,0,0.003,2.426e-16,2.571e-16,3.566e-16,0.112,0.1169
rand4-d6,3,Float64,144,GramSolver,c,2.0,3,gap,true,0,true,2.522e+14,0,0.003,2.426e-16,2.571e-16,3.566e-16,0.112,0.1169
rand4-d6,3,Float64,144,GramSolver,c,3.0,3,gap,true,0,true,1.681e+14,0,0.003,2.426e-16,2.571e-16,3.566e-16,0.112,0.1169
rand4-d6,3,Float64,144,GramSolver,c,5.0,3,gap,true,0,true,1.009e+14,0,0.003,2.426e-16,2.571e-16,3.566e-16,0.112,0.1169
rand4-d6,3,Float64,144,GramSolver,c,10.0,3,gap,true,0,true,5.044e+13,0,0.003,2.426e-16,2.571e-16,3.566e-16,0.112,0.1169
rand4-d6,3,Float64,144,GramSolver,c,20.0,3,gap,true,0,true,2.522e+13,0,0.003,2.426e-16,2.571e-16,3.566e-16,0.112,0.1169
rand4-d6,3,Float64,144,GramSolver,c,30.0,3,gap,true,0,true,1.681e+13,0,0.003,2.426e-16,2.571e-16,3.566e-16,0.112,0.1169
rand4-d6,3,Float64,144,GramSolver,c,100.0,3,gap,true,0,true,5.044e+12,0,0.003,2.426e-16,2.571e-16,3.566e-16,0.112,0.1169
rand4-d6,3,Float64,144,GramSolver,c,300.0,3,gap,true,0,true,1.681e+12,0,0.003,2.426e-16,2.571e-16,3.566e-16,0.112,0.1169
rand4-d6,3,Float64,144,GramSolver,c,1000.0,3,gap,true,0,true,5.044e+11,0,0.003,2.426e-16,2.571e-16,3.566e-16,0.112,0.1169
rand4-d6,3,Float64,144,GramSolver,c,10000.0,3,gap,true,0,true,5.044e+10,0,0.003,2.426e-16,2.571e-16,3.566e-16,0.112,0.1169
rand4-d6,3,Float64,144,GramSolver,tol,0.001,3,gap,true,0,true,1.009e+14,0,0.003,2.426e-16,2.571e-16,3.566e-16,0.112,0.1169
rand4-d6,3,Float64,144,GramSolver,tol,0.0001,3,gap,true,0,true,1.009e+14,0,0.003,2.426e-16,2.571e-16,3.566e-16,0.112,0.1169
rand4-d6,3,Float64,144,GramSolver,tol,1.0e-5,3,gap,true,0,true,1.009e+14,0,0.003,2.426e-16,2.571e-16,3.566e-16,0.112,0.1169
rand4-d6,3,Float64,144,GramSolver,tol,1.0e-6,3,gap,true,0,true,1.009e+14,0,0.003,2.426e-16,2.571e-16,3.566e-16,0.112,0.1169
rand4-d6,3,Float64,144,GramSolver,tol,1.0e-7,3,gap,true,0,true,1.009e+14,0,0.003,2.426e-16,2.571e-16,3.566e-16,0.112,0.1169
rand4-d6,3,Float64,144,GramSolver,tol,1.0e-8,3,gap,true,0,true,1.009e+14,0,0.003,2.426e-16,2.571e-16,3.566e-16,0.112,0.1169
rand4-d6,3,Float64,144,GramSolver,tol,1.0e-9,3,gap,true,0,true,1.009e+14,0,0.003,2.426e-16,2.571e-16,3.566e-16,0.112,0.1169
rand4-d6,3,Float64,144,ArpackSolver,c,1.0,3,gap,true,0,true,5.043e+14,0,0.005,1.319e-17,2.995e-17,1.76e-16,0.112,0.1168
rand4-d6,3,Float64,144,ArpackSolver,c,2.0,3,gap,true,0,true,2.522e+14,0,0.005,1.319e-17,2.995e-17,1.76e-16,0.112,0.1168
rand4-d6,3,Float64,144,ArpackSolver,c,3.0,3,gap,true,0,true,1.681e+14,0,0.005,1.319e-17,2.995e-17,1.76e-16,0.112,0.1168
rand4-d6,3,Float64,144,ArpackSolver,c,5.0,3,gap,true,0,true,1.009e+14,0,0.005,1.319e-17,2.995e-17,1.76e-16,0.112,0.1168
rand4-d6,3,Float64,144,ArpackSolver,c,10.0,3,gap,true,0,true,5.043e+13,0,0.005,1.319e-17,2.995e-17,1.76e-16,0.112,0.1168
rand4-d6,3,Float64,144,ArpackSolver,c,20.0,3,gap,true,0,true,2.522e+13,0,0.005,1.319e-17,2.995e-17,1.76e-16,0.112,0.1168
rand4-d6,3,Float64,144,ArpackSolver,c,30.0,3,gap,true,0,true,1.681e+13,0,0.005,1.319e-17,2.995e-17,1.76e-16,0.112,0.1168
rand4-d6,3,Float64,144,ArpackSolver,c,100.0,3,gap,true,0,true,5.043e+12,0,0.005,1.319e-17,2.995e-17,1.76e-16,0.112,0.1168
rand4-d6,3,Float64,144,ArpackSolver,c,300.0,3,gap,true,0,true,1.681e+12,0,0.005,1.319e-17,2.995e-17,1.76e-16,0.112,0.1168
rand4-d6,3,Float64,144,ArpackSolver,c,1000.0,3,gap,true,0,true,5.043e+11,0,0.005,1.319e-17,2.995e-17,1.76e-16,0.112,0.1168
rand4-d6,3,Float64,144,ArpackSolver,c,10000.0,3,gap,true,0,true,5.043e+10,0,0.005,1.319e-17,2.995e-17,1.76e-16,0.112,0.1168
rand4-d6,3,Float64,144,ArpackSolver,tol,0.001,3,gap,true,0,true,1.009e+14,0,0.005,1.319e-17,2.995e-17,1.76e-16,0.112,0.1168
rand4-d6,3,Float64,144,ArpackSolver,tol,0.0001,3,gap,true,0,true,1.009e+14,0,0.005,1.319e-17,2.995e-17,1.76e-16,0.112,0.1168
rand4-d6,3,Float64,144,ArpackSolver,tol,1.0e-5,3,gap,true,0,true,1.009e+14,0,0.005,1.319e-17,2.995e-17,1.76e-16,0.112,0.1168
rand4-d6,3,Float64,144,ArpackSolver,tol,1.0e-6,3,gap,true,0,true,1.009e+14,0,0.005,1.319e-17,2.995e-17,1.76e-16,0.112,0.1168
rand4-d6,3,Float64,144,ArpackSolver,tol,1.0e-7,3,gap,true,0,true,1.009e+14,0,0.005,1.319e-17,2.995e-17,1.76e-16,0.112,0.1168
rand4-d6,3,Float64,144,ArpackSolver,tol,1.0e-8,3,gap,true,0,true,1.009e+14,0,0.005,1.319e-17,2.995e-17,1.76e-16,0.112,0.1168
rand4-d6,3,Float64,144,ArpackSolver,tol,1.0e-9,3,gap,true,0,true,1.009e+14,0,0.005,1.319e-17,2.995e-17,1.76e-16,0.112,0.1168
rand4-d6,3,Float64,144,KrylovSolver,c,1.0,3,gap,true,0,false,1.041e+14,0,0.023,1.421e-16,7.663e-16,1.076e-15,0.112,0.1168
rand4-d6,3,Float64,144,KrylovSolver,c,2.0,3,gap,true,0,false,1.041e+14,0,0.023,1.421e-16,7.663e-16,1.076e-15,0.112,0.1168
rand4-d6,3,Float64,144,KrylovSolver,c,3.0,3,gap,true,0,false,1.041e+14,0,0.023,1.421e-16,7.663e-16,1.076e-15,0.112,0.1168
rand4-d6,3,Float64,144,KrylovSolver,c,5.0,3,gap,true,0,true,1.009e+14,0,0.023,1.421e-16,7.663e-16,1.076e-15,0.112,0.1168
rand4-d6,3,Float64,144,KrylovSolver,c,10.0,3,gap,true,0,true,5.043e+13,0,0.023,1.421e-16,7.663e-16,1.076e-15,0.112,0.1168
rand4-d6,3,Float64,144,KrylovSolver,c,20.0,3,gap,true,0,true,2.522e+13,0,0.023,1.421e-16,7.663e-16,1.076e-15,0.112,0.1168
rand4-d6,3,Float64,144,KrylovSolver,c,30.0,3,gap,true,0,true,1.681e+13,0,0.023,1.421e-16,7.663e-16,1.076e-15,0.112,0.1168
rand4-d6,3,Float64,144,KrylovSolver,c,100.0,3,gap,true,0,true,5.043e+12,0,0.023,1.421e-16,7.663e-16,1.076e-15,0.112,0.1168
rand4-d6,3,Float64,144,KrylovSolver,c,300.0,3,gap,true,0,true,1.681e+12,0,0.023,1.421e-16,7.663e-16,1.076e-15,0.112,0.1168
rand4-d6,3,Float64,144,KrylovSolver,c,1000.0,3,gap,true,0,true,5.043e+11,0,0.023,1.421e-16,7.663e-16,1.076e-15,0.112,0.1168
rand4-d6,3,Float64,144,KrylovSolver,c,10000.0,3,gap,true,0,true,5.043e+10,0,0.023,1.421e-16,7.663e-16,1.076e-15,0.112,0.1168
rand4-d6,3,Float64,144,KrylovSolver,tol,0.001,3,gap,true,0,true,1.009e+14,0,0.023,1.421e-16,7.663e-16,1.076e-15,0.112,0.1168
rand4-d6,3,Float64,144,KrylovSolver,tol,0.0001,3,gap,true,0,true,1.009e+14,0,0.023,1.421e-16,7.663e-16,1.076e-15,0.112,0.1168
rand4-d6,3,Float64,144,KrylovSolver,tol,1.0e-5,3,gap,true,0,true,1.009e+14,0,0.023,1.421e-16,7.663e-16,1.076e-15,0.112,0.1168
rand4-d6,3,Float64,144,KrylovSolver,tol,1.0e-6,3,gap,true,0,true,1.009e+14,0,0.023,1.421e-16,7.663e-16,1.076e-15,0.112,0.1168
rand4-d6,3,Float64,144,KrylovSolver,tol,1.0e-7,3,gap,true,0,true,1.009e+14,0,0.023,1.421e-16,7.663e-16,1.076e-15,0.112,0.1168
rand4-d6,3,Float64,144,KrylovSolver,tol,1.0e-8,3,gap,true,0,true,1.009e+14,0,0.023,1.421e-16,7.663e-16,1.076e-15,0.112,0.1168
rand4-d6,3,Float64,144,KrylovSolver,tol,1.0e-9,3,gap,true,0,true,1.009e+14,0,0.023,1.421e-16,7.663e-16,1.076e-15,0.112,0.1168
rand4-d6,3,Float32,144,SVDSolver,c,1.0,3,gap,true,0,true,9.394e+05,0,0.003,2.612e-08,3.219e-08,3.427e-08,0.112,0.1168
rand4-d6,3,Float32,144,SVDSolver,c,2.0,3,gap,true,0,true,4.697e+05,0,0.003,2.612e-08,3.219e-08,3.427e-08,0.112,0.1168
rand4-d6,3,Float32,144,SVDSolver,c,3.0,3,gap,true,0,true,3.131e+05,0,0.003,2.612e-08,3.219e-08,3.427e-08,0.112,0.1168
rand4-d6,3,Float32,144,SVDSolver,c,5.0,3,gap,true,0,true,1.879e+05,0,0.003,2.612e-08,3.219e-08,3.427e-08,0.112,0.1168
rand4-d6,3,Float32,144,SVDSolver,c,10.0,3,gap,true,0,true,9.394e+04,0,0.003,2.612e-08,3.219e-08,3.427e-08,0.112,0.1168
rand4-d6,3,Float32,144,SVDSolver,c,20.0,3,gap,true,0,true,4.697e+04,0,0.003,2.612e-08,3.219e-08,3.427e-08,0.112,0.1168
rand4-d6,3,Float32,144,SVDSolver,c,30.0,3,gap,true,0,true,3.131e+04,0,0.003,2.612e-08,3.219e-08,3.427e-08,0.112,0.1168
rand4-d6,3,Float32,144,SVDSolver,c,100.0,3,gap,true,0,true,9394,0,0.003,2.612e-08,3.219e-08,3.427e-08,0.112,0.1168
rand4-d6,3,Float32,144,SVDSolver,c,300.0,3,gap,true,0,true,3131,0,0.003,2.612e-08,3.219e-08,3.427e-08,0.112,0.1168
rand4-d6,3,Float32,144,SVDSolver,c,1000.0,3,gap,true,0,true,939.4,0,0.003,2.612e-08,3.219e-08,3.427e-08,0.112,0.1168
rand4-d6,3,Float32,144,SVDSolver,c,10000.0,3,threshold,false,0,true,93.94,0,0.003,2.612e-08,3.219e-08,3.427e-08,0.112,0.1168
rand4-d6,3,Float32,144,SVDSolver,tol,0.001,3,gap,true,0,true,1.879e+05,0,0.003,2.612e-08,3.219e-08,3.427e-08,0.112,0.1168
rand4-d6,3,Float32,144,SVDSolver,tol,0.0001,3,gap,true,0,true,1.879e+05,0,0.003,2.612e-08,3.219e-08,3.427e-08,0.112,0.1168
rand4-d6,3,Float32,144,SVDSolver,tol,1.0e-5,3,gap,true,0,true,1.879e+05,0,0.003,2.612e-08,3.219e-08,3.427e-08,0.112,0.1168
rand4-d6,3,Float32,144,SVDSolver,tol,1.0e-6,3,gap,true,0,true,1.879e+05,0,0.003,2.612e-08,3.219e-08,3.427e-08,0.112,0.1168
rand4-d6,3,Float32,144,SVDSolver,tol,1.0e-7,3,gap,true,0,true,1.879e+05,0,0.003,2.612e-08,3.219e-08,3.427e-08,0.112,0.1168
rand4-d6,3,Float32,144,SVDSolver,tol,1.0e-8,3,gap,true,0,true,1.879e+05,0,0.003,2.612e-08,3.219e-08,3.427e-08,0.112,0.1168
rand4-d6,3,Float32,144,SVDSolver,tol,1.0e-9,3,gap,true,0,true,1.879e+05,0,0.003,2.612e-08,3.219e-08,3.427e-08,0.112,0.1168
rand4-d6,3,Float32,144,GramSolver,c,1.0,2,threshold,false,0,true,1.135,0,0.002,7.178e-08,1.187e-07,1.353e-07,0.112,0.1169
rand4-d6,3,Float32,144,GramSolver,c,2.0,3,gap,true,0,true,4.698e+05,0,0.002,7.178e-08,1.187e-07,1.353e-07,0.112,0.1169
rand4-d6,3,Float32,144,GramSolver,c,3.0,3,gap,true,0,true,3.132e+05,0,0.002,7.178e-08,1.187e-07,1.353e-07,0.112,0.1169
rand4-d6,3,Float32,144,GramSolver,c,5.0,3,gap,true,0,true,1.879e+05,0,0.002,7.178e-08,1.187e-07,1.353e-07,0.112,0.1169
rand4-d6,3,Float32,144,GramSolver,c,10.0,3,gap,true,0,true,9.395e+04,0,0.002,7.178e-08,1.187e-07,1.353e-07,0.112,0.1169
rand4-d6,3,Float32,144,GramSolver,c,20.0,3,gap,true,0,true,4.698e+04,0,0.002,7.178e-08,1.187e-07,1.353e-07,0.112,0.1169
rand4-d6,3,Float32,144,GramSolver,c,30.0,3,gap,true,0,true,3.132e+04,0,0.002,7.178e-08,1.187e-07,1.353e-07,0.112,0.1169
rand4-d6,3,Float32,144,GramSolver,c,100.0,3,gap,true,0,true,9395,0,0.002,7.178e-08,1.187e-07,1.353e-07,0.112,0.1169
rand4-d6,3,Float32,144,GramSolver,c,300.0,3,gap,true,0,true,3132,0,0.002,7.178e-08,1.187e-07,1.353e-07,0.112,0.1169
rand4-d6,3,Float32,144,GramSolver,c,1000.0,3,gap,true,0,true,939.5,0,0.002,7.178e-08,1.187e-07,1.353e-07,0.112,0.1169
rand4-d6,3,Float32,144,GramSolver,c,10000.0,3,threshold,false,0,true,93.95,0,0.002,7.178e-08,1.187e-07,1.353e-07,0.112,0.1169
rand4-d6,3,Float32,144,GramSolver,tol,0.001,3,gap,true,0,true,1.879e+05,0,0.002,7.178e-08,1.187e-07,1.353e-07,0.112,0.1169
rand4-d6,3,Float32,144,GramSolver,tol,0.0001,3,gap,true,0,true,1.879e+05,0,0.002,7.178e-08,1.187e-07,1.353e-07,0.112,0.1169
rand4-d6,3,Float32,144,GramSolver,tol,1.0e-5,3,gap,true,0,true,1.879e+05,0,0.002,7.178e-08,1.187e-07,1.353e-07,0.112,0.1169
rand4-d6,3,Float32,144,GramSolver,tol,1.0e-6,3,gap,true,0,true,1.879e+05,0,0.002,7.178e-08,1.187e-07,1.353e-07,0.112,0.1169
rand4-d6,3,Float32,144,GramSolver,tol,1.0e-7,3,gap,true,0,true,1.879e+05,0,0.002,7.178e-08,1.187e-07,1.353e-07,0.112,0.1169
rand4-d6,3,Float32,144,GramSolver,tol,1.0e-8,3,gap,true,0,true,1.879e+05,0,0.002,7.178e-08,1.187e-07,1.353e-07,0.112,0.1169
rand4-d6,3,Float32,144,GramSolver,tol,1.0e-9,3,gap,true,0,true,1.879e+05,0,0.002,7.178e-08,1.187e-07,1.353e-07,0.112,0.1169
rand4-d6,3,Float32,144,ArpackSolver,c,1.0,2,threshold,false,0,true,1.079,0,0.004,4.794e-09,4.904e-08,1.286e-07,0.112,0.1168
rand4-d6,3,Float32,144,ArpackSolver,c,2.0,3,gap,true,0,true,4.697e+05,0,0.004,4.794e-09,4.904e-08,1.286e-07,0.112,0.1168
rand4-d6,3,Float32,144,ArpackSolver,c,3.0,3,gap,true,0,true,3.131e+05,0,0.004,4.794e-09,4.904e-08,1.286e-07,0.112,0.1168
rand4-d6,3,Float32,144,ArpackSolver,c,5.0,3,gap,true,0,true,1.879e+05,0,0.004,4.794e-09,4.904e-08,1.286e-07,0.112,0.1168
rand4-d6,3,Float32,144,ArpackSolver,c,10.0,3,gap,true,0,true,9.394e+04,0,0.004,4.794e-09,4.904e-08,1.286e-07,0.112,0.1168
rand4-d6,3,Float32,144,ArpackSolver,c,20.0,3,gap,true,0,true,4.697e+04,0,0.004,4.794e-09,4.904e-08,1.286e-07,0.112,0.1168
rand4-d6,3,Float32,144,ArpackSolver,c,30.0,3,gap,true,0,true,3.131e+04,0,0.004,4.794e-09,4.904e-08,1.286e-07,0.112,0.1168
rand4-d6,3,Float32,144,ArpackSolver,c,100.0,3,gap,true,0,true,9394,0,0.004,4.794e-09,4.904e-08,1.286e-07,0.112,0.1168
rand4-d6,3,Float32,144,ArpackSolver,c,300.0,3,gap,true,0,true,3131,0,0.004,4.794e-09,4.904e-08,1.286e-07,0.112,0.1168
rand4-d6,3,Float32,144,ArpackSolver,c,1000.0,3,gap,true,0,true,939.4,0,0.004,4.794e-09,4.904e-08,1.286e-07,0.112,0.1168
rand4-d6,3,Float32,144,ArpackSolver,c,10000.0,3,threshold,false,0,true,93.94,0,0.004,4.794e-09,4.904e-08,1.286e-07,0.112,0.1168
rand4-d6,3,Float32,144,ArpackSolver,tol,0.001,3,gap,true,0,true,1.879e+05,0,0.004,4.794e-09,4.904e-08,1.286e-07,0.112,0.1168
rand4-d6,3,Float32,144,ArpackSolver,tol,0.0001,3,gap,true,0,true,1.879e+05,0,0.004,4.794e-09,4.904e-08,1.286e-07,0.112,0.1168
rand4-d6,3,Float32,144,ArpackSolver,tol,1.0e-5,3,gap,true,0,true,1.879e+05,0,0.004,4.794e-09,4.904e-08,1.286e-07,0.112,0.1168
rand4-d6,3,Float32,144,ArpackSolver,tol,1.0e-6,3,gap,true,0,true,1.879e+05,0,0.004,4.794e-09,4.904e-08,1.286e-07,0.112,0.1168
rand4-d6,3,Float32,144,ArpackSolver,tol,1.0e-7,3,gap,true,0,true,1.879e+05,0,0.004,4.794e-09,4.904e-08,1.286e-07,0.112,0.1168
rand4-d6,3,Float32,144,ArpackSolver,tol,1.0e-8,3,gap,true,0,true,1.879e+05,0,0.004,4.794e-09,4.904e-08,1.286e-07,0.112,0.1168
rand4-d6,3,Float32,144,ArpackSolver,tol,1.0e-9,3,gap,true,0,true,1.879e+05,0,0.004,4.794e-09,4.904e-08,1.286e-07,0.112,0.1168
rand4-d6,3,Float32,144,KrylovSolver,c,1.0,3,gap,true,0,true,9.394e+05,0,0.003,1.115e-08,4.024e-08,1.155e-07,0.112,0.1168
rand4-d6,3,Float32,144,KrylovSolver,c,2.0,3,gap,true,0,true,4.697e+05,0,0.003,1.115e-08,4.024e-08,1.155e-07,0.112,0.1168
rand4-d6,3,Float32,144,KrylovSolver,c,3.0,3,gap,true,0,true,3.131e+05,0,0.003,1.115e-08,4.024e-08,1.155e-07,0.112,0.1168
rand4-d6,3,Float32,144,KrylovSolver,c,5.0,3,gap,true,0,true,1.879e+05,0,0.003,1.115e-08,4.024e-08,1.155e-07,0.112,0.1168
rand4-d6,3,Float32,144,KrylovSolver,c,10.0,3,gap,true,0,true,9.394e+04,0,0.003,1.115e-08,4.024e-08,1.155e-07,0.112,0.1168
rand4-d6,3,Float32,144,KrylovSolver,c,20.0,3,gap,true,0,true,4.697e+04,0,0.003,1.115e-08,4.024e-08,1.155e-07,0.112,0.1168
rand4-d6,3,Float32,144,KrylovSolver,c,30.0,3,gap,true,0,true,3.131e+04,0,0.003,1.115e-08,4.024e-08,1.155e-07,0.112,0.1168
rand4-d6,3,Float32,144,KrylovSolver,c,100.0,3,gap,true,0,true,9394,0,0.003,1.115e-08,4.024e-08,1.155e-07,0.112,0.1168
rand4-d6,3,Float32,144,KrylovSolver,c,300.0,3,gap,true,0,true,3131,0,0.003,1.115e-08,4.024e-08,1.155e-07,0.112,0.1168
rand4-d6,3,Float32,144,KrylovSolver,c,1000.0,3,gap,true,0,true,939.4,0,0.003,1.115e-08,4.024e-08,1.155e-07,0.112,0.1168
rand4-d6,3,Float32,144,KrylovSolver,c,10000.0,3,threshold,false,0,true,93.94,0,0.003,1.115e-08,4.024e-08,1.155e-07,0.112,0.1168
rand4-d6,3,Float32,144,KrylovSolver,tol,0.001,3,gap,true,0,true,1.879e+05,0,0.003,1.115e-08,4.024e-08,1.155e-07,0.112,0.1168
rand4-d6,3,Float32,144,KrylovSolver,tol,0.0001,3,gap,true,0,true,1.879e+05,0,0.003,1.115e-08,4.024e-08,1.155e-07,0.112,0.1168
rand4-d6,3,Float32,144,KrylovSolver,tol,1.0e-5,3,gap,true,0,true,1.879e+05,0,0.003,1.115e-08,4.024e-08,1.155e-07,0.112,0.1168
rand4-d6,3,Float32,144,KrylovSolver,tol,1.0e-6,3,gap,true,0,true,1.879e+05,0,0.003,1.115e-08,4.024e-08,1.155e-07,0.112,0.1168
rand4-d6,3,Float32,144,KrylovSolver,tol,1.0e-7,3,gap,true,0,true,1.879e+05,0,0.003,1.115e-08,4.024e-08,1.155e-07,0.112,0.1168
rand4-d6,3,Float32,144,KrylovSolver,tol,1.0e-8,3,gap,true,0,true,1.879e+05,0,0.003,1.115e-08,4.024e-08,1.155e-07,0.112,0.1168
rand4-d6,3,Float32,144,KrylovSolver,tol,1.0e-9,3,gap,true,0,true,1.879e+05,0,0.003,1.115e-08,4.024e-08,1.155e-07,0.112,0.1168
rand4-d6,3,Float16,144,SVDSolver,c,1.0,2,threshold,false,1,true,1.032,0,0.003,7.457e-08,1.034e-07,1.23e-07,0.112,0.1168
rand4-d6,3,Float16,144,SVDSolver,c,2.0,3,gap,true,0,true,4.697e+05,0,0.003,7.457e-08,1.034e-07,1.23e-07,0.112,0.1168
rand4-d6,3,Float16,144,SVDSolver,c,3.0,3,gap,true,0,true,3.131e+05,0,0.003,7.457e-08,1.034e-07,1.23e-07,0.112,0.1168
rand4-d6,3,Float16,144,SVDSolver,c,5.0,3,gap,true,0,true,1.879e+05,0,0.003,7.457e-08,1.034e-07,1.23e-07,0.112,0.1168
rand4-d6,3,Float16,144,SVDSolver,c,10.0,3,gap,true,0,true,9.394e+04,0,0.003,7.457e-08,1.034e-07,1.23e-07,0.112,0.1168
rand4-d6,3,Float16,144,SVDSolver,c,20.0,3,gap,true,0,true,4.697e+04,0,0.003,7.457e-08,1.034e-07,1.23e-07,0.112,0.1168
rand4-d6,3,Float16,144,SVDSolver,c,30.0,3,gap,true,0,true,3.131e+04,0,0.003,7.457e-08,1.034e-07,1.23e-07,0.112,0.1168
rand4-d6,3,Float16,144,SVDSolver,c,100.0,3,gap,true,0,true,9394,0,0.003,7.457e-08,1.034e-07,1.23e-07,0.112,0.1168
rand4-d6,3,Float16,144,SVDSolver,c,300.0,3,gap,true,0,true,3131,0,0.003,7.457e-08,1.034e-07,1.23e-07,0.112,0.1168
rand4-d6,3,Float16,144,SVDSolver,c,1000.0,3,gap,true,0,true,939.4,0,0.003,7.457e-08,1.034e-07,1.23e-07,0.112,0.1168
rand4-d6,3,Float16,144,SVDSolver,c,10000.0,3,threshold,false,0,true,93.94,0,0.003,7.457e-08,1.034e-07,1.23e-07,0.112,0.1168
rand4-d6,3,Float16,144,SVDSolver,tol,0.001,3,gap,true,0,true,1.879e+05,0,0.003,7.457e-08,1.034e-07,1.23e-07,0.112,0.1168
rand4-d6,3,Float16,144,SVDSolver,tol,0.0001,3,gap,true,0,true,1.879e+05,0,0.003,7.457e-08,1.034e-07,1.23e-07,0.112,0.1168
rand4-d6,3,Float16,144,SVDSolver,tol,1.0e-5,3,gap,true,0,true,1.879e+05,0,0.003,7.457e-08,1.034e-07,1.23e-07,0.112,0.1168
rand4-d6,3,Float16,144,SVDSolver,tol,1.0e-6,3,gap,true,0,true,1.879e+05,0,0.003,7.457e-08,1.034e-07,1.23e-07,0.112,0.1168
rand4-d6,3,Float16,144,SVDSolver,tol,1.0e-7,3,gap,true,0,true,1.879e+05,0,0.003,7.457e-08,1.034e-07,1.23e-07,0.112,0.1168
rand4-d6,3,Float16,144,SVDSolver,tol,1.0e-8,3,gap,true,0,true,1.879e+05,0,0.003,7.457e-08,1.034e-07,1.23e-07,0.112,0.1168
rand4-d6,3,Float16,144,SVDSolver,tol,1.0e-9,3,gap,true,0,true,1.879e+05,0,0.003,7.457e-08,1.034e-07,1.23e-07,0.112,0.1168
rand4-d6,3,Float16,144,GramSolver,c,1.0,0,threshold,false,3,false,1.059,0,0.002,1.263e-07,1.464e-07,1.675e-07,0.112,0.1169
rand4-d6,3,Float16,144,GramSolver,c,2.0,3,gap,true,0,true,4.698e+05,0,0.002,1.263e-07,1.464e-07,1.675e-07,0.112,0.1169
rand4-d6,3,Float16,144,GramSolver,c,3.0,3,gap,true,0,true,3.132e+05,0,0.002,1.263e-07,1.464e-07,1.675e-07,0.112,0.1169
rand4-d6,3,Float16,144,GramSolver,c,5.0,3,gap,true,0,true,1.879e+05,0,0.002,1.263e-07,1.464e-07,1.675e-07,0.112,0.1169
rand4-d6,3,Float16,144,GramSolver,c,10.0,3,gap,true,0,true,9.395e+04,0,0.002,1.263e-07,1.464e-07,1.675e-07,0.112,0.1169
rand4-d6,3,Float16,144,GramSolver,c,20.0,3,gap,true,0,true,4.698e+04,0,0.002,1.263e-07,1.464e-07,1.675e-07,0.112,0.1169
rand4-d6,3,Float16,144,GramSolver,c,30.0,3,gap,true,0,true,3.132e+04,0,0.002,1.263e-07,1.464e-07,1.675e-07,0.112,0.1169
rand4-d6,3,Float16,144,GramSolver,c,100.0,3,gap,true,0,true,9395,0,0.002,1.263e-07,1.464e-07,1.675e-07,0.112,0.1169
rand4-d6,3,Float16,144,GramSolver,c,300.0,3,gap,true,0,true,3132,0,0.002,1.263e-07,1.464e-07,1.675e-07,0.112,0.1169
rand4-d6,3,Float16,144,GramSolver,c,1000.0,3,gap,true,0,true,939.5,0,0.002,1.263e-07,1.464e-07,1.675e-07,0.112,0.1169
rand4-d6,3,Float16,144,GramSolver,c,10000.0,3,threshold,false,0,true,93.95,0,0.002,1.263e-07,1.464e-07,1.675e-07,0.112,0.1169
rand4-d6,3,Float16,144,GramSolver,tol,0.001,3,gap,true,0,true,1.879e+05,0,0.002,1.263e-07,1.464e-07,1.675e-07,0.112,0.1169
rand4-d6,3,Float16,144,GramSolver,tol,0.0001,3,gap,true,0,true,1.879e+05,0,0.002,1.263e-07,1.464e-07,1.675e-07,0.112,0.1169
rand4-d6,3,Float16,144,GramSolver,tol,1.0e-5,3,gap,true,0,true,1.879e+05,0,0.002,1.263e-07,1.464e-07,1.675e-07,0.112,0.1169
rand4-d6,3,Float16,144,GramSolver,tol,1.0e-6,3,gap,true,0,true,1.879e+05,0,0.002,1.263e-07,1.464e-07,1.675e-07,0.112,0.1169
rand4-d6,3,Float16,144,GramSolver,tol,1.0e-7,3,gap,true,0,true,1.879e+05,0,0.002,1.263e-07,1.464e-07,1.675e-07,0.112,0.1169
rand4-d6,3,Float16,144,GramSolver,tol,1.0e-8,3,gap,true,0,true,1.879e+05,0,0.002,1.263e-07,1.464e-07,1.675e-07,0.112,0.1169
rand4-d6,3,Float16,144,GramSolver,tol,1.0e-9,3,gap,true,0,true,1.879e+05,0,0.002,1.263e-07,1.464e-07,1.675e-07,0.112,0.1169
rand4-d6,3,Float16,144,ArpackSolver,c,1.0,3,gap,true,0,true,9.394e+05,0,0.004,3.804e-08,6.055e-08,8.052e-08,0.112,0.1168
rand4-d6,3,Float16,144,ArpackSolver,c,2.0,3,gap,true,0,true,4.697e+05,0,0.004,3.804e-08,6.055e-08,8.052e-08,0.112,0.1168
rand4-d6,3,Float16,144,ArpackSolver,c,3.0,3,gap,true,0,true,3.131e+05,0,0.004,3.804e-08,6.055e-08,8.052e-08,0.112,0.1168
rand4-d6,3,Float16,144,ArpackSolver,c,5.0,3,gap,true,0,true,1.879e+05,0,0.004,3.804e-08,6.055e-08,8.052e-08,0.112,0.1168
rand4-d6,3,Float16,144,ArpackSolver,c,10.0,3,gap,true,0,true,9.394e+04,0,0.004,3.804e-08,6.055e-08,8.052e-08,0.112,0.1168
rand4-d6,3,Float16,144,ArpackSolver,c,20.0,3,gap,true,0,true,4.697e+04,0,0.004,3.804e-08,6.055e-08,8.052e-08,0.112,0.1168
rand4-d6,3,Float16,144,ArpackSolver,c,30.0,3,gap,true,0,true,3.131e+04,0,0.004,3.804e-08,6.055e-08,8.052e-08,0.112,0.1168
rand4-d6,3,Float16,144,ArpackSolver,c,100.0,3,gap,true,0,true,9394,0,0.004,3.804e-08,6.055e-08,8.052e-08,0.112,0.1168
rand4-d6,3,Float16,144,ArpackSolver,c,300.0,3,gap,true,0,true,3131,0,0.004,3.804e-08,6.055e-08,8.052e-08,0.112,0.1168
rand4-d6,3,Float16,144,ArpackSolver,c,1000.0,3,gap,true,0,true,939.4,0,0.004,3.804e-08,6.055e-08,8.052e-08,0.112,0.1168
rand4-d6,3,Float16,144,ArpackSolver,c,10000.0,3,threshold,false,0,true,93.94,0,0.004,3.804e-08,6.055e-08,8.052e-08,0.112,0.1168
rand4-d6,3,Float16,144,ArpackSolver,tol,0.001,3,gap,true,0,true,1.879e+05,0,0.004,3.804e-08,6.055e-08,8.052e-08,0.112,0.1168
rand4-d6,3,Float16,144,ArpackSolver,tol,0.0001,3,gap,true,0,true,1.879e+05,0,0.004,3.804e-08,6.055e-08,8.052e-08,0.112,0.1168
rand4-d6,3,Float16,144,ArpackSolver,tol,1.0e-5,3,gap,true,0,true,1.879e+05,0,0.004,3.804e-08,6.055e-08,8.052e-08,0.112,0.1168
rand4-d6,3,Float16,144,ArpackSolver,tol,1.0e-6,3,gap,true,0,true,1.879e+05,0,0.004,3.804e-08,6.055e-08,8.052e-08,0.112,0.1168
rand4-d6,3,Float16,144,ArpackSolver,tol,1.0e-7,3,gap,true,0,true,1.879e+05,0,0.004,3.804e-08,6.055e-08,8.052e-08,0.112,0.1168
rand4-d6,3,Float16,144,ArpackSolver,tol,1.0e-8,3,gap,true,0,true,1.879e+05,0,0.004,3.804e-08,6.055e-08,8.052e-08,0.112,0.1168
rand4-d6,3,Float16,144,ArpackSolver,tol,1.0e-9,3,gap,true,0,true,1.879e+05,0,0.004,3.804e-08,6.055e-08,8.052e-08,0.112,0.1168
rand4-d6,3,Float16,144,KrylovSolver,c,1.0,3,gap,true,0,true,9.394e+05,0,0.003,1.226e-08,5.727e-08,6.857e-08,0.112,0.1168
rand4-d6,3,Float16,144,KrylovSolver,c,2.0,3,gap,true,0,true,4.697e+05,0,0.003,1.226e-08,5.727e-08,6.857e-08,0.112,0.1168
rand4-d6,3,Float16,144,KrylovSolver,c,3.0,3,gap,true,0,true,3.131e+05,0,0.003,1.226e-08,5.727e-08,6.857e-08,0.112,0.1168
rand4-d6,3,Float16,144,KrylovSolver,c,5.0,3,gap,true,0,true,1.879e+05,0,0.003,1.226e-08,5.727e-08,6.857e-08,0.112,0.1168
rand4-d6,3,Float16,144,KrylovSolver,c,10.0,3,gap,true,0,true,9.394e+04,0,0.003,1.226e-08,5.727e-08,6.857e-08,0.112,0.1168
rand4-d6,3,Float16,144,KrylovSolver,c,20.0,3,gap,true,0,true,4.697e+04,0,0.003,1.226e-08,5.727e-08,6.857e-08,0.112,0.1168
rand4-d6,3,Float16,144,KrylovSolver,c,30.0,3,gap,true,0,true,3.131e+04,0,0.003,1.226e-08,5.727e-08,6.857e-08,0.112,0.1168
rand4-d6,3,Float16,144,KrylovSolver,c,100.0,3,gap,true,0,true,9394,0,0.003,1.226e-08,5.727e-08,6.857e-08,0.112,0.1168
rand4-d6,3,Float16,144,KrylovSolver,c,300.0,3,gap,true,0,true,3131,0,0.003,1.226e-08,5.727e-08,6.857e-08,0.112,0.1168
rand4-d6,3,Float16,144,KrylovSolver,c,1000.0,3,gap,true,0,true,939.4,0,0.003,1.226e-08,5.727e-08,6.857e-08,0.112,0.1168
rand4-d6,3,Float16,144,KrylovSolver,c,10000.0,3,threshold,false,0,true,93.94,0,0.003,1.226e-08,5.727e-08,6.857e-08,0.112,0.1168
rand4-d6,3,Float16,144,KrylovSolver,tol,0.001,3,gap,true,0,true,1.879e+05,0,0.003,1.226e-08,5.727e-08,6.857e-08,0.112,0.1168
rand4-d6,3,Float16,144,KrylovSolver,tol,0.0001,3,gap,true,0,true,1.879e+05,0,0.003,1.226e-08,5.727e-08,6.857e-08,0.112,0.1168
rand4-d6,3,Float16,144,KrylovSolver,tol,1.0e-5,3,gap,true,0,true,1.879e+05,0,0.003,1.226e-08,5.727e-08,6.857e-08,0.112,0.1168
rand4-d6,3,Float16,144,KrylovSolver,tol,1.0e-6,3,gap,true,0,true,1.879e+05,0,0.003,1.226e-08,5.727e-08,6.857e-08,0.112,0.1168
rand4-d6,3,Float16,144,KrylovSolver,tol,1.0e-7,3,gap,true,0,true,1.879e+05,0,0.003,1.226e-08,5.727e-08,6.857e-08,0.112,0.1168
rand4-d6,3,Float16,144,KrylovSolver,tol,1.0e-8,3,gap,true,0,true,1.879e+05,0,0.003,1.226e-08,5.727e-08,6.857e-08,0.112,0.1168
rand4-d6,3,Float16,144,KrylovSolver,tol,1.0e-9,3,gap,true,0,true,1.879e+05,0,0.003,1.226e-08,5.727e-08,6.857e-08,0.112,0.1168
video-20x20x10x3,3,Float64,909,SVDSolver,c,1.0,3,gap,true,0,true,1.197e+12,0,0.270,2.368e-18,8.851e-18,1.605e-17,0.0002658,0.0002721
video-20x20x10x3,3,Float64,909,SVDSolver,c,2.0,3,gap,true,0,true,5.986e+11,0,0.270,2.368e-18,8.851e-18,1.605e-17,0.0002658,0.0002721
video-20x20x10x3,3,Float64,909,SVDSolver,c,3.0,3,gap,true,0,true,3.991e+11,0,0.270,2.368e-18,8.851e-18,1.605e-17,0.0002658,0.0002721
video-20x20x10x3,3,Float64,909,SVDSolver,c,5.0,3,gap,true,0,true,2.394e+11,0,0.270,2.368e-18,8.851e-18,1.605e-17,0.0002658,0.0002721
video-20x20x10x3,3,Float64,909,SVDSolver,c,10.0,3,gap,true,0,true,1.197e+11,0,0.270,2.368e-18,8.851e-18,1.605e-17,0.0002658,0.0002721
video-20x20x10x3,3,Float64,909,SVDSolver,c,20.0,3,gap,true,0,true,5.986e+10,0,0.270,2.368e-18,8.851e-18,1.605e-17,0.0002658,0.0002721
video-20x20x10x3,3,Float64,909,SVDSolver,c,30.0,3,gap,true,0,true,3.991e+10,0,0.270,2.368e-18,8.851e-18,1.605e-17,0.0002658,0.0002721
video-20x20x10x3,3,Float64,909,SVDSolver,c,100.0,3,gap,true,0,true,1.197e+10,0,0.270,2.368e-18,8.851e-18,1.605e-17,0.0002658,0.0002721
video-20x20x10x3,3,Float64,909,SVDSolver,c,300.0,3,gap,true,0,true,3.991e+09,0,0.270,2.368e-18,8.851e-18,1.605e-17,0.0002658,0.0002721
video-20x20x10x3,3,Float64,909,SVDSolver,c,1000.0,3,gap,true,0,true,1.197e+09,0,0.270,2.368e-18,8.851e-18,1.605e-17,0.0002658,0.0002721
video-20x20x10x3,3,Float64,909,SVDSolver,c,10000.0,3,gap,true,0,true,1.197e+08,0,0.270,2.368e-18,8.851e-18,1.605e-17,0.0002658,0.0002721
video-20x20x10x3,3,Float64,909,SVDSolver,tol,0.001,3,gap,true,0,true,2.394e+11,0,0.270,2.368e-18,8.851e-18,1.605e-17,0.0002658,0.0002721
video-20x20x10x3,3,Float64,909,SVDSolver,tol,0.0001,3,gap,true,0,true,2.394e+11,0,0.270,2.368e-18,8.851e-18,1.605e-17,0.0002658,0.0002721
video-20x20x10x3,3,Float64,909,SVDSolver,tol,1.0e-5,3,gap,true,0,true,2.394e+11,0,0.270,2.368e-18,8.851e-18,1.605e-17,0.0002658,0.0002721
video-20x20x10x3,3,Float64,909,SVDSolver,tol,1.0e-6,3,gap,true,0,true,2.394e+11,0,0.270,2.368e-18,8.851e-18,1.605e-17,0.0002658,0.0002721
video-20x20x10x3,3,Float64,909,SVDSolver,tol,1.0e-7,3,gap,true,0,true,2.394e+11,0,0.270,2.368e-18,8.851e-18,1.605e-17,0.0002658,0.0002721
video-20x20x10x3,3,Float64,909,SVDSolver,tol,1.0e-8,3,gap,true,0,true,2.394e+11,0,0.270,2.368e-18,8.851e-18,1.605e-17,0.0002658,0.0002721
video-20x20x10x3,3,Float64,909,SVDSolver,tol,1.0e-9,3,gap,true,0,true,2.394e+11,0,0.270,2.368e-18,8.851e-18,1.605e-17,0.0002658,0.0002721
video-20x20x10x3,3,Float64,909,GramSolver,c,1.0,3,gap,true,0,false,2.187e+09,0,0.134,3.025e-14,4.851e-14,1.258e-13,0.0002753,0.000279
video-20x20x10x3,3,Float64,909,GramSolver,c,2.0,3,gap,true,0,false,2.187e+09,0,0.134,3.025e-14,4.851e-14,1.258e-13,0.0002753,0.000279
video-20x20x10x3,3,Float64,909,GramSolver,c,3.0,3,gap,true,0,false,2.187e+09,0,0.134,3.025e-14,4.851e-14,1.258e-13,0.0002753,0.000279
video-20x20x10x3,3,Float64,909,GramSolver,c,5.0,3,gap,true,0,false,2.187e+09,0,0.134,3.025e-14,4.851e-14,1.258e-13,0.0002753,0.000279
video-20x20x10x3,3,Float64,909,GramSolver,c,10.0,3,gap,true,0,false,2.187e+09,0,0.134,3.025e-14,4.851e-14,1.258e-13,0.0002753,0.000279
video-20x20x10x3,3,Float64,909,GramSolver,c,20.0,3,gap,true,0,false,2.187e+09,0,0.134,3.025e-14,4.851e-14,1.258e-13,0.0002753,0.000279
video-20x20x10x3,3,Float64,909,GramSolver,c,30.0,3,gap,true,0,false,2.187e+09,0,0.134,3.025e-14,4.851e-14,1.258e-13,0.0002753,0.000279
video-20x20x10x3,3,Float64,909,GramSolver,c,100.0,3,gap,true,0,false,2.187e+09,0,0.134,3.025e-14,4.851e-14,1.258e-13,0.0002753,0.000279
video-20x20x10x3,3,Float64,909,GramSolver,c,300.0,3,gap,true,0,false,2.187e+09,0,0.134,3.025e-14,4.851e-14,1.258e-13,0.0002753,0.000279
video-20x20x10x3,3,Float64,909,GramSolver,c,1000.0,3,gap,true,0,true,1.24e+09,0,0.134,3.025e-14,4.851e-14,1.258e-13,0.0002753,0.000279
video-20x20x10x3,3,Float64,909,GramSolver,c,10000.0,3,gap,true,0,true,1.24e+08,0,0.134,3.025e-14,4.851e-14,1.258e-13,0.0002753,0.000279
video-20x20x10x3,3,Float64,909,GramSolver,tol,0.001,3,gap,true,0,false,2.187e+09,0,0.134,3.025e-14,4.851e-14,1.258e-13,0.0002753,0.000279
video-20x20x10x3,3,Float64,909,GramSolver,tol,0.0001,3,gap,true,0,false,2.187e+09,0,0.134,3.025e-14,4.851e-14,1.258e-13,0.0002753,0.000279
video-20x20x10x3,3,Float64,909,GramSolver,tol,1.0e-5,3,gap,true,0,false,2.187e+09,0,0.134,3.025e-14,4.851e-14,1.258e-13,0.0002753,0.000279
video-20x20x10x3,3,Float64,909,GramSolver,tol,1.0e-6,3,gap,true,0,false,2.187e+09,0,0.134,3.025e-14,4.851e-14,1.258e-13,0.0002753,0.000279
video-20x20x10x3,3,Float64,909,GramSolver,tol,1.0e-7,0,threshold,false,0,false,3.025,0,0.134,3.025e-14,4.851e-14,1.258e-13,0.0002753,0.000279
video-20x20x10x3,3,Float64,909,GramSolver,tol,1.0e-8,0,threshold,false,0,false,27.25,0,0.134,3.025e-14,4.851e-14,1.258e-13,0.0002753,0.000279
video-20x20x10x3,3,Float64,909,GramSolver,tol,1.0e-9,0,threshold,false,0,false,27.25,0,0.134,3.025e-14,4.851e-14,1.258e-13,0.0002753,0.000279
video-20x20x10x3,3,Float64,909,ArpackSolver,c,1.0,3,gap,true,0,true,1.197e+12,0,0.308,2.596e-18,8.399e-17,1.583e-16,0.0002658,0.0002721
video-20x20x10x3,3,Float64,909,ArpackSolver,c,2.0,3,gap,true,0,true,5.986e+11,0,0.308,2.596e-18,8.399e-17,1.583e-16,0.0002658,0.0002721
video-20x20x10x3,3,Float64,909,ArpackSolver,c,3.0,3,gap,true,0,true,3.991e+11,0,0.308,2.596e-18,8.399e-17,1.583e-16,0.0002658,0.0002721
video-20x20x10x3,3,Float64,909,ArpackSolver,c,5.0,3,gap,true,0,true,2.394e+11,0,0.308,2.596e-18,8.399e-17,1.583e-16,0.0002658,0.0002721
video-20x20x10x3,3,Float64,909,ArpackSolver,c,10.0,3,gap,true,0,true,1.197e+11,0,0.308,2.596e-18,8.399e-17,1.583e-16,0.0002658,0.0002721
video-20x20x10x3,3,Float64,909,ArpackSolver,c,20.0,3,gap,true,0,true,5.986e+10,0,0.308,2.596e-18,8.399e-17,1.583e-16,0.0002658,0.0002721
video-20x20x10x3,3,Float64,909,ArpackSolver,c,30.0,3,gap,true,0,true,3.991e+10,0,0.308,2.596e-18,8.399e-17,1.583e-16,0.0002658,0.0002721
video-20x20x10x3,3,Float64,909,ArpackSolver,c,100.0,3,gap,true,0,true,1.197e+10,0,0.308,2.596e-18,8.399e-17,1.583e-16,0.0002658,0.0002721
video-20x20x10x3,3,Float64,909,ArpackSolver,c,300.0,3,gap,true,0,true,3.991e+09,0,0.308,2.596e-18,8.399e-17,1.583e-16,0.0002658,0.0002721
video-20x20x10x3,3,Float64,909,ArpackSolver,c,1000.0,3,gap,true,0,true,1.197e+09,0,0.308,2.596e-18,8.399e-17,1.583e-16,0.0002658,0.0002721
video-20x20x10x3,3,Float64,909,ArpackSolver,c,10000.0,3,gap,true,0,true,1.197e+08,0,0.308,2.596e-18,8.399e-17,1.583e-16,0.0002658,0.0002721
video-20x20x10x3,3,Float64,909,ArpackSolver,tol,0.001,3,gap,true,0,true,2.394e+11,0,0.308,2.596e-18,8.399e-17,1.583e-16,0.0002658,0.0002721
video-20x20x10x3,3,Float64,909,ArpackSolver,tol,0.0001,3,gap,true,0,true,2.394e+11,0,0.308,2.596e-18,8.399e-17,1.583e-16,0.0002658,0.0002721
video-20x20x10x3,3,Float64,909,ArpackSolver,tol,1.0e-5,3,gap,true,0,true,2.394e+11,0,0.308,2.596e-18,8.399e-17,1.583e-16,0.0002658,0.0002721
video-20x20x10x3,3,Float64,909,ArpackSolver,tol,1.0e-6,3,gap,true,0,true,2.394e+11,0,0.308,2.596e-18,8.399e-17,1.583e-16,0.0002658,0.0002721
video-20x20x10x3,3,Float64,909,ArpackSolver,tol,1.0e-7,3,gap,true,0,true,2.394e+11,0,0.308,2.596e-18,8.399e-17,1.583e-16,0.0002658,0.0002721
video-20x20x10x3,3,Float64,909,ArpackSolver,tol,1.0e-8,3,gap,true,0,true,2.394e+11,0,0.308,2.596e-18,8.399e-17,1.583e-16,0.0002658,0.0002721
video-20x20x10x3,3,Float64,909,ArpackSolver,tol,1.0e-9,3,gap,true,0,true,2.394e+11,0,0.308,2.596e-18,8.399e-17,1.583e-16,0.0002658,0.0002721
video-20x20x10x3,3,Float64,909,KrylovSolver,c,1.0,3,gap,true,0,false,7.768e+11,0,2.844,5.293e-17,2.854e-16,3.422e-16,0.0002658,0.0002721
video-20x20x10x3,3,Float64,909,KrylovSolver,c,2.0,3,gap,true,0,true,5.986e+11,0,2.844,5.293e-17,2.854e-16,3.422e-16,0.0002658,0.0002721
video-20x20x10x3,3,Float64,909,KrylovSolver,c,3.0,3,gap,true,0,true,3.991e+11,0,2.844,5.293e-17,2.854e-16,3.422e-16,0.0002658,0.0002721
video-20x20x10x3,3,Float64,909,KrylovSolver,c,5.0,3,gap,true,0,true,2.394e+11,0,2.844,5.293e-17,2.854e-16,3.422e-16,0.0002658,0.0002721
video-20x20x10x3,3,Float64,909,KrylovSolver,c,10.0,3,gap,true,0,true,1.197e+11,0,2.844,5.293e-17,2.854e-16,3.422e-16,0.0002658,0.0002721
video-20x20x10x3,3,Float64,909,KrylovSolver,c,20.0,3,gap,true,0,true,5.986e+10,0,2.844,5.293e-17,2.854e-16,3.422e-16,0.0002658,0.0002721
video-20x20x10x3,3,Float64,909,KrylovSolver,c,30.0,3,gap,true,0,true,3.991e+10,0,2.844,5.293e-17,2.854e-16,3.422e-16,0.0002658,0.0002721
video-20x20x10x3,3,Float64,909,KrylovSolver,c,100.0,3,gap,true,0,true,1.197e+10,0,2.844,5.293e-17,2.854e-16,3.422e-16,0.0002658,0.0002721
video-20x20x10x3,3,Float64,909,KrylovSolver,c,300.0,3,gap,true,0,true,3.991e+09,0,2.844,5.293e-17,2.854e-16,3.422e-16,0.0002658,0.0002721
video-20x20x10x3,3,Float64,909,KrylovSolver,c,1000.0,3,gap,true,0,true,1.197e+09,0,2.844,5.293e-17,2.854e-16,3.422e-16,0.0002658,0.0002721
video-20x20x10x3,3,Float64,909,KrylovSolver,c,10000.0,3,gap,true,0,true,1.197e+08,0,2.844,5.293e-17,2.854e-16,3.422e-16,0.0002658,0.0002721
video-20x20x10x3,3,Float64,909,KrylovSolver,tol,0.001,3,gap,true,0,true,2.394e+11,0,2.844,5.293e-17,2.854e-16,3.422e-16,0.0002658,0.0002721
video-20x20x10x3,3,Float64,909,KrylovSolver,tol,0.0001,3,gap,true,0,true,2.394e+11,0,2.844,5.293e-17,2.854e-16,3.422e-16,0.0002658,0.0002721
video-20x20x10x3,3,Float64,909,KrylovSolver,tol,1.0e-5,3,gap,true,0,true,2.394e+11,0,2.844,5.293e-17,2.854e-16,3.422e-16,0.0002658,0.0002721
video-20x20x10x3,3,Float64,909,KrylovSolver,tol,1.0e-6,3,gap,true,0,true,2.394e+11,0,2.844,5.293e-17,2.854e-16,3.422e-16,0.0002658,0.0002721
video-20x20x10x3,3,Float64,909,KrylovSolver,tol,1.0e-7,3,gap,true,0,true,2.394e+11,0,2.844,5.293e-17,2.854e-16,3.422e-16,0.0002658,0.0002721
video-20x20x10x3,3,Float64,909,KrylovSolver,tol,1.0e-8,3,gap,true,0,true,2.394e+11,0,2.844,5.293e-17,2.854e-16,3.422e-16,0.0002658,0.0002721
video-20x20x10x3,3,Float64,909,KrylovSolver,tol,1.0e-9,3,gap,true,0,true,2.394e+11,0,2.844,5.293e-17,2.854e-16,3.422e-16,0.0002658,0.0002721
video-20x20x10x3,3,Float32,909,SVDSolver,c,1.0,2,threshold,false,0,true,1.026,0,0.198,3.364e-09,4.808e-09,1.223e-07,0.0002659,0.0002722
video-20x20x10x3,3,Float32,909,SVDSolver,c,2.0,3,gap,true,0,true,1115,0,0.198,3.364e-09,4.808e-09,1.223e-07,0.0002659,0.0002722
video-20x20x10x3,3,Float32,909,SVDSolver,c,3.0,3,gap,true,0,true,743.4,0,0.198,3.364e-09,4.808e-09,1.223e-07,0.0002659,0.0002722
video-20x20x10x3,3,Float32,909,SVDSolver,c,5.0,3,gap,true,0,true,446,0,0.198,3.364e-09,4.808e-09,1.223e-07,0.0002659,0.0002722
video-20x20x10x3,3,Float32,909,SVDSolver,c,10.0,3,gap,true,0,true,223,0,0.198,3.364e-09,4.808e-09,1.223e-07,0.0002659,0.0002722
video-20x20x10x3,3,Float32,909,SVDSolver,c,20.0,3,gap,true,0,true,111.5,0,0.198,3.364e-09,4.808e-09,1.223e-07,0.0002659,0.0002722
video-20x20x10x3,3,Float32,909,SVDSolver,c,30.0,3,threshold,false,0,true,74.34,0,0.198,3.364e-09,4.808e-09,1.223e-07,0.0002659,0.0002722
video-20x20x10x3,3,Float32,909,SVDSolver,c,100.0,3,threshold,false,0,true,22.3,0,0.198,3.364e-09,4.808e-09,1.223e-07,0.0002659,0.0002722
video-20x20x10x3,3,Float32,909,SVDSolver,c,300.0,3,threshold,false,0,true,7.434,0,0.198,3.364e-09,4.808e-09,1.223e-07,0.0002659,0.0002722
video-20x20x10x3,3,Float32,909,SVDSolver,c,1000.0,3,threshold,false,0,true,2.23,0,0.198,3.364e-09,4.808e-09,1.223e-07,0.0002659,0.0002722
video-20x20x10x3,3,Float32,909,SVDSolver,c,10000.0,24,threshold,false,0,true,NaN,0,0.198,3.364e-09,4.808e-09,1.223e-07,0.0002659,0.0002722
video-20x20x10x3,3,Float32,909,SVDSolver,tol,0.001,3,gap,true,0,true,446,0,0.198,3.364e-09,4.808e-09,1.223e-07,0.0002659,0.0002722
video-20x20x10x3,3,Float32,909,SVDSolver,tol,0.0001,3,gap,true,0,true,446,0,0.198,3.364e-09,4.808e-09,1.223e-07,0.0002659,0.0002722
video-20x20x10x3,3,Float32,909,SVDSolver,tol,1.0e-5,3,gap,true,0,true,446,0,0.198,3.364e-09,4.808e-09,1.223e-07,0.0002659,0.0002722
video-20x20x10x3,3,Float32,909,SVDSolver,tol,1.0e-6,3,gap,true,0,true,446,0,0.198,3.364e-09,4.808e-09,1.223e-07,0.0002659,0.0002722
video-20x20x10x3,3,Float32,909,SVDSolver,tol,1.0e-7,3,gap,true,0,true,446,0,0.198,3.364e-09,4.808e-09,1.223e-07,0.0002659,0.0002722
video-20x20x10x3,3,Float32,909,SVDSolver,tol,1.0e-8,3,gap,true,0,true,446,0,0.198,3.364e-09,4.808e-09,1.223e-07,0.0002659,0.0002722
video-20x20x10x3,3,Float32,909,SVDSolver,tol,1.0e-9,3,gap,true,0,true,446,0,0.198,3.364e-09,4.808e-09,1.223e-07,0.0002659,0.0002722
video-20x20x10x3,3,Float32,909,GramSolver,c,1.0,0,threshold,true,0,false,322.1,0,0.109,3.84e-05,4.99e-05,9.023e-05,0.0002877,0.0002964
video-20x20x10x3,3,Float32,909,GramSolver,c,2.0,0,threshold,true,0,false,161.1,0,0.109,3.84e-05,4.99e-05,9.023e-05,0.0002877,0.0002964
video-20x20x10x3,3,Float32,909,GramSolver,c,3.0,0,threshold,true,0,false,107.4,0,0.109,3.84e-05,4.99e-05,9.023e-05,0.0002877,0.0002964
video-20x20x10x3,3,Float32,909,GramSolver,c,5.0,0,threshold,false,0,false,64.43,0,0.109,3.84e-05,4.99e-05,9.023e-05,0.0002877,0.0002964
video-20x20x10x3,3,Float32,909,GramSolver,c,10.0,0,threshold,false,0,false,32.21,0,0.109,3.84e-05,4.99e-05,9.023e-05,0.0002877,0.0002964
video-20x20x10x3,3,Float32,909,GramSolver,c,20.0,0,threshold,false,0,false,16.11,0,0.109,3.84e-05,4.99e-05,9.023e-05,0.0002877,0.0002964
video-20x20x10x3,3,Float32,909,GramSolver,c,30.0,0,threshold,false,0,false,10.74,0,0.109,3.84e-05,4.99e-05,9.023e-05,0.0002877,0.0002964
video-20x20x10x3,3,Float32,909,GramSolver,c,100.0,0,threshold,false,0,false,3.221,0,0.109,3.84e-05,4.99e-05,9.023e-05,0.0002877,0.0002964
video-20x20x10x3,3,Float32,909,GramSolver,c,300.0,0,threshold,false,0,false,1.074,0,0.109,3.84e-05,4.99e-05,9.023e-05,0.0002877,0.0002964
video-20x20x10x3,3,Float32,909,GramSolver,c,1000.0,3,threshold,false,0,true,2.414,0,0.109,3.84e-05,4.99e-05,9.023e-05,0.0002877,0.0002964
video-20x20x10x3,3,Float32,909,GramSolver,c,10000.0,24,threshold,false,0,true,NaN,0,0.109,3.84e-05,4.99e-05,9.023e-05,0.0002877,0.0002964
video-20x20x10x3,3,Float32,909,GramSolver,tol,0.001,0,threshold,false,0,false,38.4,0,0.109,3.84e-05,4.99e-05,9.023e-05,0.0002877,0.0002964
video-20x20x10x3,3,Float32,909,GramSolver,tol,0.0001,0,threshold,false,0,false,64.43,0,0.109,3.84e-05,4.99e-05,9.023e-05,0.0002877,0.0002964
video-20x20x10x3,3,Float32,909,GramSolver,tol,1.0e-5,0,threshold,false,0,false,64.43,0,0.109,3.84e-05,4.99e-05,9.023e-05,0.0002877,0.0002964
video-20x20x10x3,3,Float32,909,GramSolver,tol,1.0e-6,0,threshold,false,0,false,64.43,0,0.109,3.84e-05,4.99e-05,9.023e-05,0.0002877,0.0002964
video-20x20x10x3,3,Float32,909,GramSolver,tol,1.0e-7,0,threshold,false,0,false,64.43,0,0.109,3.84e-05,4.99e-05,9.023e-05,0.0002877,0.0002964
video-20x20x10x3,3,Float32,909,GramSolver,tol,1.0e-8,0,threshold,false,0,false,64.43,0,0.109,3.84e-05,4.99e-05,9.023e-05,0.0002877,0.0002964
video-20x20x10x3,3,Float32,909,GramSolver,tol,1.0e-9,0,threshold,false,0,false,64.43,0,0.109,3.84e-05,4.99e-05,9.023e-05,0.0002877,0.0002964
video-20x20x10x3,3,Float32,909,ArpackSolver,c,1.0,3,gap,true,0,true,2230,0,0.448,1.701e-08,3.425e-08,5.199e-08,0.0002658,0.0002721
video-20x20x10x3,3,Float32,909,ArpackSolver,c,2.0,3,gap,true,0,true,1115,0,0.448,1.701e-08,3.425e-08,5.199e-08,0.0002658,0.0002721
video-20x20x10x3,3,Float32,909,ArpackSolver,c,3.0,3,gap,true,0,true,743.3,0,0.448,1.701e-08,3.425e-08,5.199e-08,0.0002658,0.0002721
video-20x20x10x3,3,Float32,909,ArpackSolver,c,5.0,3,gap,true,0,true,446,0,0.448,1.701e-08,3.425e-08,5.199e-08,0.0002658,0.0002721
video-20x20x10x3,3,Float32,909,ArpackSolver,c,10.0,3,gap,true,0,true,223,0,0.448,1.701e-08,3.425e-08,5.199e-08,0.0002658,0.0002721
video-20x20x10x3,3,Float32,909,ArpackSolver,c,20.0,3,gap,true,0,true,111.5,0,0.448,1.701e-08,3.425e-08,5.199e-08,0.0002658,0.0002721
video-20x20x10x3,3,Float32,909,ArpackSolver,c,30.0,3,threshold,false,0,true,74.33,0,0.448,1.701e-08,3.425e-08,5.199e-08,0.0002658,0.0002721
video-20x20x10x3,3,Float32,909,ArpackSolver,c,100.0,3,threshold,false,0,true,22.3,0,0.448,1.701e-08,3.425e-08,5.199e-08,0.0002658,0.0002721
video-20x20x10x3,3,Float32,909,ArpackSolver,c,300.0,3,threshold,false,0,true,7.433,0,0.448,1.701e-08,3.425e-08,5.199e-08,0.0002658,0.0002721
video-20x20x10x3,3,Float32,909,ArpackSolver,c,1000.0,3,threshold,false,0,true,2.23,0,0.448,1.701e-08,3.425e-08,5.199e-08,0.0002658,0.0002721
video-20x20x10x3,3,Float32,909,ArpackSolver,c,10000.0,24,threshold,false,0,true,NaN,0,0.448,1.701e-08,3.425e-08,5.199e-08,0.0002658,0.0002721
video-20x20x10x3,3,Float32,909,ArpackSolver,tol,0.001,3,gap,true,0,true,446,0,0.448,1.701e-08,3.425e-08,5.199e-08,0.0002658,0.0002721
video-20x20x10x3,3,Float32,909,ArpackSolver,tol,0.0001,3,gap,true,0,true,446,0,0.448,1.701e-08,3.425e-08,5.199e-08,0.0002658,0.0002721
video-20x20x10x3,3,Float32,909,ArpackSolver,tol,1.0e-5,3,gap,true,0,true,446,0,0.448,1.701e-08,3.425e-08,5.199e-08,0.0002658,0.0002721
video-20x20x10x3,3,Float32,909,ArpackSolver,tol,1.0e-6,3,gap,true,0,true,446,0,0.448,1.701e-08,3.425e-08,5.199e-08,0.0002658,0.0002721
video-20x20x10x3,3,Float32,909,ArpackSolver,tol,1.0e-7,3,gap,true,0,true,446,0,0.448,1.701e-08,3.425e-08,5.199e-08,0.0002658,0.0002721
video-20x20x10x3,3,Float32,909,ArpackSolver,tol,1.0e-8,3,gap,true,0,true,446,0,0.448,1.701e-08,3.425e-08,5.199e-08,0.0002658,0.0002721
video-20x20x10x3,3,Float32,909,ArpackSolver,tol,1.0e-9,3,gap,true,0,true,446,0,0.448,1.701e-08,3.425e-08,5.199e-08,0.0002658,0.0002721
video-20x20x10x3,3,Float32,909,KrylovSolver,c,1.0,3,gap,true,0,true,2231,0,0.441,2.389e-08,5.073e-08,1.164e-07,0.0002659,0.0002721
video-20x20x10x3,3,Float32,909,KrylovSolver,c,2.0,3,gap,true,0,true,1115,0,0.441,2.389e-08,5.073e-08,1.164e-07,0.0002659,0.0002721
video-20x20x10x3,3,Float32,909,KrylovSolver,c,3.0,3,gap,true,0,true,743.6,0,0.441,2.389e-08,5.073e-08,1.164e-07,0.0002659,0.0002721
video-20x20x10x3,3,Float32,909,KrylovSolver,c,5.0,3,gap,true,0,true,446.1,0,0.441,2.389e-08,5.073e-08,1.164e-07,0.0002659,0.0002721
video-20x20x10x3,3,Float32,909,KrylovSolver,c,10.0,3,gap,true,0,true,223.1,0,0.441,2.389e-08,5.073e-08,1.164e-07,0.0002659,0.0002721
video-20x20x10x3,3,Float32,909,KrylovSolver,c,20.0,3,gap,true,0,true,111.5,0,0.441,2.389e-08,5.073e-08,1.164e-07,0.0002659,0.0002721
video-20x20x10x3,3,Float32,909,KrylovSolver,c,30.0,3,threshold,false,0,true,74.36,0,0.441,2.389e-08,5.073e-08,1.164e-07,0.0002659,0.0002721
video-20x20x10x3,3,Float32,909,KrylovSolver,c,100.0,3,threshold,false,0,true,22.31,0,0.441,2.389e-08,5.073e-08,1.164e-07,0.0002659,0.0002721
video-20x20x10x3,3,Float32,909,KrylovSolver,c,300.0,3,threshold,false,0,true,7.436,0,0.441,2.389e-08,5.073e-08,1.164e-07,0.0002659,0.0002721
video-20x20x10x3,3,Float32,909,KrylovSolver,c,1000.0,3,threshold,false,0,true,2.231,0,0.441,2.389e-08,5.073e-08,1.164e-07,0.0002659,0.0002721
video-20x20x10x3,3,Float32,909,KrylovSolver,c,10000.0,27,threshold,false,0,true,NaN,0,0.441,2.389e-08,5.073e-08,1.164e-07,0.0002659,0.0002721
video-20x20x10x3,3,Float32,909,KrylovSolver,tol,0.001,3,gap,true,0,true,446.1,0,0.441,2.389e-08,5.073e-08,1.164e-07,0.0002659,0.0002721
video-20x20x10x3,3,Float32,909,KrylovSolver,tol,0.0001,3,gap,true,0,true,446.1,0,0.441,2.389e-08,5.073e-08,1.164e-07,0.0002659,0.0002721
video-20x20x10x3,3,Float32,909,KrylovSolver,tol,1.0e-5,3,gap,true,0,true,446.1,0,0.441,2.389e-08,5.073e-08,1.164e-07,0.0002659,0.0002721
video-20x20x10x3,3,Float32,909,KrylovSolver,tol,1.0e-6,3,gap,true,0,true,446.1,0,0.441,2.389e-08,5.073e-08,1.164e-07,0.0002659,0.0002721
video-20x20x10x3,3,Float32,909,KrylovSolver,tol,1.0e-7,3,gap,true,0,true,446.1,0,0.441,2.389e-08,5.073e-08,1.164e-07,0.0002659,0.0002721
video-20x20x10x3,3,Float32,909,KrylovSolver,tol,1.0e-8,3,gap,true,0,true,446.1,0,0.441,2.389e-08,5.073e-08,1.164e-07,0.0002659,0.0002721
video-20x20x10x3,3,Float32,909,KrylovSolver,tol,1.0e-9,3,gap,true,0,true,446.1,0,0.441,2.389e-08,5.073e-08,1.164e-07,0.0002659,0.0002721
video-20x20x10x3,3,Float16,909,SVDSolver,c,1.0,3,gap,false,21,true,2230,0,0.200,2.431e-08,3.07e-08,3.406e-08,0.0002659,0.0002722
video-20x20x10x3,3,Float16,909,SVDSolver,c,2.0,3,gap,false,21,true,1115,0,0.200,2.431e-08,3.07e-08,3.406e-08,0.0002659,0.0002722
video-20x20x10x3,3,Float16,909,SVDSolver,c,3.0,3,gap,false,21,true,743.4,0,0.200,2.431e-08,3.07e-08,3.406e-08,0.0002659,0.0002722
video-20x20x10x3,3,Float16,909,SVDSolver,c,5.0,3,gap,false,21,true,446,0,0.200,2.431e-08,3.07e-08,3.406e-08,0.0002659,0.0002722
video-20x20x10x3,3,Float16,909,SVDSolver,c,10.0,3,gap,false,21,true,223,0,0.200,2.431e-08,3.07e-08,3.406e-08,0.0002659,0.0002722
video-20x20x10x3,3,Float16,909,SVDSolver,c,20.0,3,gap,false,21,true,111.5,0,0.200,2.431e-08,3.07e-08,3.406e-08,0.0002659,0.0002722
video-20x20x10x3,3,Float16,909,SVDSolver,c,30.0,3,threshold,false,21,true,74.34,0,0.200,2.431e-08,3.07e-08,3.406e-08,0.0002659,0.0002722
video-20x20x10x3,3,Float16,909,SVDSolver,c,100.0,3,threshold,false,21,true,22.3,0,0.200,2.431e-08,3.07e-08,3.406e-08,0.0002659,0.0002722
video-20x20x10x3,3,Float16,909,SVDSolver,c,300.0,3,threshold,false,21,true,7.434,0,0.200,2.431e-08,3.07e-08,3.406e-08,0.0002659,0.0002722
video-20x20x10x3,3,Float16,909,SVDSolver,c,1000.0,3,threshold,false,21,true,2.23,0,0.200,2.431e-08,3.07e-08,3.406e-08,0.0002659,0.0002722
video-20x20x10x3,3,Float16,909,SVDSolver,c,10000.0,24,threshold,false,0,true,NaN,0,0.200,2.431e-08,3.07e-08,3.406e-08,0.0002659,0.0002722
video-20x20x10x3,3,Float16,909,SVDSolver,tol,0.001,3,gap,false,21,true,446,0,0.200,2.431e-08,3.07e-08,3.406e-08,0.0002659,0.0002722
video-20x20x10x3,3,Float16,909,SVDSolver,tol,0.0001,3,gap,false,21,true,446,0,0.200,2.431e-08,3.07e-08,3.406e-08,0.0002659,0.0002722
video-20x20x10x3,3,Float16,909,SVDSolver,tol,1.0e-5,3,gap,false,21,true,446,0,0.200,2.431e-08,3.07e-08,3.406e-08,0.0002659,0.0002722
video-20x20x10x3,3,Float16,909,SVDSolver,tol,1.0e-6,3,gap,false,21,true,446,0,0.200,2.431e-08,3.07e-08,3.406e-08,0.0002659,0.0002722
video-20x20x10x3,3,Float16,909,SVDSolver,tol,1.0e-7,3,gap,false,21,true,446,0,0.200,2.431e-08,3.07e-08,3.406e-08,0.0002659,0.0002722
video-20x20x10x3,3,Float16,909,SVDSolver,tol,1.0e-8,3,gap,false,21,true,446,0,0.200,2.431e-08,3.07e-08,3.406e-08,0.0002659,0.0002722
video-20x20x10x3,3,Float16,909,SVDSolver,tol,1.0e-9,3,gap,false,21,true,446,0,0.200,2.431e-08,3.07e-08,3.406e-08,0.0002659,0.0002722
video-20x20x10x3,3,Float16,909,GramSolver,c,1.0,0,threshold,false,24,false,316.2,0,0.109,3.769e-05,4.814e-05,0.0001416,0.0002875,0.0002966
video-20x20x10x3,3,Float16,909,GramSolver,c,2.0,0,threshold,false,24,false,158.1,0,0.109,3.769e-05,4.814e-05,0.0001416,0.0002875,0.0002966
video-20x20x10x3,3,Float16,909,GramSolver,c,3.0,0,threshold,false,24,false,105.4,0,0.109,3.769e-05,4.814e-05,0.0001416,0.0002875,0.0002966
video-20x20x10x3,3,Float16,909,GramSolver,c,5.0,0,threshold,false,24,false,63.24,0,0.109,3.769e-05,4.814e-05,0.0001416,0.0002875,0.0002966
video-20x20x10x3,3,Float16,909,GramSolver,c,10.0,0,threshold,false,24,false,31.62,0,0.109,3.769e-05,4.814e-05,0.0001416,0.0002875,0.0002966
video-20x20x10x3,3,Float16,909,GramSolver,c,20.0,0,threshold,false,24,false,15.81,0,0.109,3.769e-05,4.814e-05,0.0001416,0.0002875,0.0002966
video-20x20x10x3,3,Float16,909,GramSolver,c,30.0,0,threshold,false,24,false,10.54,0,0.109,3.769e-05,4.814e-05,0.0001416,0.0002875,0.0002966
video-20x20x10x3,3,Float16,909,GramSolver,c,100.0,0,threshold,false,24,false,3.162,0,0.109,3.769e-05,4.814e-05,0.0001416,0.0002875,0.0002966
video-20x20x10x3,3,Float16,909,GramSolver,c,300.0,0,threshold,false,24,false,1.054,0,0.109,3.769e-05,4.814e-05,0.0001416,0.0002875,0.0002966
video-20x20x10x3,3,Float16,909,GramSolver,c,1000.0,2,threshold,false,22,true,1.188,0,0.109,3.769e-05,4.814e-05,0.0001416,0.0002875,0.0002966
video-20x20x10x3,3,Float16,909,GramSolver,c,10000.0,24,threshold,false,0,true,NaN,0,0.109,3.769e-05,4.814e-05,0.0001416,0.0002875,0.0002966
video-20x20x10x3,3,Float16,909,GramSolver,tol,0.001,0,threshold,false,24,false,37.69,0,0.109,3.769e-05,4.814e-05,0.0001416,0.0002875,0.0002966
video-20x20x10x3,3,Float16,909,GramSolver,tol,0.0001,0,threshold,false,24,false,63.24,0,0.109,3.769e-05,4.814e-05,0.0001416,0.0002875,0.0002966
video-20x20x10x3,3,Float16,909,GramSolver,tol,1.0e-5,0,threshold,false,24,false,63.24,0,0.109,3.769e-05,4.814e-05,0.0001416,0.0002875,0.0002966
video-20x20x10x3,3,Float16,909,GramSolver,tol,1.0e-6,0,threshold,false,24,false,63.24,0,0.109,3.769e-05,4.814e-05,0.0001416,0.0002875,0.0002966
video-20x20x10x3,3,Float16,909,GramSolver,tol,1.0e-7,0,threshold,false,24,false,63.24,0,0.109,3.769e-05,4.814e-05,0.0001416,0.0002875,0.0002966
video-20x20x10x3,3,Float16,909,GramSolver,tol,1.0e-8,0,threshold,false,24,false,63.24,0,0.109,3.769e-05,4.814e-05,0.0001416,0.0002875,0.0002966
video-20x20x10x3,3,Float16,909,GramSolver,tol,1.0e-9,0,threshold,false,24,false,63.24,0,0.109,3.769e-05,4.814e-05,0.0001416,0.0002875,0.0002966
video-20x20x10x3,3,Float16,909,ArpackSolver,c,1.0,3,gap,false,21,true,2230,0,0.402,1.618e-08,2.311e-08,7.732e-08,0.0002658,0.0002722
video-20x20x10x3,3,Float16,909,ArpackSolver,c,2.0,3,gap,false,21,true,1115,0,0.402,1.618e-08,2.311e-08,7.732e-08,0.0002658,0.0002722
video-20x20x10x3,3,Float16,909,ArpackSolver,c,3.0,3,gap,false,21,true,743.3,0,0.402,1.618e-08,2.311e-08,7.732e-08,0.0002658,0.0002722
video-20x20x10x3,3,Float16,909,ArpackSolver,c,5.0,3,gap,false,21,true,446,0,0.402,1.618e-08,2.311e-08,7.732e-08,0.0002658,0.0002722
video-20x20x10x3,3,Float16,909,ArpackSolver,c,10.0,3,gap,false,21,true,223,0,0.402,1.618e-08,2.311e-08,7.732e-08,0.0002658,0.0002722
video-20x20x10x3,3,Float16,909,ArpackSolver,c,20.0,3,gap,false,21,true,111.5,0,0.402,1.618e-08,2.311e-08,7.732e-08,0.0002658,0.0002722
video-20x20x10x3,3,Float16,909,ArpackSolver,c,30.0,3,threshold,false,21,true,74.33,0,0.402,1.618e-08,2.311e-08,7.732e-08,0.0002658,0.0002722
video-20x20x10x3,3,Float16,909,ArpackSolver,c,100.0,3,threshold,false,21,true,22.3,0,0.402,1.618e-08,2.311e-08,7.732e-08,0.0002658,0.0002722
video-20x20x10x3,3,Float16,909,ArpackSolver,c,300.0,3,threshold,false,21,true,7.433,0,0.402,1.618e-08,2.311e-08,7.732e-08,0.0002658,0.0002722
video-20x20x10x3,3,Float16,909,ArpackSolver,c,1000.0,3,threshold,false,21,true,2.23,0,0.402,1.618e-08,2.311e-08,7.732e-08,0.0002658,0.0002722
video-20x20x10x3,3,Float16,909,ArpackSolver,c,10000.0,24,threshold,false,0,true,NaN,0,0.402,1.618e-08,2.311e-08,7.732e-08,0.0002658,0.0002722
video-20x20x10x3,3,Float16,909,ArpackSolver,tol,0.001,3,gap,false,21,true,446,0,0.402,1.618e-08,2.311e-08,7.732e-08,0.0002658,0.0002722
video-20x20x10x3,3,Float16,909,ArpackSolver,tol,0.0001,3,gap,false,21,true,446,0,0.402,1.618e-08,2.311e-08,7.732e-08,0.0002658,0.0002722
video-20x20x10x3,3,Float16,909,ArpackSolver,tol,1.0e-5,3,gap,false,21,true,446,0,0.402,1.618e-08,2.311e-08,7.732e-08,0.0002658,0.0002722
video-20x20x10x3,3,Float16,909,ArpackSolver,tol,1.0e-6,3,gap,false,21,true,446,0,0.402,1.618e-08,2.311e-08,7.732e-08,0.0002658,0.0002722
video-20x20x10x3,3,Float16,909,ArpackSolver,tol,1.0e-7,3,gap,false,21,true,446,0,0.402,1.618e-08,2.311e-08,7.732e-08,0.0002658,0.0002722
video-20x20x10x3,3,Float16,909,ArpackSolver,tol,1.0e-8,3,gap,false,21,true,446,0,0.402,1.618e-08,2.311e-08,7.732e-08,0.0002658,0.0002722
video-20x20x10x3,3,Float16,909,ArpackSolver,tol,1.0e-9,3,gap,false,21,true,446,0,0.402,1.618e-08,2.311e-08,7.732e-08,0.0002658,0.0002722
video-20x20x10x3,3,Float16,909,KrylovSolver,c,1.0,2,threshold,false,22,true,1.037,0,0.493,6.723e-09,7.672e-08,1.236e-07,0.0002659,0.0002722
video-20x20x10x3,3,Float16,909,KrylovSolver,c,2.0,3,gap,false,21,true,1115,0,0.493,6.723e-09,7.672e-08,1.236e-07,0.0002659,0.0002722
video-20x20x10x3,3,Float16,909,KrylovSolver,c,3.0,3,gap,false,21,true,743.4,0,0.493,6.723e-09,7.672e-08,1.236e-07,0.0002659,0.0002722
video-20x20x10x3,3,Float16,909,KrylovSolver,c,5.0,3,gap,false,21,true,446.1,0,0.493,6.723e-09,7.672e-08,1.236e-07,0.0002659,0.0002722
video-20x20x10x3,3,Float16,909,KrylovSolver,c,10.0,3,gap,false,21,true,223,0,0.493,6.723e-09,7.672e-08,1.236e-07,0.0002659,0.0002722
video-20x20x10x3,3,Float16,909,KrylovSolver,c,20.0,3,gap,false,21,true,111.5,0,0.493,6.723e-09,7.672e-08,1.236e-07,0.0002659,0.0002722
video-20x20x10x3,3,Float16,909,KrylovSolver,c,30.0,3,threshold,false,21,true,74.34,0,0.493,6.723e-09,7.672e-08,1.236e-07,0.0002659,0.0002722
video-20x20x10x3,3,Float16,909,KrylovSolver,c,100.0,3,threshold,false,21,true,22.3,0,0.493,6.723e-09,7.672e-08,1.236e-07,0.0002659,0.0002722
video-20x20x10x3,3,Float16,909,KrylovSolver,c,300.0,3,threshold,false,21,true,7.434,0,0.493,6.723e-09,7.672e-08,1.236e-07,0.0002659,0.0002722
video-20x20x10x3,3,Float16,909,KrylovSolver,c,1000.0,3,threshold,false,21,true,2.23,0,0.493,6.723e-09,7.672e-08,1.236e-07,0.0002659,0.0002722
video-20x20x10x3,3,Float16,909,KrylovSolver,c,10000.0,24,threshold,false,0,true,NaN,0,0.493,6.723e-09,7.672e-08,1.236e-07,0.0002659,0.0002722
video-20x20x10x3,3,Float16,909,KrylovSolver,tol,0.001,3,gap,false,21,true,446.1,0,0.493,6.723e-09,7.672e-08,1.236e-07,0.0002659,0.0002722
video-20x20x10x3,3,Float16,909,KrylovSolver,tol,0.0001,3,gap,false,21,true,446.1,0,0.493,6.723e-09,7.672e-08,1.236e-07,0.0002659,0.0002722
video-20x20x10x3,3,Float16,909,KrylovSolver,tol,1.0e-5,3,gap,false,21,true,446.1,0,0.493,6.723e-09,7.672e-08,1.236e-07,0.0002659,0.0002722
video-20x20x10x3,3,Float16,909,KrylovSolver,tol,1.0e-6,3,gap,false,21,true,446.1,0,0.493,6.723e-09,7.672e-08,1.236e-07,0.0002659,0.0002722
video-20x20x10x3,3,Float16,909,KrylovSolver,tol,1.0e-7,3,gap,false,21,true,446.1,0,0.493,6.723e-09,7.672e-08,1.236e-07,0.0002659,0.0002722
video-20x20x10x3,3,Float16,909,KrylovSolver,tol,1.0e-8,3,gap,false,21,true,446.1,0,0.493,6.723e-09,7.672e-08,1.236e-07,0.0002659,0.0002722
video-20x20x10x3,3,Float16,909,KrylovSolver,tol,1.0e-9,3,gap,false,21,true,446.1,0,0.493,6.723e-09,7.672e-08,1.236e-07,0.0002659,0.0002722
video-40x40x20x3,3,Float64,3609,SVDSolver,c,1.0,3,gap,true,0,false,3.705e+11,0,9.432,1.956e-19,3.155e-17,4.443e-16,0.0001646,0.0001651
video-40x40x20x3,3,Float64,3609,SVDSolver,c,2.0,3,gap,true,0,false,3.705e+11,0,9.432,1.956e-19,3.155e-17,4.443e-16,0.0001646,0.0001651
video-40x40x20x3,3,Float64,3609,SVDSolver,c,3.0,3,gap,true,0,true,2.471e+11,0,9.432,1.956e-19,3.155e-17,4.443e-16,0.0001646,0.0001651
video-40x40x20x3,3,Float64,3609,SVDSolver,c,5.0,3,gap,true,0,true,1.483e+11,0,9.432,1.956e-19,3.155e-17,4.443e-16,0.0001646,0.0001651
video-40x40x20x3,3,Float64,3609,SVDSolver,c,10.0,3,gap,true,0,true,7.413e+10,0,9.432,1.956e-19,3.155e-17,4.443e-16,0.0001646,0.0001651
video-40x40x20x3,3,Float64,3609,SVDSolver,c,20.0,3,gap,true,0,true,3.706e+10,0,9.432,1.956e-19,3.155e-17,4.443e-16,0.0001646,0.0001651
video-40x40x20x3,3,Float64,3609,SVDSolver,c,30.0,3,gap,true,0,true,2.471e+10,0,9.432,1.956e-19,3.155e-17,4.443e-16,0.0001646,0.0001651
video-40x40x20x3,3,Float64,3609,SVDSolver,c,100.0,3,gap,true,0,true,7.413e+09,0,9.432,1.956e-19,3.155e-17,4.443e-16,0.0001646,0.0001651
video-40x40x20x3,3,Float64,3609,SVDSolver,c,300.0,3,gap,true,0,true,2.471e+09,0,9.432,1.956e-19,3.155e-17,4.443e-16,0.0001646,0.0001651
video-40x40x20x3,3,Float64,3609,SVDSolver,c,1000.0,3,gap,true,0,true,7.413e+08,0,9.432,1.956e-19,3.155e-17,4.443e-16,0.0001646,0.0001651
video-40x40x20x3,3,Float64,3609,SVDSolver,c,10000.0,3,gap,true,0,true,7.413e+07,0,9.432,1.956e-19,3.155e-17,4.443e-16,0.0001646,0.0001651
video-40x40x20x3,3,Float64,3609,SVDSolver,tol,0.001,3,gap,true,0,true,1.483e+11,0,9.432,1.956e-19,3.155e-17,4.443e-16,0.0001646,0.0001651
video-40x40x20x3,3,Float64,3609,SVDSolver,tol,0.0001,3,gap,true,0,true,1.483e+11,0,9.432,1.956e-19,3.155e-17,4.443e-16,0.0001646,0.0001651
video-40x40x20x3,3,Float64,3609,SVDSolver,tol,1.0e-5,3,gap,true,0,true,1.483e+11,0,9.432,1.956e-19,3.155e-17,4.443e-16,0.0001646,0.0001651
video-40x40x20x3,3,Float64,3609,SVDSolver,tol,1.0e-6,3,gap,true,0,true,1.483e+11,0,9.432,1.956e-19,3.155e-17,4.443e-16,0.0001646,0.0001651
video-40x40x20x3,3,Float64,3609,SVDSolver,tol,1.0e-7,3,gap,true,0,true,1.483e+11,0,9.432,1.956e-19,3.155e-17,4.443e-16,0.0001646,0.0001651
video-40x40x20x3,3,Float64,3609,SVDSolver,tol,1.0e-8,3,gap,true,0,true,1.483e+11,0,9.432,1.956e-19,3.155e-17,4.443e-16,0.0001646,0.0001651
video-40x40x20x3,3,Float64,3609,SVDSolver,tol,1.0e-9,3,gap,true,0,true,1.483e+11,0,9.432,1.956e-19,3.155e-17,4.443e-16,0.0001646,0.0001651
video-40x40x20x3,3,Float64,3609,GramSolver,c,1.0,3,gap,true,0,false,1.392e+09,0,3.839,2.54e-14,3.871e-14,1.262e-13,0.0001756,0.0001765
video-40x40x20x3,3,Float64,3609,GramSolver,c,2.0,3,gap,true,0,false,1.392e+09,0,3.839,2.54e-14,3.871e-14,1.262e-13,0.0001756,0.0001765
video-40x40x20x3,3,Float64,3609,GramSolver,c,3.0,3,gap,true,0,false,1.392e+09,0,3.839,2.54e-14,3.871e-14,1.262e-13,0.0001756,0.0001765
video-40x40x20x3,3,Float64,3609,GramSolver,c,5.0,3,gap,true,0,false,1.392e+09,0,3.839,2.54e-14,3.871e-14,1.262e-13,0.0001756,0.0001765
video-40x40x20x3,3,Float64,3609,GramSolver,c,10.0,3,gap,true,0,false,1.392e+09,0,3.839,2.54e-14,3.871e-14,1.262e-13,0.0001756,0.0001765
video-40x40x20x3,3,Float64,3609,GramSolver,c,20.0,3,gap,true,0,false,1.392e+09,0,3.839,2.54e-14,3.871e-14,1.262e-13,0.0001756,0.0001765
video-40x40x20x3,3,Float64,3609,GramSolver,c,30.0,3,gap,true,0,false,1.392e+09,0,3.839,2.54e-14,3.871e-14,1.262e-13,0.0001756,0.0001765
video-40x40x20x3,3,Float64,3609,GramSolver,c,100.0,3,gap,true,0,false,1.392e+09,0,3.839,2.54e-14,3.871e-14,1.262e-13,0.0001756,0.0001765
video-40x40x20x3,3,Float64,3609,GramSolver,c,300.0,3,gap,true,0,false,1.392e+09,0,3.839,2.54e-14,3.871e-14,1.262e-13,0.0001756,0.0001765
video-40x40x20x3,3,Float64,3609,GramSolver,c,1000.0,3,gap,true,0,true,7.908e+08,0,3.839,2.54e-14,3.871e-14,1.262e-13,0.0001756,0.0001765
video-40x40x20x3,3,Float64,3609,GramSolver,c,10000.0,3,gap,true,0,true,7.908e+07,0,3.839,2.54e-14,3.871e-14,1.262e-13,0.0001756,0.0001765
video-40x40x20x3,3,Float64,3609,GramSolver,tol,0.001,3,gap,true,0,false,1.392e+09,0,3.839,2.54e-14,3.871e-14,1.262e-13,0.0001756,0.0001765
video-40x40x20x3,3,Float64,3609,GramSolver,tol,0.0001,3,gap,true,0,false,1.392e+09,0,3.839,2.54e-14,3.871e-14,1.262e-13,0.0001756,0.0001765
video-40x40x20x3,3,Float64,3609,GramSolver,tol,1.0e-5,3,gap,true,0,false,1.392e+09,0,3.839,2.54e-14,3.871e-14,1.262e-13,0.0001756,0.0001765
video-40x40x20x3,3,Float64,3609,GramSolver,tol,1.0e-6,3,gap,true,0,false,1.392e+09,0,3.839,2.54e-14,3.871e-14,1.262e-13,0.0001756,0.0001765
video-40x40x20x3,3,Float64,3609,GramSolver,tol,1.0e-7,0,threshold,false,0,false,2.54,0,3.839,2.54e-14,3.871e-14,1.262e-13,0.0001756,0.0001765
video-40x40x20x3,3,Float64,3609,GramSolver,tol,1.0e-8,0,threshold,false,0,false,22.88,0,3.839,2.54e-14,3.871e-14,1.262e-13,0.0001756,0.0001765
video-40x40x20x3,3,Float64,3609,GramSolver,tol,1.0e-9,0,threshold,false,0,false,22.88,0,3.839,2.54e-14,3.871e-14,1.262e-13,0.0001756,0.0001765
video-40x40x20x3,3,Float64,3609,ArpackSolver,c,1.0,3,gap,true,0,true,7.413e+11,0,2.825,2.774e-17,2.893e-17,1.104e-16,0.0001646,0.0001651
video-40x40x20x3,3,Float64,3609,ArpackSolver,c,2.0,3,gap,true,0,true,3.706e+11,0,2.825,2.774e-17,2.893e-17,1.104e-16,0.0001646,0.0001651
video-40x40x20x3,3,Float64,3609,ArpackSolver,c,3.0,3,gap,true,0,true,2.471e+11,0,2.825,2.774e-17,2.893e-17,1.104e-16,0.0001646,0.0001651
video-40x40x20x3,3,Float64,3609,ArpackSolver,c,5.0,3,gap,true,0,true,1.483e+11,0,2.825,2.774e-17,2.893e-17,1.104e-16,0.0001646,0.0001651
video-40x40x20x3,3,Float64,3609,ArpackSolver,c,10.0,3,gap,true,0,true,7.413e+10,0,2.825,2.774e-17,2.893e-17,1.104e-16,0.0001646,0.0001651
video-40x40x20x3,3,Float64,3609,ArpackSolver,c,20.0,3,gap,true,0,true,3.706e+10,0,2.825,2.774e-17,2.893e-17,1.104e-16,0.0001646,0.0001651
video-40x40x20x3,3,Float64,3609,ArpackSolver,c,30.0,3,gap,true,0,true,2.471e+10,0,2.825,2.774e-17,2.893e-17,1.104e-16,0.0001646,0.0001651
video-40x40x20x3,3,Float64,3609,ArpackSolver,c,100.0,3,gap,true,0,true,7.413e+09,0,2.825,2.774e-17,2.893e-17,1.104e-16,0.0001646,0.0001651
video-40x40x20x3,3,Float64,3609,ArpackSolver,c,300.0,3,gap,true,0,true,2.471e+09,0,2.825,2.774e-17,2.893e-17,1.104e-16,0.0001646,0.0001651
video-40x40x20x3,3,Float64,3609,ArpackSolver,c,1000.0,3,gap,true,0,true,7.413e+08,0,2.825,2.774e-17,2.893e-17,1.104e-16,0.0001646,0.0001651
video-40x40x20x3,3,Float64,3609,ArpackSolver,c,10000.0,3,gap,true,0,true,7.413e+07,0,2.825,2.774e-17,2.893e-17,1.104e-16,0.0001646,0.0001651
video-40x40x20x3,3,Float64,3609,ArpackSolver,tol,0.001,3,gap,true,0,true,1.483e+11,0,2.825,2.774e-17,2.893e-17,1.104e-16,0.0001646,0.0001651
video-40x40x20x3,3,Float64,3609,ArpackSolver,tol,0.0001,3,gap,true,0,true,1.483e+11,0,2.825,2.774e-17,2.893e-17,1.104e-16,0.0001646,0.0001651
video-40x40x20x3,3,Float64,3609,ArpackSolver,tol,1.0e-5,3,gap,true,0,true,1.483e+11,0,2.825,2.774e-17,2.893e-17,1.104e-16,0.0001646,0.0001651
video-40x40x20x3,3,Float64,3609,ArpackSolver,tol,1.0e-6,3,gap,true,0,true,1.483e+11,0,2.825,2.774e-17,2.893e-17,1.104e-16,0.0001646,0.0001651
video-40x40x20x3,3,Float64,3609,ArpackSolver,tol,1.0e-7,3,gap,true,0,true,1.483e+11,0,2.825,2.774e-17,2.893e-17,1.104e-16,0.0001646,0.0001651
video-40x40x20x3,3,Float64,3609,ArpackSolver,tol,1.0e-8,3,gap,true,0,true,1.483e+11,0,2.825,2.774e-17,2.893e-17,1.104e-16,0.0001646,0.0001651
video-40x40x20x3,3,Float64,3609,ArpackSolver,tol,1.0e-9,3,gap,true,0,true,1.483e+11,0,2.825,2.774e-17,2.893e-17,1.104e-16,0.0001646,0.0001651
video-40x40x20x3,3,Float64,3609,KrylovSolver,c,1.0,3,gap,true,0,false,2.328e+11,0,24.385,2.482e-16,2.882e-16,7.07e-16,0.0001646,0.0001651
video-40x40x20x3,3,Float64,3609,KrylovSolver,c,2.0,3,gap,true,0,false,2.328e+11,0,24.385,2.482e-16,2.882e-16,7.07e-16,0.0001646,0.0001651
video-40x40x20x3,3,Float64,3609,KrylovSolver,c,3.0,3,gap,true,0,false,2.328e+11,0,24.385,2.482e-16,2.882e-16,7.07e-16,0.0001646,0.0001651
video-40x40x20x3,3,Float64,3609,KrylovSolver,c,5.0,3,gap,true,0,true,1.483e+11,0,24.385,2.482e-16,2.882e-16,7.07e-16,0.0001646,0.0001651
video-40x40x20x3,3,Float64,3609,KrylovSolver,c,10.0,3,gap,true,0,true,7.413e+10,0,24.385,2.482e-16,2.882e-16,7.07e-16,0.0001646,0.0001651
video-40x40x20x3,3,Float64,3609,KrylovSolver,c,20.0,3,gap,true,0,true,3.706e+10,0,24.385,2.482e-16,2.882e-16,7.07e-16,0.0001646,0.0001651
video-40x40x20x3,3,Float64,3609,KrylovSolver,c,30.0,3,gap,true,0,true,2.471e+10,0,24.385,2.482e-16,2.882e-16,7.07e-16,0.0001646,0.0001651
video-40x40x20x3,3,Float64,3609,KrylovSolver,c,100.0,3,gap,true,0,true,7.413e+09,0,24.385,2.482e-16,2.882e-16,7.07e-16,0.0001646,0.0001651
video-40x40x20x3,3,Float64,3609,KrylovSolver,c,300.0,3,gap,true,0,true,2.471e+09,0,24.385,2.482e-16,2.882e-16,7.07e-16,0.0001646,0.0001651
video-40x40x20x3,3,Float64,3609,KrylovSolver,c,1000.0,3,gap,true,0,true,7.413e+08,0,24.385,2.482e-16,2.882e-16,7.07e-16,0.0001646,0.0001651
video-40x40x20x3,3,Float64,3609,KrylovSolver,c,10000.0,3,gap,true,0,true,7.413e+07,0,24.385,2.482e-16,2.882e-16,7.07e-16,0.0001646,0.0001651
video-40x40x20x3,3,Float64,3609,KrylovSolver,tol,0.001,3,gap,true,0,true,1.483e+11,0,24.385,2.482e-16,2.882e-16,7.07e-16,0.0001646,0.0001651
video-40x40x20x3,3,Float64,3609,KrylovSolver,tol,0.0001,3,gap,true,0,true,1.483e+11,0,24.385,2.482e-16,2.882e-16,7.07e-16,0.0001646,0.0001651
video-40x40x20x3,3,Float64,3609,KrylovSolver,tol,1.0e-5,3,gap,true,0,true,1.483e+11,0,24.385,2.482e-16,2.882e-16,7.07e-16,0.0001646,0.0001651
video-40x40x20x3,3,Float64,3609,KrylovSolver,tol,1.0e-6,3,gap,true,0,true,1.483e+11,0,24.385,2.482e-16,2.882e-16,7.07e-16,0.0001646,0.0001651
video-40x40x20x3,3,Float64,3609,KrylovSolver,tol,1.0e-7,3,gap,true,0,true,1.483e+11,0,24.385,2.482e-16,2.882e-16,7.07e-16,0.0001646,0.0001651
video-40x40x20x3,3,Float64,3609,KrylovSolver,tol,1.0e-8,3,gap,true,0,true,1.483e+11,0,24.385,2.482e-16,2.882e-16,7.07e-16,0.0001646,0.0001651
video-40x40x20x3,3,Float64,3609,KrylovSolver,tol,1.0e-9,3,gap,true,0,true,1.483e+11,0,24.385,2.482e-16,2.882e-16,7.07e-16,0.0001646,0.0001651
video-40x40x20x3,3,Float32,3609,SVDSolver,c,1.0,3,gap,true,0,true,1381,0,5.870,1.696e-09,2.142e-09,1.314e-08,0.0001646,0.0001651
video-40x40x20x3,3,Float32,3609,SVDSolver,c,2.0,3,gap,true,0,true,690.3,0,5.870,1.696e-09,2.142e-09,1.314e-08,0.0001646,0.0001651
video-40x40x20x3,3,Float32,3609,SVDSolver,c,3.0,3,gap,true,0,true,460.2,0,5.870,1.696e-09,2.142e-09,1.314e-08,0.0001646,0.0001651
video-40x40x20x3,3,Float32,3609,SVDSolver,c,5.0,3,gap,true,0,true,276.1,0,5.870,1.696e-09,2.142e-09,1.314e-08,0.0001646,0.0001651
video-40x40x20x3,3,Float32,3609,SVDSolver,c,10.0,3,gap,true,0,true,138.1,0,5.870,1.696e-09,2.142e-09,1.314e-08,0.0001646,0.0001651
video-40x40x20x3,3,Float32,3609,SVDSolver,c,20.0,3,threshold,false,0,true,69.03,0,5.870,1.696e-09,2.142e-09,1.314e-08,0.0001646,0.0001651
video-40x40x20x3,3,Float32,3609,SVDSolver,c,30.0,3,threshold,false,0,true,46.02,0,5.870,1.696e-09,2.142e-09,1.314e-08,0.0001646,0.0001651
video-40x40x20x3,3,Float32,3609,SVDSolver,c,100.0,3,threshold,false,0,true,13.81,0,5.870,1.696e-09,2.142e-09,1.314e-08,0.0001646,0.0001651
video-40x40x20x3,3,Float32,3609,SVDSolver,c,300.0,3,threshold,false,0,true,4.602,0,5.870,1.696e-09,2.142e-09,1.314e-08,0.0001646,0.0001651
video-40x40x20x3,3,Float32,3609,SVDSolver,c,1000.0,3,threshold,false,0,true,1.381,0,5.870,1.696e-09,2.142e-09,1.314e-08,0.0001646,0.0001651
video-40x40x20x3,3,Float32,3609,SVDSolver,c,10000.0,24,threshold,false,0,true,NaN,0,5.870,1.696e-09,2.142e-09,1.314e-08,0.0001646,0.0001651
video-40x40x20x3,3,Float32,3609,SVDSolver,tol,0.001,3,gap,true,0,true,276.1,0,5.870,1.696e-09,2.142e-09,1.314e-08,0.0001646,0.0001651
video-40x40x20x3,3,Float32,3609,SVDSolver,tol,0.0001,3,gap,true,0,true,276.1,0,5.870,1.696e-09,2.142e-09,1.314e-08,0.0001646,0.0001651
video-40x40x20x3,3,Float32,3609,SVDSolver,tol,1.0e-5,3,gap,true,0,true,276.1,0,5.870,1.696e-09,2.142e-09,1.314e-08,0.0001646,0.0001651
video-40x40x20x3,3,Float32,3609,SVDSolver,tol,1.0e-6,3,gap,true,0,true,276.1,0,5.870,1.696e-09,2.142e-09,1.314e-08,0.0001646,0.0001651
video-40x40x20x3,3,Float32,3609,SVDSolver,tol,1.0e-7,3,gap,true,0,true,276.1,0,5.870,1.696e-09,2.142e-09,1.314e-08,0.0001646,0.0001651
video-40x40x20x3,3,Float32,3609,SVDSolver,tol,1.0e-8,3,gap,true,0,true,276.1,0,5.870,1.696e-09,2.142e-09,1.314e-08,0.0001646,0.0001651
video-40x40x20x3,3,Float32,3609,SVDSolver,tol,1.0e-9,3,gap,true,0,true,276.1,0,5.870,1.696e-09,2.142e-09,1.314e-08,0.0001646,0.0001651
video-40x40x20x3,3,Float32,3609,GramSolver,c,1.0,0,threshold,true,0,false,1166,0,2.917,0.000139,0.0001753,0.0001763,0.0002048,0.0002059
video-40x40x20x3,3,Float32,3609,GramSolver,c,2.0,0,threshold,true,0,false,583.1,0,2.917,0.000139,0.0001753,0.0001763,0.0002048,0.0002059
video-40x40x20x3,3,Float32,3609,GramSolver,c,3.0,0,threshold,true,0,false,388.7,0,2.917,0.000139,0.0001753,0.0001763,0.0002048,0.0002059
video-40x40x20x3,3,Float32,3609,GramSolver,c,5.0,0,threshold,true,0,false,233.2,0,2.917,0.000139,0.0001753,0.0001763,0.0002048,0.0002059
video-40x40x20x3,3,Float32,3609,GramSolver,c,10.0,0,threshold,true,0,false,116.6,0,2.917,0.000139,0.0001753,0.0001763,0.0002048,0.0002059
video-40x40x20x3,3,Float32,3609,GramSolver,c,20.0,0,threshold,false,0,false,58.31,0,2.917,0.000139,0.0001753,0.0001763,0.0002048,0.0002059
video-40x40x20x3,3,Float32,3609,GramSolver,c,30.0,0,threshold,false,0,false,38.87,0,2.917,0.000139,0.0001753,0.0001763,0.0002048,0.0002059
video-40x40x20x3,3,Float32,3609,GramSolver,c,100.0,0,threshold,false,0,false,11.66,0,2.917,0.000139,0.0001753,0.0001763,0.0002048,0.0002059
video-40x40x20x3,3,Float32,3609,GramSolver,c,300.0,0,threshold,false,0,false,3.887,0,2.917,0.000139,0.0001753,0.0001763,0.0002048,0.0002059
video-40x40x20x3,3,Float32,3609,GramSolver,c,1000.0,0,threshold,false,0,false,1.166,0,2.917,0.000139,0.0001753,0.0001763,0.0002048,0.0002059
video-40x40x20x3,3,Float32,3609,GramSolver,c,10000.0,24,threshold,false,0,true,NaN,0,2.917,0.000139,0.0001753,0.0001763,0.0002048,0.0002059
video-40x40x20x3,3,Float32,3609,GramSolver,tol,0.001,0,threshold,true,0,false,139,0,2.917,0.000139,0.0001753,0.0001763,0.0002048,0.0002059
video-40x40x20x3,3,Float32,3609,GramSolver,tol,0.0001,0,threshold,true,0,false,233.2,0,2.917,0.000139,0.0001753,0.0001763,0.0002048,0.0002059
video-40x40x20x3,3,Float32,3609,GramSolver,tol,1.0e-5,0,threshold,true,0,false,233.2,0,2.917,0.000139,0.0001753,0.0001763,0.0002048,0.0002059
video-40x40x20x3,3,Float32,3609,GramSolver,tol,1.0e-6,0,threshold,true,0,false,233.2,0,2.917,0.000139,0.0001753,0.0001763,0.0002048,0.0002059
video-40x40x20x3,3,Float32,3609,GramSolver,tol,1.0e-7,0,threshold,true,0,false,233.2,0,2.917,0.000139,0.0001753,0.0001763,0.0002048,0.0002059
video-40x40x20x3,3,Float32,3609,GramSolver,tol,1.0e-8,0,threshold,true,0,false,233.2,0,2.917,0.000139,0.0001753,0.0001763,0.0002048,0.0002059
video-40x40x20x3,3,Float32,3609,GramSolver,tol,1.0e-9,0,threshold,true,0,false,233.2,0,2.917,0.000139,0.0001753,0.0001763,0.0002048,0.0002059
video-40x40x20x3,3,Float32,3609,ArpackSolver,c,1.0,3,gap,true,0,true,1381,0,6.918,7.114e-10,5.665e-09,2.933e-08,0.0001646,0.0001651
video-40x40x20x3,3,Float32,3609,ArpackSolver,c,2.0,3,gap,true,0,true,690.3,0,6.918,7.114e-10,5.665e-09,2.933e-08,0.0001646,0.0001651
video-40x40x20x3,3,Float32,3609,ArpackSolver,c,3.0,3,gap,true,0,true,460.2,0,6.918,7.114e-10,5.665e-09,2.933e-08,0.0001646,0.0001651
video-40x40x20x3,3,Float32,3609,ArpackSolver,c,5.0,3,gap,true,0,true,276.1,0,6.918,7.114e-10,5.665e-09,2.933e-08,0.0001646,0.0001651
video-40x40x20x3,3,Float32,3609,ArpackSolver,c,10.0,3,gap,true,0,true,138.1,0,6.918,7.114e-10,5.665e-09,2.933e-08,0.0001646,0.0001651
video-40x40x20x3,3,Float32,3609,ArpackSolver,c,20.0,3,threshold,false,0,true,69.03,0,6.918,7.114e-10,5.665e-09,2.933e-08,0.0001646,0.0001651
video-40x40x20x3,3,Float32,3609,ArpackSolver,c,30.0,3,threshold,false,0,true,46.02,0,6.918,7.114e-10,5.665e-09,2.933e-08,0.0001646,0.0001651
video-40x40x20x3,3,Float32,3609,ArpackSolver,c,100.0,3,threshold,false,0,true,13.81,0,6.918,7.114e-10,5.665e-09,2.933e-08,0.0001646,0.0001651
video-40x40x20x3,3,Float32,3609,ArpackSolver,c,300.0,3,threshold,false,0,true,4.602,0,6.918,7.114e-10,5.665e-09,2.933e-08,0.0001646,0.0001651
video-40x40x20x3,3,Float32,3609,ArpackSolver,c,1000.0,3,threshold,false,0,true,1.381,0,6.918,7.114e-10,5.665e-09,2.933e-08,0.0001646,0.0001651
video-40x40x20x3,3,Float32,3609,ArpackSolver,c,10000.0,24,threshold,false,0,true,NaN,0,6.918,7.114e-10,5.665e-09,2.933e-08,0.0001646,0.0001651
video-40x40x20x3,3,Float32,3609,ArpackSolver,tol,0.001,3,gap,true,0,true,276.1,0,6.918,7.114e-10,5.665e-09,2.933e-08,0.0001646,0.0001651
video-40x40x20x3,3,Float32,3609,ArpackSolver,tol,0.0001,3,gap,true,0,true,276.1,0,6.918,7.114e-10,5.665e-09,2.933e-08,0.0001646,0.0001651
video-40x40x20x3,3,Float32,3609,ArpackSolver,tol,1.0e-5,3,gap,true,0,true,276.1,0,6.918,7.114e-10,5.665e-09,2.933e-08,0.0001646,0.0001651
video-40x40x20x3,3,Float32,3609,ArpackSolver,tol,1.0e-6,3,gap,true,0,true,276.1,0,6.918,7.114e-10,5.665e-09,2.933e-08,0.0001646,0.0001651
video-40x40x20x3,3,Float32,3609,ArpackSolver,tol,1.0e-7,3,gap,true,0,true,276.1,0,6.918,7.114e-10,5.665e-09,2.933e-08,0.0001646,0.0001651
video-40x40x20x3,3,Float32,3609,ArpackSolver,tol,1.0e-8,3,gap,true,0,true,276.1,0,6.918,7.114e-10,5.665e-09,2.933e-08,0.0001646,0.0001651
video-40x40x20x3,3,Float32,3609,ArpackSolver,tol,1.0e-9,3,gap,true,0,true,276.1,0,6.918,7.114e-10,5.665e-09,2.933e-08,0.0001646,0.0001651
video-40x40x20x3,3,Float32,3609,KrylovSolver,c,1.0,1,threshold,false,0,true,1.369,0,4.162,6.019e-09,1.632e-07,2.344e-07,0.0001645,0.0001651
video-40x40x20x3,3,Float32,3609,KrylovSolver,c,2.0,3,gap,true,0,true,690.1,0,4.162,6.019e-09,1.632e-07,2.344e-07,0.0001645,0.0001651
video-40x40x20x3,3,Float32,3609,KrylovSolver,c,3.0,3,gap,true,0,true,460,0,4.162,6.019e-09,1.632e-07,2.344e-07,0.0001645,0.0001651
video-40x40x20x3,3,Float32,3609,KrylovSolver,c,5.0,3,gap,true,0,true,276,0,4.162,6.019e-09,1.632e-07,2.344e-07,0.0001645,0.0001651
video-40x40x20x3,3,Float32,3609,KrylovSolver,c,10.0,3,gap,true,0,true,138,0,4.162,6.019e-09,1.632e-07,2.344e-07,0.0001645,0.0001651
video-40x40x20x3,3,Float32,3609,KrylovSolver,c,20.0,3,threshold,false,0,true,69.01,0,4.162,6.019e-09,1.632e-07,2.344e-07,0.0001645,0.0001651
video-40x40x20x3,3,Float32,3609,KrylovSolver,c,30.0,3,threshold,false,0,true,46,0,4.162,6.019e-09,1.632e-07,2.344e-07,0.0001645,0.0001651
video-40x40x20x3,3,Float32,3609,KrylovSolver,c,100.0,3,threshold,false,0,true,13.8,0,4.162,6.019e-09,1.632e-07,2.344e-07,0.0001645,0.0001651
video-40x40x20x3,3,Float32,3609,KrylovSolver,c,300.0,3,threshold,false,0,true,4.6,0,4.162,6.019e-09,1.632e-07,2.344e-07,0.0001645,0.0001651
video-40x40x20x3,3,Float32,3609,KrylovSolver,c,1000.0,3,threshold,false,0,true,1.38,0,4.162,6.019e-09,1.632e-07,2.344e-07,0.0001645,0.0001651
video-40x40x20x3,3,Float32,3609,KrylovSolver,c,10000.0,69,threshold,false,0,true,NaN,0,4.162,6.019e-09,1.632e-07,2.344e-07,0.0001645,0.0001651
video-40x40x20x3,3,Float32,3609,KrylovSolver,tol,0.001,3,gap,true,0,true,276,0,4.162,6.019e-09,1.632e-07,2.344e-07,0.0001645,0.0001651
video-40x40x20x3,3,Float32,3609,KrylovSolver,tol,0.0001,3,gap,true,0,true,276,0,4.162,6.019e-09,1.632e-07,2.344e-07,0.0001645,0.0001651
video-40x40x20x3,3,Float32,3609,KrylovSolver,tol,1.0e-5,3,gap,true,0,true,276,0,4.162,6.019e-09,1.632e-07,2.344e-07,0.0001645,0.0001651
video-40x40x20x3,3,Float32,3609,KrylovSolver,tol,1.0e-6,3,gap,true,0,true,276,0,4.162,6.019e-09,1.632e-07,2.344e-07,0.0001645,0.0001651
video-40x40x20x3,3,Float32,3609,KrylovSolver,tol,1.0e-7,3,gap,true,0,true,276,0,4.162,6.019e-09,1.632e-07,2.344e-07,0.0001645,0.0001651
video-40x40x20x3,3,Float32,3609,KrylovSolver,tol,1.0e-8,3,gap,true,0,true,276,0,4.162,6.019e-09,1.632e-07,2.344e-07,0.0001645,0.0001651
video-40x40x20x3,3,Float32,3609,KrylovSolver,tol,1.0e-9,3,gap,true,0,true,276,0,4.162,6.019e-09,1.632e-07,2.344e-07,0.0001645,0.0001651
video-40x40x20x3,3,Float16,3609,SVDSolver,c,1.0,2,threshold,false,22,true,2.002,0,5.530,4.454e-09,6.804e-09,2.386e-07,0.0001646,0.0001651
video-40x40x20x3,3,Float16,3609,SVDSolver,c,2.0,2,threshold,false,22,true,1.001,0,5.530,4.454e-09,6.804e-09,2.386e-07,0.0001646,0.0001651
video-40x40x20x3,3,Float16,3609,SVDSolver,c,3.0,3,gap,false,21,true,460.2,0,5.530,4.454e-09,6.804e-09,2.386e-07,0.0001646,0.0001651
video-40x40x20x3,3,Float16,3609,SVDSolver,c,5.0,3,gap,false,21,true,276.1,0,5.530,4.454e-09,6.804e-09,2.386e-07,0.0001646,0.0001651
video-40x40x20x3,3,Float16,3609,SVDSolver,c,10.0,3,gap,false,21,true,138.1,0,5.530,4.454e-09,6.804e-09,2.386e-07,0.0001646,0.0001651
video-40x40x20x3,3,Float16,3609,SVDSolver,c,20.0,3,threshold,false,21,true,69.03,0,5.530,4.454e-09,6.804e-09,2.386e-07,0.0001646,0.0001651
video-40x40x20x3,3,Float16,3609,SVDSolver,c,30.0,3,threshold,false,21,true,46.02,0,5.530,4.454e-09,6.804e-09,2.386e-07,0.0001646,0.0001651
video-40x40x20x3,3,Float16,3609,SVDSolver,c,100.0,3,threshold,false,21,true,13.81,0,5.530,4.454e-09,6.804e-09,2.386e-07,0.0001646,0.0001651
video-40x40x20x3,3,Float16,3609,SVDSolver,c,300.0,3,threshold,false,21,true,4.602,0,5.530,4.454e-09,6.804e-09,2.386e-07,0.0001646,0.0001651
video-40x40x20x3,3,Float16,3609,SVDSolver,c,1000.0,3,threshold,false,21,true,1.381,0,5.530,4.454e-09,6.804e-09,2.386e-07,0.0001646,0.0001651
video-40x40x20x3,3,Float16,3609,SVDSolver,c,10000.0,24,threshold,false,0,true,NaN,0,5.530,4.454e-09,6.804e-09,2.386e-07,0.0001646,0.0001651
video-40x40x20x3,3,Float16,3609,SVDSolver,tol,0.001,3,gap,false,21,true,276.1,0,5.530,4.454e-09,6.804e-09,2.386e-07,0.0001646,0.0001651
video-40x40x20x3,3,Float16,3609,SVDSolver,tol,0.0001,3,gap,false,21,true,276.1,0,5.530,4.454e-09,6.804e-09,2.386e-07,0.0001646,0.0001651
video-40x40x20x3,3,Float16,3609,SVDSolver,tol,1.0e-5,3,gap,false,21,true,276.1,0,5.530,4.454e-09,6.804e-09,2.386e-07,0.0001646,0.0001651
video-40x40x20x3,3,Float16,3609,SVDSolver,tol,1.0e-6,3,gap,false,21,true,276.1,0,5.530,4.454e-09,6.804e-09,2.386e-07,0.0001646,0.0001651
video-40x40x20x3,3,Float16,3609,SVDSolver,tol,1.0e-7,3,gap,false,21,true,276.1,0,5.530,4.454e-09,6.804e-09,2.386e-07,0.0001646,0.0001651
video-40x40x20x3,3,Float16,3609,SVDSolver,tol,1.0e-8,3,gap,false,21,true,276.1,0,5.530,4.454e-09,6.804e-09,2.386e-07,0.0001646,0.0001651
video-40x40x20x3,3,Float16,3609,SVDSolver,tol,1.0e-9,3,gap,false,21,true,276.1,0,5.530,4.454e-09,6.804e-09,2.386e-07,0.0001646,0.0001651
video-40x40x20x3,3,Float16,3609,GramSolver,c,1.0,0,threshold,false,24,false,1222,0,2.874,0.0001457,0.0001755,0.0001788,0.0002053,0.0002059
video-40x40x20x3,3,Float16,3609,GramSolver,c,2.0,0,threshold,false,24,false,611.2,0,2.874,0.0001457,0.0001755,0.0001788,0.0002053,0.0002059
video-40x40x20x3,3,Float16,3609,GramSolver,c,3.0,0,threshold,false,24,false,407.5,0,2.874,0.0001457,0.0001755,0.0001788,0.0002053,0.0002059
video-40x40x20x3,3,Float16,3609,GramSolver,c,5.0,0,threshold,false,24,false,244.5,0,2.874,0.0001457,0.0001755,0.0001788,0.0002053,0.0002059
video-40x40x20x3,3,Float16,3609,GramSolver,c,10.0,0,threshold,false,24,false,122.2,0,2.874,0.0001457,0.0001755,0.0001788,0.0002053,0.0002059
video-40x40x20x3,3,Float16,3609,GramSolver,c,20.0,0,threshold,false,24,false,61.12,0,2.874,0.0001457,0.0001755,0.0001788,0.0002053,0.0002059
video-40x40x20x3,3,Float16,3609,GramSolver,c,30.0,0,threshold,false,24,false,40.75,0,2.874,0.0001457,0.0001755,0.0001788,0.0002053,0.0002059
video-40x40x20x3,3,Float16,3609,GramSolver,c,100.0,0,threshold,false,24,false,12.22,0,2.874,0.0001457,0.0001755,0.0001788,0.0002053,0.0002059
video-40x40x20x3,3,Float16,3609,GramSolver,c,300.0,0,threshold,false,24,false,4.075,0,2.874,0.0001457,0.0001755,0.0001788,0.0002053,0.0002059
video-40x40x20x3,3,Float16,3609,GramSolver,c,1000.0,0,threshold,false,24,false,1.222,0,2.874,0.0001457,0.0001755,0.0001788,0.0002053,0.0002059
video-40x40x20x3,3,Float16,3609,GramSolver,c,10000.0,24,threshold,false,0,true,NaN,0,2.874,0.0001457,0.0001755,0.0001788,0.0002053,0.0002059
video-40x40x20x3,3,Float16,3609,GramSolver,tol,0.001,0,threshold,false,24,false,145.7,0,2.874,0.0001457,0.0001755,0.0001788,0.0002053,0.0002059
video-40x40x20x3,3,Float16,3609,GramSolver,tol,0.0001,0,threshold,false,24,false,244.5,0,2.874,0.0001457,0.0001755,0.0001788,0.0002053,0.0002059
video-40x40x20x3,3,Float16,3609,GramSolver,tol,1.0e-5,0,threshold,false,24,false,244.5,0,2.874,0.0001457,0.0001755,0.0001788,0.0002053,0.0002059
video-40x40x20x3,3,Float16,3609,GramSolver,tol,1.0e-6,0,threshold,false,24,false,244.5,0,2.874,0.0001457,0.0001755,0.0001788,0.0002053,0.0002059
video-40x40x20x3,3,Float16,3609,GramSolver,tol,1.0e-7,0,threshold,false,24,false,244.5,0,2.874,0.0001457,0.0001755,0.0001788,0.0002053,0.0002059
video-40x40x20x3,3,Float16,3609,GramSolver,tol,1.0e-8,0,threshold,false,24,false,244.5,0,2.874,0.0001457,0.0001755,0.0001788,0.0002053,0.0002059
video-40x40x20x3,3,Float16,3609,GramSolver,tol,1.0e-9,0,threshold,false,24,false,244.5,0,2.874,0.0001457,0.0001755,0.0001788,0.0002053,0.0002059
video-40x40x20x3,3,Float16,3609,ArpackSolver,c,1.0,3,gap,false,21,true,1381,0,7.235,1.959e-08,2.642e-08,4.964e-08,0.0001646,0.0001651
video-40x40x20x3,3,Float16,3609,ArpackSolver,c,2.0,3,gap,false,21,true,690.3,0,7.235,1.959e-08,2.642e-08,4.964e-08,0.0001646,0.0001651
video-40x40x20x3,3,Float16,3609,ArpackSolver,c,3.0,3,gap,false,21,true,460.2,0,7.235,1.959e-08,2.642e-08,4.964e-08,0.0001646,0.0001651
video-40x40x20x3,3,Float16,3609,ArpackSolver,c,5.0,3,gap,false,21,true,276.1,0,7.235,1.959e-08,2.642e-08,4.964e-08,0.0001646,0.0001651
video-40x40x20x3,3,Float16,3609,ArpackSolver,c,10.0,3,gap,false,21,true,138.1,0,7.235,1.959e-08,2.642e-08,4.964e-08,0.0001646,0.0001651
video-40x40x20x3,3,Float16,3609,ArpackSolver,c,20.0,3,threshold,false,21,true,69.03,0,7.235,1.959e-08,2.642e-08,4.964e-08,0.0001646,0.0001651
video-40x40x20x3,3,Float16,3609,ArpackSolver,c,30.0,3,threshold,false,21,true,46.02,0,7.235,1.959e-08,2.642e-08,4.964e-08,0.0001646,0.0001651
video-40x40x20x3,3,Float16,3609,ArpackSolver,c,100.0,3,threshold,false,21,true,13.81,0,7.235,1.959e-08,2.642e-08,4.964e-08,0.0001646,0.0001651
video-40x40x20x3,3,Float16,3609,ArpackSolver,c,300.0,3,threshold,false,21,true,4.602,0,7.235,1.959e-08,2.642e-08,4.964e-08,0.0001646,0.0001651
video-40x40x20x3,3,Float16,3609,ArpackSolver,c,1000.0,3,threshold,false,21,true,1.381,0,7.235,1.959e-08,2.642e-08,4.964e-08,0.0001646,0.0001651
video-40x40x20x3,3,Float16,3609,ArpackSolver,c,10000.0,24,threshold,false,0,true,NaN,0,7.235,1.959e-08,2.642e-08,4.964e-08,0.0001646,0.0001651
video-40x40x20x3,3,Float16,3609,ArpackSolver,tol,0.001,3,gap,false,21,true,276.1,0,7.235,1.959e-08,2.642e-08,4.964e-08,0.0001646,0.0001651
video-40x40x20x3,3,Float16,3609,ArpackSolver,tol,0.0001,3,gap,false,21,true,276.1,0,7.235,1.959e-08,2.642e-08,4.964e-08,0.0001646,0.0001651
video-40x40x20x3,3,Float16,3609,ArpackSolver,tol,1.0e-5,3,gap,false,21,true,276.1,0,7.235,1.959e-08,2.642e-08,4.964e-08,0.0001646,0.0001651
video-40x40x20x3,3,Float16,3609,ArpackSolver,tol,1.0e-6,3,gap,false,21,true,276.1,0,7.235,1.959e-08,2.642e-08,4.964e-08,0.0001646,0.0001651
video-40x40x20x3,3,Float16,3609,ArpackSolver,tol,1.0e-7,3,gap,false,21,true,276.1,0,7.235,1.959e-08,2.642e-08,4.964e-08,0.0001646,0.0001651
video-40x40x20x3,3,Float16,3609,ArpackSolver,tol,1.0e-8,3,gap,false,21,true,276.1,0,7.235,1.959e-08,2.642e-08,4.964e-08,0.0001646,0.0001651
video-40x40x20x3,3,Float16,3609,ArpackSolver,tol,1.0e-9,3,gap,false,21,true,276.1,0,7.235,1.959e-08,2.642e-08,4.964e-08,0.0001646,0.0001651
video-40x40x20x3,3,Float16,3609,KrylovSolver,c,1.0,2,threshold,false,25,true,1.02,0,4.332,1.844e-08,3.147e-08,1.216e-07,0.0001646,0.0001651
video-40x40x20x3,3,Float16,3609,KrylovSolver,c,2.0,3,gap,false,24,true,690.4,0,4.332,1.844e-08,3.147e-08,1.216e-07,0.0001646,0.0001651
video-40x40x20x3,3,Float16,3609,KrylovSolver,c,3.0,3,gap,false,24,true,460.3,0,4.332,1.844e-08,3.147e-08,1.216e-07,0.0001646,0.0001651
video-40x40x20x3,3,Float16,3609,KrylovSolver,c,5.0,3,gap,false,24,true,276.2,0,4.332,1.844e-08,3.147e-08,1.216e-07,0.0001646,0.0001651
video-40x40x20x3,3,Float16,3609,KrylovSolver,c,10.0,3,gap,false,24,true,138.1,0,4.332,1.844e-08,3.147e-08,1.216e-07,0.0001646,0.0001651
video-40x40x20x3,3,Float16,3609,KrylovSolver,c,20.0,3,threshold,false,24,true,69.04,0,4.332,1.844e-08,3.147e-08,1.216e-07,0.0001646,0.0001651
video-40x40x20x3,3,Float16,3609,KrylovSolver,c,30.0,3,threshold,false,24,true,46.03,0,4.332,1.844e-08,3.147e-08,1.216e-07,0.0001646,0.0001651
video-40x40x20x3,3,Float16,3609,KrylovSolver,c,100.0,3,threshold,false,24,true,13.81,0,4.332,1.844e-08,3.147e-08,1.216e-07,0.0001646,0.0001651
video-40x40x20x3,3,Float16,3609,KrylovSolver,c,300.0,3,threshold,false,24,true,4.603,0,4.332,1.844e-08,3.147e-08,1.216e-07,0.0001646,0.0001651
video-40x40x20x3,3,Float16,3609,KrylovSolver,c,1000.0,3,threshold,false,24,true,1.381,0,4.332,1.844e-08,3.147e-08,1.216e-07,0.0001646,0.0001651
video-40x40x20x3,3,Float16,3609,KrylovSolver,c,10000.0,27,threshold,false,0,true,NaN,0,4.332,1.844e-08,3.147e-08,1.216e-07,0.0001646,0.0001651
video-40x40x20x3,3,Float16,3609,KrylovSolver,tol,0.001,3,gap,false,24,true,276.2,0,4.332,1.844e-08,3.147e-08,1.216e-07,0.0001646,0.0001651
video-40x40x20x3,3,Float16,3609,KrylovSolver,tol,0.0001,3,gap,false,24,true,276.2,0,4.332,1.844e-08,3.147e-08,1.216e-07,0.0001646,0.0001651
video-40x40x20x3,3,Float16,3609,KrylovSolver,tol,1.0e-5,3,gap,false,24,true,276.2,0,4.332,1.844e-08,3.147e-08,1.216e-07,0.0001646,0.0001651
video-40x40x20x3,3,Float16,3609,KrylovSolver,tol,1.0e-6,3,gap,false,24,true,276.2,0,4.332,1.844e-08,3.147e-08,1.216e-07,0.0001646,0.0001651
video-40x40x20x3,3,Float16,3609,KrylovSolver,tol,1.0e-7,3,gap,false,24,true,276.2,0,4.332,1.844e-08,3.147e-08,1.216e-07,0.0001646,0.0001651
video-40x40x20x3,3,Float16,3609,KrylovSolver,tol,1.0e-8,3,gap,false,24,true,276.2,0,4.332,1.844e-08,3.147e-08,1.216e-07,0.0001646,0.0001651
video-40x40x20x3,3,Float16,3609,KrylovSolver,tol,1.0e-9,3,gap,false,24,true,276.2,0,4.332,1.844e-08,3.147e-08,1.216e-07,0.0001646,0.0001651
neardeg-1e-3,2,Float64,108,SVDSolver,c,1.0,2,gap,true,0,true,1.669e+05,0,0.001,4.797e-17,6.787e-17,3.705e-11,5.058e-11,5.867e-11
neardeg-1e-3,2,Float64,108,SVDSolver,c,2.0,2,gap,true,0,true,8.343e+04,0,0.001,4.797e-17,6.787e-17,3.705e-11,5.058e-11,5.867e-11
neardeg-1e-3,2,Float64,108,SVDSolver,c,3.0,2,gap,true,0,true,5.562e+04,0,0.001,4.797e-17,6.787e-17,3.705e-11,5.058e-11,5.867e-11
neardeg-1e-3,2,Float64,108,SVDSolver,c,5.0,2,gap,true,0,true,3.337e+04,0,0.001,4.797e-17,6.787e-17,3.705e-11,5.058e-11,5.867e-11
neardeg-1e-3,2,Float64,108,SVDSolver,c,10.0,2,gap,true,0,true,1.669e+04,0,0.001,4.797e-17,6.787e-17,3.705e-11,5.058e-11,5.867e-11
neardeg-1e-3,2,Float64,108,SVDSolver,c,20.0,2,gap,true,0,true,8343,0,0.001,4.797e-17,6.787e-17,3.705e-11,5.058e-11,5.867e-11
neardeg-1e-3,2,Float64,108,SVDSolver,c,30.0,2,gap,true,0,true,5562,0,0.001,4.797e-17,6.787e-17,3.705e-11,5.058e-11,5.867e-11
neardeg-1e-3,2,Float64,108,SVDSolver,c,100.0,2,gap,true,0,true,1669,0,0.001,4.797e-17,6.787e-17,3.705e-11,5.058e-11,5.867e-11
neardeg-1e-3,2,Float64,108,SVDSolver,c,300.0,2,gap,true,0,true,556.2,0,0.001,4.797e-17,6.787e-17,3.705e-11,5.058e-11,5.867e-11
neardeg-1e-3,2,Float64,108,SVDSolver,c,1000.0,2,gap,true,0,true,166.9,0,0.001,4.797e-17,6.787e-17,3.705e-11,5.058e-11,5.867e-11
neardeg-1e-3,2,Float64,108,SVDSolver,c,10000.0,2,threshold,false,0,true,16.69,0,0.001,4.797e-17,6.787e-17,3.705e-11,5.058e-11,5.867e-11
neardeg-1e-3,2,Float64,108,SVDSolver,tol,0.001,2,gap,true,0,true,3.337e+04,22,0.001,4.797e-17,6.787e-17,3.705e-11,5.058e-11,5.867e-11
neardeg-1e-3,2,Float64,108,SVDSolver,tol,0.0001,2,gap,true,0,true,3.337e+04,22,0.001,4.797e-17,6.787e-17,3.705e-11,5.058e-11,5.867e-11
neardeg-1e-3,2,Float64,108,SVDSolver,tol,1.0e-5,2,gap,true,0,true,3.337e+04,10,0.001,4.797e-17,6.787e-17,3.705e-11,5.058e-11,5.867e-11
neardeg-1e-3,2,Float64,108,SVDSolver,tol,1.0e-6,2,gap,true,0,true,3.337e+04,0,0.001,4.797e-17,6.787e-17,3.705e-11,5.058e-11,5.867e-11
neardeg-1e-3,2,Float64,108,SVDSolver,tol,1.0e-7,2,gap,true,0,true,3.337e+04,0,0.001,4.797e-17,6.787e-17,3.705e-11,5.058e-11,5.867e-11
neardeg-1e-3,2,Float64,108,SVDSolver,tol,1.0e-8,2,gap,true,0,true,3.337e+04,0,0.001,4.797e-17,6.787e-17,3.705e-11,5.058e-11,5.867e-11
neardeg-1e-3,2,Float64,108,SVDSolver,tol,1.0e-9,2,gap,true,0,true,3.337e+04,0,0.001,4.797e-17,6.787e-17,3.705e-11,5.058e-11,5.867e-11
neardeg-1e-3,2,Float64,108,GramSolver,c,1.0,0,threshold,false,0,false,76.72,0,0.001,7.672e-11,1.021e-10,1.148e-10,1.233e-10,1.432e-10
neardeg-1e-3,2,Float64,108,GramSolver,c,2.0,0,threshold,false,0,false,76.72,0,0.001,7.672e-11,1.021e-10,1.148e-10,1.233e-10,1.432e-10
neardeg-1e-3,2,Float64,108,GramSolver,c,3.0,0,threshold,false,0,false,76.72,0,0.001,7.672e-11,1.021e-10,1.148e-10,1.233e-10,1.432e-10
neardeg-1e-3,2,Float64,108,GramSolver,c,5.0,0,threshold,false,0,false,76.72,0,0.001,7.672e-11,1.021e-10,1.148e-10,1.233e-10,1.432e-10
neardeg-1e-3,2,Float64,108,GramSolver,c,10.0,0,threshold,false,0,false,76.72,0,0.001,7.672e-11,1.021e-10,1.148e-10,1.233e-10,1.432e-10
neardeg-1e-3,2,Float64,108,GramSolver,c,20.0,0,threshold,false,0,false,76.72,0,0.001,7.672e-11,1.021e-10,1.148e-10,1.233e-10,1.432e-10
neardeg-1e-3,2,Float64,108,GramSolver,c,30.0,0,threshold,false,0,false,76.72,0,0.001,7.672e-11,1.021e-10,1.148e-10,1.233e-10,1.432e-10
neardeg-1e-3,2,Float64,108,GramSolver,c,100.0,0,threshold,false,0,false,76.72,0,0.001,7.672e-11,1.021e-10,1.148e-10,1.233e-10,1.432e-10
neardeg-1e-3,2,Float64,108,GramSolver,c,300.0,0,threshold,false,0,false,76.72,0,0.001,7.672e-11,1.021e-10,1.148e-10,1.233e-10,1.432e-10
neardeg-1e-3,2,Float64,108,GramSolver,c,1000.0,0,threshold,false,0,false,76.72,0,0.001,7.672e-11,1.021e-10,1.148e-10,1.233e-10,1.432e-10
neardeg-1e-3,2,Float64,108,GramSolver,c,10000.0,0,threshold,false,0,false,34.55,0,0.001,7.672e-11,1.021e-10,1.148e-10,1.233e-10,1.432e-10
neardeg-1e-3,2,Float64,108,GramSolver,tol,0.001,24,threshold,false,0,false,NaN,0,0.001,7.672e-11,1.021e-10,1.148e-10,1.233e-10,1.432e-10
neardeg-1e-3,2,Float64,108,GramSolver,tol,0.0001,24,threshold,false,0,false,NaN,0,0.001,7.672e-11,1.021e-10,1.148e-10,1.233e-10,1.432e-10
neardeg-1e-3,2,Float64,108,GramSolver,tol,1.0e-5,1,threshold,false,0,false,1.331,0,0.001,7.672e-11,1.021e-10,1.148e-10,1.233e-10,1.432e-10
neardeg-1e-3,2,Float64,108,GramSolver,tol,1.0e-6,0,threshold,false,0,false,76.72,0,0.001,7.672e-11,1.021e-10,1.148e-10,1.233e-10,1.432e-10
neardeg-1e-3,2,Float64,108,GramSolver,tol,1.0e-7,0,threshold,true,0,false,7672,0,0.001,7.672e-11,1.021e-10,1.148e-10,1.233e-10,1.432e-10
neardeg-1e-3,2,Float64,108,GramSolver,tol,1.0e-8,0,threshold,true,0,false,6.91e+04,0,0.001,7.672e-11,1.021e-10,1.148e-10,1.233e-10,1.432e-10
neardeg-1e-3,2,Float64,108,GramSolver,tol,1.0e-9,0,threshold,true,0,false,6.91e+04,0,0.001,7.672e-11,1.021e-10,1.148e-10,1.233e-10,1.432e-10
neardeg-1e-3,2,Float64,108,ArpackSolver,c,1.0,2,gap,true,0,true,1.669e+05,0,0.001,8.039e-21,4.152e-17,3.705e-11,5.058e-11,5.867e-11
neardeg-1e-3,2,Float64,108,ArpackSolver,c,2.0,2,gap,true,0,true,8.343e+04,0,0.001,8.039e-21,4.152e-17,3.705e-11,5.058e-11,5.867e-11
neardeg-1e-3,2,Float64,108,ArpackSolver,c,3.0,2,gap,true,0,true,5.562e+04,0,0.001,8.039e-21,4.152e-17,3.705e-11,5.058e-11,5.867e-11
neardeg-1e-3,2,Float64,108,ArpackSolver,c,5.0,2,gap,true,0,true,3.337e+04,0,0.001,8.039e-21,4.152e-17,3.705e-11,5.058e-11,5.867e-11
neardeg-1e-3,2,Float64,108,ArpackSolver,c,10.0,2,gap,true,0,true,1.669e+04,0,0.001,8.039e-21,4.152e-17,3.705e-11,5.058e-11,5.867e-11
neardeg-1e-3,2,Float64,108,ArpackSolver,c,20.0,2,gap,true,0,true,8343,0,0.001,8.039e-21,4.152e-17,3.705e-11,5.058e-11,5.867e-11
neardeg-1e-3,2,Float64,108,ArpackSolver,c,30.0,2,gap,true,0,true,5562,0,0.001,8.039e-21,4.152e-17,3.705e-11,5.058e-11,5.867e-11
neardeg-1e-3,2,Float64,108,ArpackSolver,c,100.0,2,gap,true,0,true,1669,0,0.001,8.039e-21,4.152e-17,3.705e-11,5.058e-11,5.867e-11
neardeg-1e-3,2,Float64,108,ArpackSolver,c,300.0,2,gap,true,0,true,556.2,0,0.001,8.039e-21,4.152e-17,3.705e-11,5.058e-11,5.867e-11
neardeg-1e-3,2,Float64,108,ArpackSolver,c,1000.0,2,gap,true,0,true,166.9,0,0.001,8.039e-21,4.152e-17,3.705e-11,5.058e-11,5.867e-11
neardeg-1e-3,2,Float64,108,ArpackSolver,c,10000.0,2,threshold,false,0,true,16.69,0,0.001,8.039e-21,4.152e-17,3.705e-11,5.058e-11,5.867e-11
neardeg-1e-3,2,Float64,108,ArpackSolver,tol,0.001,2,gap,true,0,true,3.337e+04,22,0.001,8.039e-21,4.152e-17,3.705e-11,5.058e-11,5.867e-11
neardeg-1e-3,2,Float64,108,ArpackSolver,tol,0.0001,2,gap,true,0,true,3.337e+04,22,0.001,8.039e-21,4.152e-17,3.705e-11,5.058e-11,5.867e-11
neardeg-1e-3,2,Float64,108,ArpackSolver,tol,1.0e-5,2,gap,true,0,true,3.337e+04,10,0.001,8.039e-21,4.152e-17,3.705e-11,5.058e-11,5.867e-11
neardeg-1e-3,2,Float64,108,ArpackSolver,tol,1.0e-6,2,gap,true,0,true,3.337e+04,0,0.001,8.039e-21,4.152e-17,3.705e-11,5.058e-11,5.867e-11
neardeg-1e-3,2,Float64,108,ArpackSolver,tol,1.0e-7,2,gap,true,0,true,3.337e+04,0,0.001,8.039e-21,4.152e-17,3.705e-11,5.058e-11,5.867e-11
neardeg-1e-3,2,Float64,108,ArpackSolver,tol,1.0e-8,2,gap,true,0,true,3.337e+04,0,0.001,8.039e-21,4.152e-17,3.705e-11,5.058e-11,5.867e-11
neardeg-1e-3,2,Float64,108,ArpackSolver,tol,1.0e-9,2,gap,true,0,true,3.337e+04,0,0.001,8.039e-21,4.152e-17,3.705e-11,5.058e-11,5.867e-11
neardeg-1e-3,2,Float64,108,KrylovSolver,c,1.0,2,gap,true,0,false,1.177e+04,0,0.042,2.523e-15,3.147e-15,3.705e-11,5.057e-11,5.867e-11
neardeg-1e-3,2,Float64,108,KrylovSolver,c,2.0,2,gap,true,0,false,1.177e+04,0,0.042,2.523e-15,3.147e-15,3.705e-11,5.057e-11,5.867e-11
neardeg-1e-3,2,Float64,108,KrylovSolver,c,3.0,2,gap,true,0,false,1.177e+04,0,0.042,2.523e-15,3.147e-15,3.705e-11,5.057e-11,5.867e-11
neardeg-1e-3,2,Float64,108,KrylovSolver,c,5.0,2,gap,true,0,false,1.177e+04,0,0.042,2.523e-15,3.147e-15,3.705e-11,5.057e-11,5.867e-11
neardeg-1e-3,2,Float64,108,KrylovSolver,c,10.0,2,gap,true,0,false,1.177e+04,0,0.042,2.523e-15,3.147e-15,3.705e-11,5.057e-11,5.867e-11
neardeg-1e-3,2,Float64,108,KrylovSolver,c,20.0,2,gap,true,0,true,8343,0,0.042,2.523e-15,3.147e-15,3.705e-11,5.057e-11,5.867e-11
neardeg-1e-3,2,Float64,108,KrylovSolver,c,30.0,2,gap,true,0,true,5562,0,0.042,2.523e-15,3.147e-15,3.705e-11,5.057e-11,5.867e-11
neardeg-1e-3,2,Float64,108,KrylovSolver,c,100.0,2,gap,true,0,true,1669,0,0.042,2.523e-15,3.147e-15,3.705e-11,5.057e-11,5.867e-11
neardeg-1e-3,2,Float64,108,KrylovSolver,c,300.0,2,gap,true,0,true,556.2,0,0.042,2.523e-15,3.147e-15,3.705e-11,5.057e-11,5.867e-11
neardeg-1e-3,2,Float64,108,KrylovSolver,c,1000.0,2,gap,true,0,true,166.9,0,0.042,2.523e-15,3.147e-15,3.705e-11,5.057e-11,5.867e-11
neardeg-1e-3,2,Float64,108,KrylovSolver,c,10000.0,2,threshold,false,0,true,16.69,0,0.042,2.523e-15,3.147e-15,3.705e-11,5.057e-11,5.867e-11
neardeg-1e-3,2,Float64,108,KrylovSolver,tol,0.001,2,gap,true,0,false,1.177e+04,46,0.042,2.523e-15,3.147e-15,3.705e-11,5.057e-11,5.867e-11
neardeg-1e-3,2,Float64,108,KrylovSolver,tol,0.0001,2,gap,true,0,false,1.177e+04,46,0.042,2.523e-15,3.147e-15,3.705e-11,5.057e-11,5.867e-11
neardeg-1e-3,2,Float64,108,KrylovSolver,tol,1.0e-5,2,gap,true,0,false,1.177e+04,10,0.042,2.523e-15,3.147e-15,3.705e-11,5.057e-11,5.867e-11
neardeg-1e-3,2,Float64,108,KrylovSolver,tol,1.0e-6,2,gap,true,0,false,1.177e+04,0,0.042,2.523e-15,3.147e-15,3.705e-11,5.057e-11,5.867e-11
neardeg-1e-3,2,Float64,108,KrylovSolver,tol,1.0e-7,2,gap,true,0,false,1.177e+04,0,0.042,2.523e-15,3.147e-15,3.705e-11,5.057e-11,5.867e-11
neardeg-1e-3,2,Float64,108,KrylovSolver,tol,1.0e-8,0,threshold,false,0,false,2.273,0,0.042,2.523e-15,3.147e-15,3.705e-11,5.057e-11,5.867e-11
neardeg-1e-3,2,Float64,108,KrylovSolver,tol,1.0e-9,0,threshold,false,0,false,2.273,0,0.042,2.523e-15,3.147e-15,3.705e-11,5.057e-11,5.867e-11
neardeg-1e-3,2,Float32,108,SVDSolver,c,1.0,24,threshold,false,0,true,NaN,0,0.001,1.051e-08,2.978e-08,3.626e-08,4.052e-08,4.052e-08
neardeg-1e-3,2,Float32,108,SVDSolver,c,2.0,24,threshold,false,0,true,NaN,0,0.001,1.051e-08,2.978e-08,3.626e-08,4.052e-08,4.052e-08
neardeg-1e-3,2,Float32,108,SVDSolver,c,3.0,24,threshold,false,0,true,NaN,0,0.001,1.051e-08,2.978e-08,3.626e-08,4.052e-08,4.052e-08
neardeg-1e-3,2,Float32,108,SVDSolver,c,5.0,24,threshold,false,0,true,NaN,0,0.001,1.051e-08,2.978e-08,3.626e-08,4.052e-08,4.052e-08
neardeg-1e-3,2,Float32,108,SVDSolver,c,10.0,24,threshold,false,0,true,NaN,0,0.001,1.051e-08,2.978e-08,3.626e-08,4.052e-08,4.052e-08
neardeg-1e-3,2,Float32,108,SVDSolver,c,20.0,24,threshold,false,0,true,NaN,0,0.001,1.051e-08,2.978e-08,3.626e-08,4.052e-08,4.052e-08
neardeg-1e-3,2,Float32,108,SVDSolver,c,30.0,24,threshold,false,0,true,NaN,0,0.001,1.051e-08,2.978e-08,3.626e-08,4.052e-08,4.052e-08
neardeg-1e-3,2,Float32,108,SVDSolver,c,100.0,24,threshold,false,0,true,NaN,0,0.001,1.051e-08,2.978e-08,3.626e-08,4.052e-08,4.052e-08
neardeg-1e-3,2,Float32,108,SVDSolver,c,300.0,24,threshold,false,0,true,NaN,0,0.001,1.051e-08,2.978e-08,3.626e-08,4.052e-08,4.052e-08
neardeg-1e-3,2,Float32,108,SVDSolver,c,1000.0,24,threshold,false,0,true,NaN,0,0.001,1.051e-08,2.978e-08,3.626e-08,4.052e-08,4.052e-08
neardeg-1e-3,2,Float32,108,SVDSolver,c,10000.0,24,threshold,false,0,true,NaN,0,0.001,1.051e-08,2.978e-08,3.626e-08,4.052e-08,4.052e-08
neardeg-1e-3,2,Float32,108,SVDSolver,tol,0.001,24,threshold,false,0,true,NaN,0,0.001,1.051e-08,2.978e-08,3.626e-08,4.052e-08,4.052e-08
neardeg-1e-3,2,Float32,108,SVDSolver,tol,0.0001,24,threshold,false,0,true,NaN,0,0.001,1.051e-08,2.978e-08,3.626e-08,4.052e-08,4.052e-08
neardeg-1e-3,2,Float32,108,SVDSolver,tol,1.0e-5,24,threshold,false,0,true,NaN,0,0.001,1.051e-08,2.978e-08,3.626e-08,4.052e-08,4.052e-08
neardeg-1e-3,2,Float32,108,SVDSolver,tol,1.0e-6,24,threshold,false,0,true,NaN,0,0.001,1.051e-08,2.978e-08,3.626e-08,4.052e-08,4.052e-08
neardeg-1e-3,2,Float32,108,SVDSolver,tol,1.0e-7,24,threshold,false,0,true,NaN,0,0.001,1.051e-08,2.978e-08,3.626e-08,4.052e-08,4.052e-08
neardeg-1e-3,2,Float32,108,SVDSolver,tol,1.0e-8,24,threshold,false,0,true,NaN,0,0.001,1.051e-08,2.978e-08,3.626e-08,4.052e-08,4.052e-08
neardeg-1e-3,2,Float32,108,SVDSolver,tol,1.0e-9,24,threshold,false,0,true,NaN,0,0.001,1.051e-08,2.978e-08,3.626e-08,4.052e-08,4.052e-08
neardeg-1e-3,2,Float32,108,GramSolver,c,1.0,24,threshold,false,0,true,NaN,0,0.001,7.093e-09,7.452e-09,7.722e-09,8.388e-09,9.026e-09
neardeg-1e-3,2,Float32,108,GramSolver,c,2.0,24,threshold,false,0,true,NaN,0,0.001,7.093e-09,7.452e-09,7.722e-09,8.388e-09,9.026e-09
neardeg-1e-3,2,Float32,108,GramSolver,c,3.0,24,threshold,false,0,true,NaN,0,0.001,7.093e-09,7.452e-09,7.722e-09,8.388e-09,9.026e-09
neardeg-1e-3,2,Float32,108,GramSolver,c,5.0,24,threshold,false,0,true,NaN,0,0.001,7.093e-09,7.452e-09,7.722e-09,8.388e-09,9.026e-09
neardeg-1e-3,2,Float32,108,GramSolver,c,10.0,24,threshold,false,0,true,NaN,0,0.001,7.093e-09,7.452e-09,7.722e-09,8.388e-09,9.026e-09
neardeg-1e-3,2,Float32,108,GramSolver,c,20.0,24,threshold,false,0,true,NaN,0,0.001,7.093e-09,7.452e-09,7.722e-09,8.388e-09,9.026e-09
neardeg-1e-3,2,Float32,108,GramSolver,c,30.0,24,threshold,false,0,true,NaN,0,0.001,7.093e-09,7.452e-09,7.722e-09,8.388e-09,9.026e-09
neardeg-1e-3,2,Float32,108,GramSolver,c,100.0,24,threshold,false,0,true,NaN,0,0.001,7.093e-09,7.452e-09,7.722e-09,8.388e-09,9.026e-09
neardeg-1e-3,2,Float32,108,GramSolver,c,300.0,24,threshold,false,0,true,NaN,0,0.001,7.093e-09,7.452e-09,7.722e-09,8.388e-09,9.026e-09
neardeg-1e-3,2,Float32,108,GramSolver,c,1000.0,24,threshold,false,0,true,NaN,0,0.001,7.093e-09,7.452e-09,7.722e-09,8.388e-09,9.026e-09
neardeg-1e-3,2,Float32,108,GramSolver,c,10000.0,24,threshold,false,0,true,NaN,0,0.001,7.093e-09,7.452e-09,7.722e-09,8.388e-09,9.026e-09
neardeg-1e-3,2,Float32,108,GramSolver,tol,0.001,24,threshold,false,0,true,NaN,0,0.001,7.093e-09,7.452e-09,7.722e-09,8.388e-09,9.026e-09
neardeg-1e-3,2,Float32,108,GramSolver,tol,0.0001,24,threshold,false,0,true,NaN,0,0.001,7.093e-09,7.452e-09,7.722e-09,8.388e-09,9.026e-09
neardeg-1e-3,2,Float32,108,GramSolver,tol,1.0e-5,24,threshold,false,0,true,NaN,0,0.001,7.093e-09,7.452e-09,7.722e-09,8.388e-09,9.026e-09
neardeg-1e-3,2,Float32,108,GramSolver,tol,1.0e-6,24,threshold,false,0,true,NaN,0,0.001,7.093e-09,7.452e-09,7.722e-09,8.388e-09,9.026e-09
neardeg-1e-3,2,Float32,108,GramSolver,tol,1.0e-7,24,threshold,false,0,true,NaN,0,0.001,7.093e-09,7.452e-09,7.722e-09,8.388e-09,9.026e-09
neardeg-1e-3,2,Float32,108,GramSolver,tol,1.0e-8,24,threshold,false,0,true,NaN,0,0.001,7.093e-09,7.452e-09,7.722e-09,8.388e-09,9.026e-09
neardeg-1e-3,2,Float32,108,GramSolver,tol,1.0e-9,24,threshold,false,0,true,NaN,0,0.001,7.093e-09,7.452e-09,7.722e-09,8.388e-09,9.026e-09
neardeg-1e-3,2,Float32,108,ArpackSolver,c,1.0,24,threshold,false,0,true,NaN,0,0.001,6.427e-12,1.449e-11,6.196e-11,6.387e-11,7.383e-11
neardeg-1e-3,2,Float32,108,ArpackSolver,c,2.0,24,threshold,false,0,true,NaN,0,0.001,6.427e-12,1.449e-11,6.196e-11,6.387e-11,7.383e-11
neardeg-1e-3,2,Float32,108,ArpackSolver,c,3.0,24,threshold,false,0,true,NaN,0,0.001,6.427e-12,1.449e-11,6.196e-11,6.387e-11,7.383e-11
neardeg-1e-3,2,Float32,108,ArpackSolver,c,5.0,24,threshold,false,0,true,NaN,0,0.001,6.427e-12,1.449e-11,6.196e-11,6.387e-11,7.383e-11
neardeg-1e-3,2,Float32,108,ArpackSolver,c,10.0,24,threshold,false,0,true,NaN,0,0.001,6.427e-12,1.449e-11,6.196e-11,6.387e-11,7.383e-11
neardeg-1e-3,2,Float32,108,ArpackSolver,c,20.0,24,threshold,false,0,true,NaN,0,0.001,6.427e-12,1.449e-11,6.196e-11,6.387e-11,7.383e-11
neardeg-1e-3,2,Float32,108,ArpackSolver,c,30.0,24,threshold,false,0,true,NaN,0,0.001,6.427e-12,1.449e-11,6.196e-11,6.387e-11,7.383e-11
neardeg-1e-3,2,Float32,108,ArpackSolver,c,100.0,24,threshold,false,0,true,NaN,0,0.001,6.427e-12,1.449e-11,6.196e-11,6.387e-11,7.383e-11
neardeg-1e-3,2,Float32,108,ArpackSolver,c,300.0,24,threshold,false,0,true,NaN,0,0.001,6.427e-12,1.449e-11,6.196e-11,6.387e-11,7.383e-11
neardeg-1e-3,2,Float32,108,ArpackSolver,c,1000.0,24,threshold,false,0,true,NaN,0,0.001,6.427e-12,1.449e-11,6.196e-11,6.387e-11,7.383e-11
neardeg-1e-3,2,Float32,108,ArpackSolver,c,10000.0,24,threshold,false,0,true,NaN,0,0.001,6.427e-12,1.449e-11,6.196e-11,6.387e-11,7.383e-11
neardeg-1e-3,2,Float32,108,ArpackSolver,tol,0.001,24,threshold,false,0,true,NaN,0,0.001,6.427e-12,1.449e-11,6.196e-11,6.387e-11,7.383e-11
neardeg-1e-3,2,Float32,108,ArpackSolver,tol,0.0001,24,threshold,false,0,true,NaN,0,0.001,6.427e-12,1.449e-11,6.196e-11,6.387e-11,7.383e-11
neardeg-1e-3,2,Float32,108,ArpackSolver,tol,1.0e-5,24,threshold,false,0,true,NaN,0,0.001,6.427e-12,1.449e-11,6.196e-11,6.387e-11,7.383e-11
neardeg-1e-3,2,Float32,108,ArpackSolver,tol,1.0e-6,24,threshold,false,0,true,NaN,0,0.001,6.427e-12,1.449e-11,6.196e-11,6.387e-11,7.383e-11
neardeg-1e-3,2,Float32,108,ArpackSolver,tol,1.0e-7,24,threshold,false,0,true,NaN,0,0.001,6.427e-12,1.449e-11,6.196e-11,6.387e-11,7.383e-11
neardeg-1e-3,2,Float32,108,ArpackSolver,tol,1.0e-8,24,threshold,false,0,true,NaN,0,0.001,6.427e-12,1.449e-11,6.196e-11,6.387e-11,7.383e-11
neardeg-1e-3,2,Float32,108,ArpackSolver,tol,1.0e-9,24,threshold,false,0,true,NaN,0,0.001,6.427e-12,1.449e-11,6.196e-11,6.387e-11,7.383e-11
neardeg-1e-3,2,Float32,108,KrylovSolver,c,1.0,22,threshold,false,0,true,1.302,0,0.001,3.163e-09,3.656e-09,3.75e-09,3.842e-09,4.042e-09
neardeg-1e-3,2,Float32,108,KrylovSolver,c,2.0,24,threshold,false,0,true,NaN,0,0.001,3.163e-09,3.656e-09,3.75e-09,3.842e-09,4.042e-09
neardeg-1e-3,2,Float32,108,KrylovSolver,c,3.0,24,threshold,false,0,true,NaN,0,0.001,3.163e-09,3.656e-09,3.75e-09,3.842e-09,4.042e-09
neardeg-1e-3,2,Float32,108,KrylovSolver,c,5.0,24,threshold,false,0,true,NaN,0,0.001,3.163e-09,3.656e-09,3.75e-09,3.842e-09,4.042e-09
neardeg-1e-3,2,Float32,108,KrylovSolver,c,10.0,24,threshold,false,0,true,NaN,0,0.001,3.163e-09,3.656e-09,3.75e-09,3.842e-09,4.042e-09
neardeg-1e-3,2,Float32,108,KrylovSolver,c,20.0,24,threshold,false,0,true,NaN,0,0.001,3.163e-09,3.656e-09,3.75e-09,3.842e-09,4.042e-09
neardeg-1e-3,2,Float32,108,KrylovSolver,c,30.0,24,threshold,false,0,true,NaN,0,0.001,3.163e-09,3.656e-09,3.75e-09,3.842e-09,4.042e-09
neardeg-1e-3,2,Float32,108,KrylovSolver,c,100.0,24,threshold,false,0,true,NaN,0,0.001,3.163e-09,3.656e-09,3.75e-09,3.842e-09,4.042e-09
neardeg-1e-3,2,Float32,108,KrylovSolver,c,300.0,24,threshold,false,0,true,NaN,0,0.001,3.163e-09,3.656e-09,3.75e-09,3.842e-09,4.042e-09
neardeg-1e-3,2,Float32,108,KrylovSolver,c,1000.0,24,threshold,false,0,true,NaN,0,0.001,3.163e-09,3.656e-09,3.75e-09,3.842e-09,4.042e-09
neardeg-1e-3,2,Float32,108,KrylovSolver,c,10000.0,24,threshold,false,0,true,NaN,0,0.001,3.163e-09,3.656e-09,3.75e-09,3.842e-09,4.042e-09
neardeg-1e-3,2,Float32,108,KrylovSolver,tol,0.001,24,threshold,false,0,true,NaN,0,0.001,3.163e-09,3.656e-09,3.75e-09,3.842e-09,4.042e-09
neardeg-1e-3,2,Float32,108,KrylovSolver,tol,0.0001,24,threshold,false,0,true,NaN,0,0.001,3.163e-09,3.656e-09,3.75e-09,3.842e-09,4.042e-09
neardeg-1e-3,2,Float32,108,KrylovSolver,tol,1.0e-5,24,threshold,false,0,true,NaN,0,0.001,3.163e-09,3.656e-09,3.75e-09,3.842e-09,4.042e-09
neardeg-1e-3,2,Float32,108,KrylovSolver,tol,1.0e-6,24,threshold,false,0,true,NaN,0,0.001,3.163e-09,3.656e-09,3.75e-09,3.842e-09,4.042e-09
neardeg-1e-3,2,Float32,108,KrylovSolver,tol,1.0e-7,24,threshold,false,0,true,NaN,0,0.001,3.163e-09,3.656e-09,3.75e-09,3.842e-09,4.042e-09
neardeg-1e-3,2,Float32,108,KrylovSolver,tol,1.0e-8,24,threshold,false,0,true,NaN,0,0.001,3.163e-09,3.656e-09,3.75e-09,3.842e-09,4.042e-09
neardeg-1e-3,2,Float32,108,KrylovSolver,tol,1.0e-9,24,threshold,false,0,true,NaN,0,0.001,3.163e-09,3.656e-09,3.75e-09,3.842e-09,4.042e-09
neardeg-1e-3,2,Float16,108,SVDSolver,c,1.0,24,threshold,false,0,true,NaN,0,0.001,1.046e-08,2.054e-08,2.563e-08,3.968e-08,4.052e-08
neardeg-1e-3,2,Float16,108,SVDSolver,c,2.0,24,threshold,false,0,true,NaN,0,0.001,1.046e-08,2.054e-08,2.563e-08,3.968e-08,4.052e-08
neardeg-1e-3,2,Float16,108,SVDSolver,c,3.0,24,threshold,false,0,true,NaN,0,0.001,1.046e-08,2.054e-08,2.563e-08,3.968e-08,4.052e-08
neardeg-1e-3,2,Float16,108,SVDSolver,c,5.0,24,threshold,false,0,true,NaN,0,0.001,1.046e-08,2.054e-08,2.563e-08,3.968e-08,4.052e-08
neardeg-1e-3,2,Float16,108,SVDSolver,c,10.0,24,threshold,false,0,true,NaN,0,0.001,1.046e-08,2.054e-08,2.563e-08,3.968e-08,4.052e-08
neardeg-1e-3,2,Float16,108,SVDSolver,c,20.0,24,threshold,false,0,true,NaN,0,0.001,1.046e-08,2.054e-08,2.563e-08,3.968e-08,4.052e-08
neardeg-1e-3,2,Float16,108,SVDSolver,c,30.0,24,threshold,false,0,true,NaN,0,0.001,1.046e-08,2.054e-08,2.563e-08,3.968e-08,4.052e-08
neardeg-1e-3,2,Float16,108,SVDSolver,c,100.0,24,threshold,false,0,true,NaN,0,0.001,1.046e-08,2.054e-08,2.563e-08,3.968e-08,4.052e-08
neardeg-1e-3,2,Float16,108,SVDSolver,c,300.0,24,threshold,false,0,true,NaN,0,0.001,1.046e-08,2.054e-08,2.563e-08,3.968e-08,4.052e-08
neardeg-1e-3,2,Float16,108,SVDSolver,c,1000.0,24,threshold,false,0,true,NaN,0,0.001,1.046e-08,2.054e-08,2.563e-08,3.968e-08,4.052e-08
neardeg-1e-3,2,Float16,108,SVDSolver,c,10000.0,24,threshold,false,0,true,NaN,0,0.001,1.046e-08,2.054e-08,2.563e-08,3.968e-08,4.052e-08
neardeg-1e-3,2,Float16,108,SVDSolver,tol,0.001,24,threshold,false,0,true,NaN,0,0.001,1.046e-08,2.054e-08,2.563e-08,3.968e-08,4.052e-08
neardeg-1e-3,2,Float16,108,SVDSolver,tol,0.0001,24,threshold,false,0,true,NaN,0,0.001,1.046e-08,2.054e-08,2.563e-08,3.968e-08,4.052e-08
neardeg-1e-3,2,Float16,108,SVDSolver,tol,1.0e-5,24,threshold,false,0,true,NaN,0,0.001,1.046e-08,2.054e-08,2.563e-08,3.968e-08,4.052e-08
neardeg-1e-3,2,Float16,108,SVDSolver,tol,1.0e-6,24,threshold,false,0,true,NaN,0,0.001,1.046e-08,2.054e-08,2.563e-08,3.968e-08,4.052e-08
neardeg-1e-3,2,Float16,108,SVDSolver,tol,1.0e-7,24,threshold,false,0,true,NaN,0,0.001,1.046e-08,2.054e-08,2.563e-08,3.968e-08,4.052e-08
neardeg-1e-3,2,Float16,108,SVDSolver,tol,1.0e-8,24,threshold,false,0,true,NaN,0,0.001,1.046e-08,2.054e-08,2.563e-08,3.968e-08,4.052e-08
neardeg-1e-3,2,Float16,108,SVDSolver,tol,1.0e-9,24,threshold,false,0,true,NaN,0,0.001,1.046e-08,2.054e-08,2.563e-08,3.968e-08,4.052e-08
neardeg-1e-3,2,Float16,108,GramSolver,c,1.0,24,threshold,false,0,true,NaN,0,0.001,2.7e-09,3.033e-09,3.627e-09,4.045e-09,4.378e-09
neardeg-1e-3,2,Float16,108,GramSolver,c,2.0,24,threshold,false,0,true,NaN,0,0.001,2.7e-09,3.033e-09,3.627e-09,4.045e-09,4.378e-09
neardeg-1e-3,2,Float16,108,GramSolver,c,3.0,24,threshold,false,0,true,NaN,0,0.001,2.7e-09,3.033e-09,3.627e-09,4.045e-09,4.378e-09
neardeg-1e-3,2,Float16,108,GramSolver,c,5.0,24,threshold,false,0,true,NaN,0,0.001,2.7e-09,3.033e-09,3.627e-09,4.045e-09,4.378e-09
neardeg-1e-3,2,Float16,108,GramSolver,c,10.0,24,threshold,false,0,true,NaN,0,0.001,2.7e-09,3.033e-09,3.627e-09,4.045e-09,4.378e-09
neardeg-1e-3,2,Float16,108,GramSolver,c,20.0,24,threshold,false,0,true,NaN,0,0.001,2.7e-09,3.033e-09,3.627e-09,4.045e-09,4.378e-09
neardeg-1e-3,2,Float16,108,GramSolver,c,30.0,24,threshold,false,0,true,NaN,0,0.001,2.7e-09,3.033e-09,3.627e-09,4.045e-09,4.378e-09
neardeg-1e-3,2,Float16,108,GramSolver,c,100.0,24,threshold,false,0,true,NaN,0,0.001,2.7e-09,3.033e-09,3.627e-09,4.045e-09,4.378e-09
neardeg-1e-3,2,Float16,108,GramSolver,c,300.0,24,threshold,false,0,true,NaN,0,0.001,2.7e-09,3.033e-09,3.627e-09,4.045e-09,4.378e-09
neardeg-1e-3,2,Float16,108,GramSolver,c,1000.0,24,threshold,false,0,true,NaN,0,0.001,2.7e-09,3.033e-09,3.627e-09,4.045e-09,4.378e-09
neardeg-1e-3,2,Float16,108,GramSolver,c,10000.0,24,threshold,false,0,true,NaN,0,0.001,2.7e-09,3.033e-09,3.627e-09,4.045e-09,4.378e-09
neardeg-1e-3,2,Float16,108,GramSolver,tol,0.001,24,threshold,false,0,true,NaN,0,0.001,2.7e-09,3.033e-09,3.627e-09,4.045e-09,4.378e-09
neardeg-1e-3,2,Float16,108,GramSolver,tol,0.0001,24,threshold,false,0,true,NaN,0,0.001,2.7e-09,3.033e-09,3.627e-09,4.045e-09,4.378e-09
neardeg-1e-3,2,Float16,108,GramSolver,tol,1.0e-5,24,threshold,false,0,true,NaN,0,0.001,2.7e-09,3.033e-09,3.627e-09,4.045e-09,4.378e-09
neardeg-1e-3,2,Float16,108,GramSolver,tol,1.0e-6,24,threshold,false,0,true,NaN,0,0.001,2.7e-09,3.033e-09,3.627e-09,4.045e-09,4.378e-09
neardeg-1e-3,2,Float16,108,GramSolver,tol,1.0e-7,24,threshold,false,0,true,NaN,0,0.001,2.7e-09,3.033e-09,3.627e-09,4.045e-09,4.378e-09
neardeg-1e-3,2,Float16,108,GramSolver,tol,1.0e-8,24,threshold,false,0,true,NaN,0,0.001,2.7e-09,3.033e-09,3.627e-09,4.045e-09,4.378e-09
neardeg-1e-3,2,Float16,108,GramSolver,tol,1.0e-9,24,threshold,false,0,true,NaN,0,0.001,2.7e-09,3.033e-09,3.627e-09,4.045e-09,4.378e-09
neardeg-1e-3,2,Float16,108,ArpackSolver,c,1.0,24,threshold,false,0,true,NaN,0,0.001,1.266e-16,2.018e-16,3.371e-16,4.013e-16,4.737e-16
neardeg-1e-3,2,Float16,108,ArpackSolver,c,2.0,24,threshold,false,0,true,NaN,0,0.001,1.266e-16,2.018e-16,3.371e-16,4.013e-16,4.737e-16
neardeg-1e-3,2,Float16,108,ArpackSolver,c,3.0,24,threshold,false,0,true,NaN,0,0.001,1.266e-16,2.018e-16,3.371e-16,4.013e-16,4.737e-16
neardeg-1e-3,2,Float16,108,ArpackSolver,c,5.0,24,threshold,false,0,true,NaN,0,0.001,1.266e-16,2.018e-16,3.371e-16,4.013e-16,4.737e-16
neardeg-1e-3,2,Float16,108,ArpackSolver,c,10.0,24,threshold,false,0,true,NaN,0,0.001,1.266e-16,2.018e-16,3.371e-16,4.013e-16,4.737e-16
neardeg-1e-3,2,Float16,108,ArpackSolver,c,20.0,24,threshold,false,0,true,NaN,0,0.001,1.266e-16,2.018e-16,3.371e-16,4.013e-16,4.737e-16
neardeg-1e-3,2,Float16,108,ArpackSolver,c,30.0,24,threshold,false,0,true,NaN,0,0.001,1.266e-16,2.018e-16,3.371e-16,4.013e-16,4.737e-16
neardeg-1e-3,2,Float16,108,ArpackSolver,c,100.0,24,threshold,false,0,true,NaN,0,0.001,1.266e-16,2.018e-16,3.371e-16,4.013e-16,4.737e-16
neardeg-1e-3,2,Float16,108,ArpackSolver,c,300.0,24,threshold,false,0,true,NaN,0,0.001,1.266e-16,2.018e-16,3.371e-16,4.013e-16,4.737e-16
neardeg-1e-3,2,Float16,108,ArpackSolver,c,1000.0,24,threshold,false,0,true,NaN,0,0.001,1.266e-16,2.018e-16,3.371e-16,4.013e-16,4.737e-16
neardeg-1e-3,2,Float16,108,ArpackSolver,c,10000.0,24,threshold,false,0,true,NaN,0,0.001,1.266e-16,2.018e-16,3.371e-16,4.013e-16,4.737e-16
neardeg-1e-3,2,Float16,108,ArpackSolver,tol,0.001,24,threshold,false,0,true,NaN,0,0.001,1.266e-16,2.018e-16,3.371e-16,4.013e-16,4.737e-16
neardeg-1e-3,2,Float16,108,ArpackSolver,tol,0.0001,24,threshold,false,0,true,NaN,0,0.001,1.266e-16,2.018e-16,3.371e-16,4.013e-16,4.737e-16
neardeg-1e-3,2,Float16,108,ArpackSolver,tol,1.0e-5,24,threshold,false,0,true,NaN,0,0.001,1.266e-16,2.018e-16,3.371e-16,4.013e-16,4.737e-16
neardeg-1e-3,2,Float16,108,ArpackSolver,tol,1.0e-6,24,threshold,false,0,true,NaN,0,0.001,1.266e-16,2.018e-16,3.371e-16,4.013e-16,4.737e-16
neardeg-1e-3,2,Float16,108,ArpackSolver,tol,1.0e-7,24,threshold,false,0,true,NaN,0,0.001,1.266e-16,2.018e-16,3.371e-16,4.013e-16,4.737e-16
neardeg-1e-3,2,Float16,108,ArpackSolver,tol,1.0e-8,24,threshold,false,0,true,NaN,0,0.001,1.266e-16,2.018e-16,3.371e-16,4.013e-16,4.737e-16
neardeg-1e-3,2,Float16,108,ArpackSolver,tol,1.0e-9,24,threshold,false,0,true,NaN,0,0.001,1.266e-16,2.018e-16,3.371e-16,4.013e-16,4.737e-16
neardeg-1e-3,2,Float16,108,KrylovSolver,c,1.0,23,threshold,false,1,true,1.284,0,0.001,3.823e-09,4.604e-09,4.954e-09,5.169e-09,5.447e-09
neardeg-1e-3,2,Float16,108,KrylovSolver,c,2.0,24,threshold,false,0,true,NaN,0,0.001,3.823e-09,4.604e-09,4.954e-09,5.169e-09,5.447e-09
neardeg-1e-3,2,Float16,108,KrylovSolver,c,3.0,24,threshold,false,0,true,NaN,0,0.001,3.823e-09,4.604e-09,4.954e-09,5.169e-09,5.447e-09
neardeg-1e-3,2,Float16,108,KrylovSolver,c,5.0,24,threshold,false,0,true,NaN,0,0.001,3.823e-09,4.604e-09,4.954e-09,5.169e-09,5.447e-09
neardeg-1e-3,2,Float16,108,KrylovSolver,c,10.0,24,threshold,false,0,true,NaN,0,0.001,3.823e-09,4.604e-09,4.954e-09,5.169e-09,5.447e-09
neardeg-1e-3,2,Float16,108,KrylovSolver,c,20.0,24,threshold,false,0,true,NaN,0,0.001,3.823e-09,4.604e-09,4.954e-09,5.169e-09,5.447e-09
neardeg-1e-3,2,Float16,108,KrylovSolver,c,30.0,24,threshold,false,0,true,NaN,0,0.001,3.823e-09,4.604e-09,4.954e-09,5.169e-09,5.447e-09
neardeg-1e-3,2,Float16,108,KrylovSolver,c,100.0,24,threshold,false,0,true,NaN,0,0.001,3.823e-09,4.604e-09,4.954e-09,5.169e-09,5.447e-09
neardeg-1e-3,2,Float16,108,KrylovSolver,c,300.0,24,threshold,false,0,true,NaN,0,0.001,3.823e-09,4.604e-09,4.954e-09,5.169e-09,5.447e-09
neardeg-1e-3,2,Float16,108,KrylovSolver,c,1000.0,24,threshold,false,0,true,NaN,0,0.001,3.823e-09,4.604e-09,4.954e-09,5.169e-09,5.447e-09
neardeg-1e-3,2,Float16,108,KrylovSolver,c,10000.0,24,threshold,false,0,true,NaN,0,0.001,3.823e-09,4.604e-09,4.954e-09,5.169e-09,5.447e-09
neardeg-1e-3,2,Float16,108,KrylovSolver,tol,0.001,24,threshold,false,0,true,NaN,0,0.001,3.823e-09,4.604e-09,4.954e-09,5.169e-09,5.447e-09
neardeg-1e-3,2,Float16,108,KrylovSolver,tol,0.0001,24,threshold,false,0,true,NaN,0,0.001,3.823e-09,4.604e-09,4.954e-09,5.169e-09,5.447e-09
neardeg-1e-3,2,Float16,108,KrylovSolver,tol,1.0e-5,24,threshold,false,0,true,NaN,0,0.001,3.823e-09,4.604e-09,4.954e-09,5.169e-09,5.447e-09
neardeg-1e-3,2,Float16,108,KrylovSolver,tol,1.0e-6,24,threshold,false,0,true,NaN,0,0.001,3.823e-09,4.604e-09,4.954e-09,5.169e-09,5.447e-09
neardeg-1e-3,2,Float16,108,KrylovSolver,tol,1.0e-7,24,threshold,false,0,true,NaN,0,0.001,3.823e-09,4.604e-09,4.954e-09,5.169e-09,5.447e-09
neardeg-1e-3,2,Float16,108,KrylovSolver,tol,1.0e-8,24,threshold,false,0,true,NaN,0,0.001,3.823e-09,4.604e-09,4.954e-09,5.169e-09,5.447e-09
neardeg-1e-3,2,Float16,108,KrylovSolver,tol,1.0e-9,24,threshold,false,0,true,NaN,0,0.001,3.823e-09,4.604e-09,4.954e-09,5.169e-09,5.447e-09
neardeg-1e-8,-1,Float64,108,SVDSolver,c,1.0,24,threshold,false,0,true,NaN,0,0.001,2.107e-17,3.947e-17,4.693e-17,6.793e-17,6.793e-17
neardeg-1e-8,-1,Float64,108,SVDSolver,c,2.0,24,threshold,false,0,true,NaN,0,0.001,2.107e-17,3.947e-17,4.693e-17,6.793e-17,6.793e-17
neardeg-1e-8,-1,Float64,108,SVDSolver,c,3.0,24,threshold,false,0,true,NaN,0,0.001,2.107e-17,3.947e-17,4.693e-17,6.793e-17,6.793e-17
neardeg-1e-8,-1,Float64,108,SVDSolver,c,5.0,24,threshold,false,0,true,NaN,0,0.001,2.107e-17,3.947e-17,4.693e-17,6.793e-17,6.793e-17
neardeg-1e-8,-1,Float64,108,SVDSolver,c,10.0,24,threshold,false,0,true,NaN,0,0.001,2.107e-17,3.947e-17,4.693e-17,6.793e-17,6.793e-17
neardeg-1e-8,-1,Float64,108,SVDSolver,c,20.0,24,threshold,false,0,true,NaN,0,0.001,2.107e-17,3.947e-17,4.693e-17,6.793e-17,6.793e-17
neardeg-1e-8,-1,Float64,108,SVDSolver,c,30.0,24,threshold,false,0,true,NaN,0,0.001,2.107e-17,3.947e-17,4.693e-17,6.793e-17,6.793e-17
neardeg-1e-8,-1,Float64,108,SVDSolver,c,100.0,24,threshold,false,0,true,NaN,0,0.001,2.107e-17,3.947e-17,4.693e-17,6.793e-17,6.793e-17
neardeg-1e-8,-1,Float64,108,SVDSolver,c,300.0,24,threshold,false,0,true,NaN,0,0.001,2.107e-17,3.947e-17,4.693e-17,6.793e-17,6.793e-17
neardeg-1e-8,-1,Float64,108,SVDSolver,c,1000.0,24,threshold,false,0,true,NaN,0,0.001,2.107e-17,3.947e-17,4.693e-17,6.793e-17,6.793e-17
neardeg-1e-8,-1,Float64,108,SVDSolver,c,10000.0,24,threshold,false,0,true,NaN,0,0.001,2.107e-17,3.947e-17,4.693e-17,6.793e-17,6.793e-17
neardeg-1e-8,-1,Float64,108,SVDSolver,tol,0.001,24,threshold,false,0,true,NaN,0,0.001,2.107e-17,3.947e-17,4.693e-17,6.793e-17,6.793e-17
neardeg-1e-8,-1,Float64,108,SVDSolver,tol,0.0001,24,threshold,false,0,true,NaN,0,0.001,2.107e-17,3.947e-17,4.693e-17,6.793e-17,6.793e-17
neardeg-1e-8,-1,Float64,108,SVDSolver,tol,1.0e-5,24,threshold,false,0,true,NaN,0,0.001,2.107e-17,3.947e-17,4.693e-17,6.793e-17,6.793e-17
neardeg-1e-8,-1,Float64,108,SVDSolver,tol,1.0e-6,24,threshold,false,0,true,NaN,0,0.001,2.107e-17,3.947e-17,4.693e-17,6.793e-17,6.793e-17
neardeg-1e-8,-1,Float64,108,SVDSolver,tol,1.0e-7,24,threshold,false,0,true,NaN,0,0.001,2.107e-17,3.947e-17,4.693e-17,6.793e-17,6.793e-17
neardeg-1e-8,-1,Float64,108,SVDSolver,tol,1.0e-8,24,threshold,false,0,true,NaN,0,0.001,2.107e-17,3.947e-17,4.693e-17,6.793e-17,6.793e-17
neardeg-1e-8,-1,Float64,108,SVDSolver,tol,1.0e-9,24,threshold,false,0,true,NaN,0,0.001,2.107e-17,3.947e-17,4.693e-17,6.793e-17,6.793e-17
neardeg-1e-8,-1,Float64,108,GramSolver,c,1.0,24,threshold,false,0,true,NaN,0,0.001,1.122e-17,1.258e-17,1.328e-17,1.38e-17,1.471e-17
neardeg-1e-8,-1,Float64,108,GramSolver,c,2.0,24,threshold,false,0,true,NaN,0,0.001,1.122e-17,1.258e-17,1.328e-17,1.38e-17,1.471e-17
neardeg-1e-8,-1,Float64,108,GramSolver,c,3.0,24,threshold,false,0,true,NaN,0,0.001,1.122e-17,1.258e-17,1.328e-17,1.38e-17,1.471e-17
neardeg-1e-8,-1,Float64,108,GramSolver,c,5.0,24,threshold,false,0,true,NaN,0,0.001,1.122e-17,1.258e-17,1.328e-17,1.38e-17,1.471e-17
neardeg-1e-8,-1,Float64,108,GramSolver,c,10.0,24,threshold,false,0,true,NaN,0,0.001,1.122e-17,1.258e-17,1.328e-17,1.38e-17,1.471e-17
neardeg-1e-8,-1,Float64,108,GramSolver,c,20.0,24,threshold,false,0,true,NaN,0,0.001,1.122e-17,1.258e-17,1.328e-17,1.38e-17,1.471e-17
neardeg-1e-8,-1,Float64,108,GramSolver,c,30.0,24,threshold,false,0,true,NaN,0,0.001,1.122e-17,1.258e-17,1.328e-17,1.38e-17,1.471e-17
neardeg-1e-8,-1,Float64,108,GramSolver,c,100.0,24,threshold,false,0,true,NaN,0,0.001,1.122e-17,1.258e-17,1.328e-17,1.38e-17,1.471e-17
neardeg-1e-8,-1,Float64,108,GramSolver,c,300.0,24,threshold,false,0,true,NaN,0,0.001,1.122e-17,1.258e-17,1.328e-17,1.38e-17,1.471e-17
neardeg-1e-8,-1,Float64,108,GramSolver,c,1000.0,24,threshold,false,0,true,NaN,0,0.001,1.122e-17,1.258e-17,1.328e-17,1.38e-17,1.471e-17
neardeg-1e-8,-1,Float64,108,GramSolver,c,10000.0,24,threshold,false,0,true,NaN,0,0.001,1.122e-17,1.258e-17,1.328e-17,1.38e-17,1.471e-17
neardeg-1e-8,-1,Float64,108,GramSolver,tol,0.001,24,threshold,false,0,true,NaN,0,0.001,1.122e-17,1.258e-17,1.328e-17,1.38e-17,1.471e-17
neardeg-1e-8,-1,Float64,108,GramSolver,tol,0.0001,24,threshold,false,0,true,NaN,0,0.001,1.122e-17,1.258e-17,1.328e-17,1.38e-17,1.471e-17
neardeg-1e-8,-1,Float64,108,GramSolver,tol,1.0e-5,24,threshold,false,0,true,NaN,0,0.001,1.122e-17,1.258e-17,1.328e-17,1.38e-17,1.471e-17
neardeg-1e-8,-1,Float64,108,GramSolver,tol,1.0e-6,24,threshold,false,0,true,NaN,0,0.001,1.122e-17,1.258e-17,1.328e-17,1.38e-17,1.471e-17
neardeg-1e-8,-1,Float64,108,GramSolver,tol,1.0e-7,24,threshold,false,0,true,NaN,0,0.001,1.122e-17,1.258e-17,1.328e-17,1.38e-17,1.471e-17
neardeg-1e-8,-1,Float64,108,GramSolver,tol,1.0e-8,24,threshold,false,0,true,NaN,0,0.001,1.122e-17,1.258e-17,1.328e-17,1.38e-17,1.471e-17
neardeg-1e-8,-1,Float64,108,GramSolver,tol,1.0e-9,24,threshold,false,0,true,NaN,0,0.001,1.122e-17,1.258e-17,1.328e-17,1.38e-17,1.471e-17
neardeg-1e-8,-1,Float64,108,ArpackSolver,c,1.0,24,threshold,false,0,true,NaN,0,0.001,5.442e-22,5.548e-21,5.993e-21,6.505e-21,6.952e-21
neardeg-1e-8,-1,Float64,108,ArpackSolver,c,2.0,24,threshold,false,0,true,NaN,0,0.001,5.442e-22,5.548e-21,5.993e-21,6.505e-21,6.952e-21
neardeg-1e-8,-1,Float64,108,ArpackSolver,c,3.0,24,threshold,false,0,true,NaN,0,0.001,5.442e-22,5.548e-21,5.993e-21,6.505e-21,6.952e-21
neardeg-1e-8,-1,Float64,108,ArpackSolver,c,5.0,24,threshold,false,0,true,NaN,0,0.001,5.442e-22,5.548e-21,5.993e-21,6.505e-21,6.952e-21
neardeg-1e-8,-1,Float64,108,ArpackSolver,c,10.0,24,threshold,false,0,true,NaN,0,0.001,5.442e-22,5.548e-21,5.993e-21,6.505e-21,6.952e-21
neardeg-1e-8,-1,Float64,108,ArpackSolver,c,20.0,24,threshold,false,0,true,NaN,0,0.001,5.442e-22,5.548e-21,5.993e-21,6.505e-21,6.952e-21
neardeg-1e-8,-1,Float64,108,ArpackSolver,c,30.0,24,threshold,false,0,true,NaN,0,0.001,5.442e-22,5.548e-21,5.993e-21,6.505e-21,6.952e-21
neardeg-1e-8,-1,Float64,108,ArpackSolver,c,100.0,24,threshold,false,0,true,NaN,0,0.001,5.442e-22,5.548e-21,5.993e-21,6.505e-21,6.952e-21
neardeg-1e-8,-1,Float64,108,ArpackSolver,c,300.0,24,threshold,false,0,true,NaN,0,0.001,5.442e-22,5.548e-21,5.993e-21,6.505e-21,6.952e-21
neardeg-1e-8,-1,Float64,108,ArpackSolver,c,1000.0,24,threshold,false,0,true,NaN,0,0.001,5.442e-22,5.548e-21,5.993e-21,6.505e-21,6.952e-21
neardeg-1e-8,-1,Float64,108,ArpackSolver,c,10000.0,24,threshold,false,0,true,NaN,0,0.001,5.442e-22,5.548e-21,5.993e-21,6.505e-21,6.952e-21
neardeg-1e-8,-1,Float64,108,ArpackSolver,tol,0.001,24,threshold,false,0,true,NaN,0,0.001,5.442e-22,5.548e-21,5.993e-21,6.505e-21,6.952e-21
neardeg-1e-8,-1,Float64,108,ArpackSolver,tol,0.0001,24,threshold,false,0,true,NaN,0,0.001,5.442e-22,5.548e-21,5.993e-21,6.505e-21,6.952e-21
neardeg-1e-8,-1,Float64,108,ArpackSolver,tol,1.0e-5,24,threshold,false,0,true,NaN,0,0.001,5.442e-22,5.548e-21,5.993e-21,6.505e-21,6.952e-21
neardeg-1e-8,-1,Float64,108,ArpackSolver,tol,1.0e-6,24,threshold,false,0,true,NaN,0,0.001,5.442e-22,5.548e-21,5.993e-21,6.505e-21,6.952e-21
neardeg-1e-8,-1,Float64,108,ArpackSolver,tol,1.0e-7,24,threshold,false,0,true,NaN,0,0.001,5.442e-22,5.548e-21,5.993e-21,6.505e-21,6.952e-21
neardeg-1e-8,-1,Float64,108,ArpackSolver,tol,1.0e-8,24,threshold,false,0,true,NaN,0,0.001,5.442e-22,5.548e-21,5.993e-21,6.505e-21,6.952e-21
neardeg-1e-8,-1,Float64,108,ArpackSolver,tol,1.0e-9,24,threshold,false,0,true,NaN,0,0.001,5.442e-22,5.548e-21,5.993e-21,6.505e-21,6.952e-21
neardeg-1e-8,-1,Float64,108,KrylovSolver,c,1.0,17,gap,true,0,false,632.5,0,0.002,2.091e-17,1.095e-16,6.095e-16,1.717e-15,1.723e-15
neardeg-1e-8,-1,Float64,108,KrylovSolver,c,2.0,17,gap,true,0,false,632.5,0,0.002,2.091e-17,1.095e-16,6.095e-16,1.717e-15,1.723e-15
neardeg-1e-8,-1,Float64,108,KrylovSolver,c,3.0,17,gap,true,0,false,632.5,0,0.002,2.091e-17,1.095e-16,6.095e-16,1.717e-15,1.723e-15
neardeg-1e-8,-1,Float64,108,KrylovSolver,c,5.0,17,gap,true,0,false,632.5,0,0.002,2.091e-17,1.095e-16,6.095e-16,1.717e-15,1.723e-15
neardeg-1e-8,-1,Float64,108,KrylovSolver,c,10.0,17,gap,true,0,false,632.5,0,0.002,2.091e-17,1.095e-16,6.095e-16,1.717e-15,1.723e-15
neardeg-1e-8,-1,Float64,108,KrylovSolver,c,20.0,17,gap,true,0,false,632.5,0,0.002,2.091e-17,1.095e-16,6.095e-16,1.717e-15,1.723e-15
neardeg-1e-8,-1,Float64,108,KrylovSolver,c,30.0,17,gap,true,0,false,632.5,0,0.002,2.091e-17,1.095e-16,6.095e-16,1.717e-15,1.723e-15
neardeg-1e-8,-1,Float64,108,KrylovSolver,c,100.0,17,gap,true,0,false,632.5,0,0.002,2.091e-17,1.095e-16,6.095e-16,1.717e-15,1.723e-15
neardeg-1e-8,-1,Float64,108,KrylovSolver,c,300.0,17,gap,true,0,false,632.5,0,0.002,2.091e-17,1.095e-16,6.095e-16,1.717e-15,1.723e-15
neardeg-1e-8,-1,Float64,108,KrylovSolver,c,1000.0,17,gap,true,0,true,208.6,0,0.002,2.091e-17,1.095e-16,6.095e-16,1.717e-15,1.723e-15
neardeg-1e-8,-1,Float64,108,KrylovSolver,c,10000.0,17,threshold,false,0,true,20.86,0,0.002,2.091e-17,1.095e-16,6.095e-16,1.717e-15,1.723e-15
neardeg-1e-8,-1,Float64,108,KrylovSolver,tol,0.001,17,gap,true,0,false,632.5,24,0.002,2.091e-17,1.095e-16,6.095e-16,1.717e-15,1.723e-15
neardeg-1e-8,-1,Float64,108,KrylovSolver,tol,0.0001,17,gap,true,0,false,632.5,5,0.002,2.091e-17,1.095e-16,6.095e-16,1.717e-15,1.723e-15
neardeg-1e-8,-1,Float64,108,KrylovSolver,tol,1.0e-5,17,gap,true,0,false,632.5,1,0.002,2.091e-17,1.095e-16,6.095e-16,1.717e-15,1.723e-15
neardeg-1e-8,-1,Float64,108,KrylovSolver,tol,1.0e-6,17,gap,true,0,false,632.5,0,0.002,2.091e-17,1.095e-16,6.095e-16,1.717e-15,1.723e-15
neardeg-1e-8,-1,Float64,108,KrylovSolver,tol,1.0e-7,12,threshold,false,0,false,1.345,0,0.002,2.091e-17,1.095e-16,6.095e-16,1.717e-15,1.723e-15
neardeg-1e-8,-1,Float64,108,KrylovSolver,tol,1.0e-8,3,threshold,false,0,true,1.547,0,0.002,2.091e-17,1.095e-16,6.095e-16,1.717e-15,1.723e-15
neardeg-1e-8,-1,Float64,108,KrylovSolver,tol,1.0e-9,3,threshold,false,0,true,1.547,0,0.002,2.091e-17,1.095e-16,6.095e-16,1.717e-15,1.723e-15
neardeg-1e-8,-1,Float32,108,SVDSolver,c,1.0,24,threshold,false,0,true,NaN,0,0.001,1.191e-08,1.641e-08,2.268e-08,3.331e-08,4.052e-08
neardeg-1e-8,-1,Float32,108,SVDSolver,c,2.0,24,threshold,false,0,true,NaN,0,0.001,1.191e-08,1.641e-08,2.268e-08,3.331e-08,4.052e-08
neardeg-1e-8,-1,Float32,108,SVDSolver,c,3.0,24,threshold,false,0,true,NaN,0,0.001,1.191e-08,1.641e-08,2.268e-08,3.331e-08,4.052e-08
neardeg-1e-8,-1,Float32,108,SVDSolver,c,5.0,24,threshold,false,0,true,NaN,0,0.001,1.191e-08,1.641e-08,2.268e-08,3.331e-08,4.052e-08
neardeg-1e-8,-1,Float32,108,SVDSolver,c,10.0,24,threshold,false,0,true,NaN,0,0.001,1.191e-08,1.641e-08,2.268e-08,3.331e-08,4.052e-08
neardeg-1e-8,-1,Float32,108,SVDSolver,c,20.0,24,threshold,false,0,true,NaN,0,0.001,1.191e-08,1.641e-08,2.268e-08,3.331e-08,4.052e-08
neardeg-1e-8,-1,Float32,108,SVDSolver,c,30.0,24,threshold,false,0,true,NaN,0,0.001,1.191e-08,1.641e-08,2.268e-08,3.331e-08,4.052e-08
neardeg-1e-8,-1,Float32,108,SVDSolver,c,100.0,24,threshold,false,0,true,NaN,0,0.001,1.191e-08,1.641e-08,2.268e-08,3.331e-08,4.052e-08
neardeg-1e-8,-1,Float32,108,SVDSolver,c,300.0,24,threshold,false,0,true,NaN,0,0.001,1.191e-08,1.641e-08,2.268e-08,3.331e-08,4.052e-08
neardeg-1e-8,-1,Float32,108,SVDSolver,c,1000.0,24,threshold,false,0,true,NaN,0,0.001,1.191e-08,1.641e-08,2.268e-08,3.331e-08,4.052e-08
neardeg-1e-8,-1,Float32,108,SVDSolver,c,10000.0,24,threshold,false,0,true,NaN,0,0.001,1.191e-08,1.641e-08,2.268e-08,3.331e-08,4.052e-08
neardeg-1e-8,-1,Float32,108,SVDSolver,tol,0.001,24,threshold,false,0,true,NaN,0,0.001,1.191e-08,1.641e-08,2.268e-08,3.331e-08,4.052e-08
neardeg-1e-8,-1,Float32,108,SVDSolver,tol,0.0001,24,threshold,false,0,true,NaN,0,0.001,1.191e-08,1.641e-08,2.268e-08,3.331e-08,4.052e-08
neardeg-1e-8,-1,Float32,108,SVDSolver,tol,1.0e-5,24,threshold,false,0,true,NaN,0,0.001,1.191e-08,1.641e-08,2.268e-08,3.331e-08,4.052e-08
neardeg-1e-8,-1,Float32,108,SVDSolver,tol,1.0e-6,24,threshold,false,0,true,NaN,0,0.001,1.191e-08,1.641e-08,2.268e-08,3.331e-08,4.052e-08
neardeg-1e-8,-1,Float32,108,SVDSolver,tol,1.0e-7,24,threshold,false,0,true,NaN,0,0.001,1.191e-08,1.641e-08,2.268e-08,3.331e-08,4.052e-08
neardeg-1e-8,-1,Float32,108,SVDSolver,tol,1.0e-8,24,threshold,false,0,true,NaN,0,0.001,1.191e-08,1.641e-08,2.268e-08,3.331e-08,4.052e-08
neardeg-1e-8,-1,Float32,108,SVDSolver,tol,1.0e-9,24,threshold,false,0,true,NaN,0,0.001,1.191e-08,1.641e-08,2.268e-08,3.331e-08,4.052e-08
neardeg-1e-8,-1,Float32,108,GramSolver,c,1.0,24,threshold,false,0,true,NaN,0,0.001,2.876e-09,3.422e-09,3.888e-09,3.979e-09,4.552e-09
neardeg-1e-8,-1,Float32,108,GramSolver,c,2.0,24,threshold,false,0,true,NaN,0,0.001,2.876e-09,3.422e-09,3.888e-09,3.979e-09,4.552e-09
neardeg-1e-8,-1,Float32,108,GramSolver,c,3.0,24,threshold,false,0,true,NaN,0,0.001,2.876e-09,3.422e-09,3.888e-09,3.979e-09,4.552e-09
neardeg-1e-8,-1,Float32,108,GramSolver,c,5.0,24,threshold,false,0,true,NaN,0,0.001,2.876e-09,3.422e-09,3.888e-09,3.979e-09,4.552e-09
neardeg-1e-8,-1,Float32,108,GramSolver,c,10.0,24,threshold,false,0,true,NaN,0,0.001,2.876e-09,3.422e-09,3.888e-09,3.979e-09,4.552e-09
neardeg-1e-8,-1,Float32,108,GramSolver,c,20.0,24,threshold,false,0,true,NaN,0,0.001,2.876e-09,3.422e-09,3.888e-09,3.979e-09,4.552e-09
neardeg-1e-8,-1,Float32,108,GramSolver,c,30.0,24,threshold,false,0,true,NaN,0,0.001,2.876e-09,3.422e-09,3.888e-09,3.979e-09,4.552e-09
neardeg-1e-8,-1,Float32,108,GramSolver,c,100.0,24,threshold,false,0,true,NaN,0,0.001,2.876e-09,3.422e-09,3.888e-09,3.979e-09,4.552e-09
neardeg-1e-8,-1,Float32,108,GramSolver,c,300.0,24,threshold,false,0,true,NaN,0,0.001,2.876e-09,3.422e-09,3.888e-09,3.979e-09,4.552e-09
neardeg-1e-8,-1,Float32,108,GramSolver,c,1000.0,24,threshold,false,0,true,NaN,0,0.001,2.876e-09,3.422e-09,3.888e-09,3.979e-09,4.552e-09
neardeg-1e-8,-1,Float32,108,GramSolver,c,10000.0,24,threshold,false,0,true,NaN,0,0.001,2.876e-09,3.422e-09,3.888e-09,3.979e-09,4.552e-09
neardeg-1e-8,-1,Float32,108,GramSolver,tol,0.001,24,threshold,false,0,true,NaN,0,0.001,2.876e-09,3.422e-09,3.888e-09,3.979e-09,4.552e-09
neardeg-1e-8,-1,Float32,108,GramSolver,tol,0.0001,24,threshold,false,0,true,NaN,0,0.001,2.876e-09,3.422e-09,3.888e-09,3.979e-09,4.552e-09
neardeg-1e-8,-1,Float32,108,GramSolver,tol,1.0e-5,24,threshold,false,0,true,NaN,0,0.001,2.876e-09,3.422e-09,3.888e-09,3.979e-09,4.552e-09
neardeg-1e-8,-1,Float32,108,GramSolver,tol,1.0e-6,24,threshold,false,0,true,NaN,0,0.001,2.876e-09,3.422e-09,3.888e-09,3.979e-09,4.552e-09
neardeg-1e-8,-1,Float32,108,GramSolver,tol,1.0e-7,24,threshold,false,0,true,NaN,0,0.001,2.876e-09,3.422e-09,3.888e-09,3.979e-09,4.552e-09
neardeg-1e-8,-1,Float32,108,GramSolver,tol,1.0e-8,24,threshold,false,0,true,NaN,0,0.001,2.876e-09,3.422e-09,3.888e-09,3.979e-09,4.552e-09
neardeg-1e-8,-1,Float32,108,GramSolver,tol,1.0e-9,24,threshold,false,0,true,NaN,0,0.001,2.876e-09,3.422e-09,3.888e-09,3.979e-09,4.552e-09
neardeg-1e-8,-1,Float32,108,ArpackSolver,c,1.0,24,threshold,false,0,true,NaN,0,0.001,4.56e-17,1.623e-16,1.77e-16,2.383e-16,2.403e-16
neardeg-1e-8,-1,Float32,108,ArpackSolver,c,2.0,24,threshold,false,0,true,NaN,0,0.001,4.56e-17,1.623e-16,1.77e-16,2.383e-16,2.403e-16
neardeg-1e-8,-1,Float32,108,ArpackSolver,c,3.0,24,threshold,false,0,true,NaN,0,0.001,4.56e-17,1.623e-16,1.77e-16,2.383e-16,2.403e-16
neardeg-1e-8,-1,Float32,108,ArpackSolver,c,5.0,24,threshold,false,0,true,NaN,0,0.001,4.56e-17,1.623e-16,1.77e-16,2.383e-16,2.403e-16
neardeg-1e-8,-1,Float32,108,ArpackSolver,c,10.0,24,threshold,false,0,true,NaN,0,0.001,4.56e-17,1.623e-16,1.77e-16,2.383e-16,2.403e-16
neardeg-1e-8,-1,Float32,108,ArpackSolver,c,20.0,24,threshold,false,0,true,NaN,0,0.001,4.56e-17,1.623e-16,1.77e-16,2.383e-16,2.403e-16
neardeg-1e-8,-1,Float32,108,ArpackSolver,c,30.0,24,threshold,false,0,true,NaN,0,0.001,4.56e-17,1.623e-16,1.77e-16,2.383e-16,2.403e-16
neardeg-1e-8,-1,Float32,108,ArpackSolver,c,100.0,24,threshold,false,0,true,NaN,0,0.001,4.56e-17,1.623e-16,1.77e-16,2.383e-16,2.403e-16
neardeg-1e-8,-1,Float32,108,ArpackSolver,c,300.0,24,threshold,false,0,true,NaN,0,0.001,4.56e-17,1.623e-16,1.77e-16,2.383e-16,2.403e-16
neardeg-1e-8,-1,Float32,108,ArpackSolver,c,1000.0,24,threshold,false,0,true,NaN,0,0.001,4.56e-17,1.623e-16,1.77e-16,2.383e-16,2.403e-16
neardeg-1e-8,-1,Float32,108,ArpackSolver,c,10000.0,24,threshold,false,0,true,NaN,0,0.001,4.56e-17,1.623e-16,1.77e-16,2.383e-16,2.403e-16
neardeg-1e-8,-1,Float32,108,ArpackSolver,tol,0.001,24,threshold,false,0,true,NaN,0,0.001,4.56e-17,1.623e-16,1.77e-16,2.383e-16,2.403e-16
neardeg-1e-8,-1,Float32,108,ArpackSolver,tol,0.0001,24,threshold,false,0,true,NaN,0,0.001,4.56e-17,1.623e-16,1.77e-16,2.383e-16,2.403e-16
neardeg-1e-8,-1,Float32,108,ArpackSolver,tol,1.0e-5,24,threshold,false,0,true,NaN,0,0.001,4.56e-17,1.623e-16,1.77e-16,2.383e-16,2.403e-16
neardeg-1e-8,-1,Float32,108,ArpackSolver,tol,1.0e-6,24,threshold,false,0,true,NaN,0,0.001,4.56e-17,1.623e-16,1.77e-16,2.383e-16,2.403e-16
neardeg-1e-8,-1,Float32,108,ArpackSolver,tol,1.0e-7,24,threshold,false,0,true,NaN,0,0.001,4.56e-17,1.623e-16,1.77e-16,2.383e-16,2.403e-16
neardeg-1e-8,-1,Float32,108,ArpackSolver,tol,1.0e-8,24,threshold,false,0,true,NaN,0,0.001,4.56e-17,1.623e-16,1.77e-16,2.383e-16,2.403e-16
neardeg-1e-8,-1,Float32,108,ArpackSolver,tol,1.0e-9,24,threshold,false,0,true,NaN,0,0.001,4.56e-17,1.623e-16,1.77e-16,2.383e-16,2.403e-16
neardeg-1e-8,-1,Float32,108,KrylovSolver,c,1.0,23,threshold,false,0,true,1.359,0,0.001,3.694e-09,4.194e-09,4.567e-09,5.439e-09,5.69e-09
neardeg-1e-8,-1,Float32,108,KrylovSolver,c,2.0,24,threshold,false,0,true,NaN,0,0.001,3.694e-09,4.194e-09,4.567e-09,5.439e-09,5.69e-09
neardeg-1e-8,-1,Float32,108,KrylovSolver,c,3.0,24,threshold,false,0,true,NaN,0,0.001,3.694e-09,4.194e-09,4.567e-09,5.439e-09,5.69e-09
neardeg-1e-8,-1,Float32,108,KrylovSolver,c,5.0,24,threshold,false,0,true,NaN,0,0.001,3.694e-09,4.194e-09,4.567e-09,5.439e-09,5.69e-09
neardeg-1e-8,-1,Float32,108,KrylovSolver,c,10.0,24,threshold,false,0,true,NaN,0,0.001,3.694e-09,4.194e-09,4.567e-09,5.439e-09,5.69e-09
neardeg-1e-8,-1,Float32,108,KrylovSolver,c,20.0,24,threshold,false,0,true,NaN,0,0.001,3.694e-09,4.194e-09,4.567e-09,5.439e-09,5.69e-09
neardeg-1e-8,-1,Float32,108,KrylovSolver,c,30.0,24,threshold,false,0,true,NaN,0,0.001,3.694e-09,4.194e-09,4.567e-09,5.439e-09,5.69e-09
neardeg-1e-8,-1,Float32,108,KrylovSolver,c,100.0,24,threshold,false,0,true,NaN,0,0.001,3.694e-09,4.194e-09,4.567e-09,5.439e-09,5.69e-09
neardeg-1e-8,-1,Float32,108,KrylovSolver,c,300.0,24,threshold,false,0,true,NaN,0,0.001,3.694e-09,4.194e-09,4.567e-09,5.439e-09,5.69e-09
neardeg-1e-8,-1,Float32,108,KrylovSolver,c,1000.0,24,threshold,false,0,true,NaN,0,0.001,3.694e-09,4.194e-09,4.567e-09,5.439e-09,5.69e-09
neardeg-1e-8,-1,Float32,108,KrylovSolver,c,10000.0,24,threshold,false,0,true,NaN,0,0.001,3.694e-09,4.194e-09,4.567e-09,5.439e-09,5.69e-09
neardeg-1e-8,-1,Float32,108,KrylovSolver,tol,0.001,24,threshold,false,0,true,NaN,0,0.001,3.694e-09,4.194e-09,4.567e-09,5.439e-09,5.69e-09
neardeg-1e-8,-1,Float32,108,KrylovSolver,tol,0.0001,24,threshold,false,0,true,NaN,0,0.001,3.694e-09,4.194e-09,4.567e-09,5.439e-09,5.69e-09
neardeg-1e-8,-1,Float32,108,KrylovSolver,tol,1.0e-5,24,threshold,false,0,true,NaN,0,0.001,3.694e-09,4.194e-09,4.567e-09,5.439e-09,5.69e-09
neardeg-1e-8,-1,Float32,108,KrylovSolver,tol,1.0e-6,24,threshold,false,0,true,NaN,0,0.001,3.694e-09,4.194e-09,4.567e-09,5.439e-09,5.69e-09
neardeg-1e-8,-1,Float32,108,KrylovSolver,tol,1.0e-7,24,threshold,false,0,true,NaN,0,0.001,3.694e-09,4.194e-09,4.567e-09,5.439e-09,5.69e-09
neardeg-1e-8,-1,Float32,108,KrylovSolver,tol,1.0e-8,24,threshold,false,0,true,NaN,0,0.001,3.694e-09,4.194e-09,4.567e-09,5.439e-09,5.69e-09
neardeg-1e-8,-1,Float32,108,KrylovSolver,tol,1.0e-9,24,threshold,false,0,true,NaN,0,0.001,3.694e-09,4.194e-09,4.567e-09,5.439e-09,5.69e-09
neardeg-1e-8,-1,Float16,108,SVDSolver,c,1.0,24,threshold,false,0,true,NaN,0,0.001,1.191e-08,1.641e-08,2.268e-08,3.331e-08,4.052e-08
neardeg-1e-8,-1,Float16,108,SVDSolver,c,2.0,24,threshold,false,0,true,NaN,0,0.001,1.191e-08,1.641e-08,2.268e-08,3.331e-08,4.052e-08
neardeg-1e-8,-1,Float16,108,SVDSolver,c,3.0,24,threshold,false,0,true,NaN,0,0.001,1.191e-08,1.641e-08,2.268e-08,3.331e-08,4.052e-08
neardeg-1e-8,-1,Float16,108,SVDSolver,c,5.0,24,threshold,false,0,true,NaN,0,0.001,1.191e-08,1.641e-08,2.268e-08,3.331e-08,4.052e-08
neardeg-1e-8,-1,Float16,108,SVDSolver,c,10.0,24,threshold,false,0,true,NaN,0,0.001,1.191e-08,1.641e-08,2.268e-08,3.331e-08,4.052e-08
neardeg-1e-8,-1,Float16,108,SVDSolver,c,20.0,24,threshold,false,0,true,NaN,0,0.001,1.191e-08,1.641e-08,2.268e-08,3.331e-08,4.052e-08
neardeg-1e-8,-1,Float16,108,SVDSolver,c,30.0,24,threshold,false,0,true,NaN,0,0.001,1.191e-08,1.641e-08,2.268e-08,3.331e-08,4.052e-08
neardeg-1e-8,-1,Float16,108,SVDSolver,c,100.0,24,threshold,false,0,true,NaN,0,0.001,1.191e-08,1.641e-08,2.268e-08,3.331e-08,4.052e-08
neardeg-1e-8,-1,Float16,108,SVDSolver,c,300.0,24,threshold,false,0,true,NaN,0,0.001,1.191e-08,1.641e-08,2.268e-08,3.331e-08,4.052e-08
neardeg-1e-8,-1,Float16,108,SVDSolver,c,1000.0,24,threshold,false,0,true,NaN,0,0.001,1.191e-08,1.641e-08,2.268e-08,3.331e-08,4.052e-08
neardeg-1e-8,-1,Float16,108,SVDSolver,c,10000.0,24,threshold,false,0,true,NaN,0,0.001,1.191e-08,1.641e-08,2.268e-08,3.331e-08,4.052e-08
neardeg-1e-8,-1,Float16,108,SVDSolver,tol,0.001,24,threshold,false,0,true,NaN,0,0.001,1.191e-08,1.641e-08,2.268e-08,3.331e-08,4.052e-08
neardeg-1e-8,-1,Float16,108,SVDSolver,tol,0.0001,24,threshold,false,0,true,NaN,0,0.001,1.191e-08,1.641e-08,2.268e-08,3.331e-08,4.052e-08
neardeg-1e-8,-1,Float16,108,SVDSolver,tol,1.0e-5,24,threshold,false,0,true,NaN,0,0.001,1.191e-08,1.641e-08,2.268e-08,3.331e-08,4.052e-08
neardeg-1e-8,-1,Float16,108,SVDSolver,tol,1.0e-6,24,threshold,false,0,true,NaN,0,0.001,1.191e-08,1.641e-08,2.268e-08,3.331e-08,4.052e-08
neardeg-1e-8,-1,Float16,108,SVDSolver,tol,1.0e-7,24,threshold,false,0,true,NaN,0,0.001,1.191e-08,1.641e-08,2.268e-08,3.331e-08,4.052e-08
neardeg-1e-8,-1,Float16,108,SVDSolver,tol,1.0e-8,24,threshold,false,0,true,NaN,0,0.001,1.191e-08,1.641e-08,2.268e-08,3.331e-08,4.052e-08
neardeg-1e-8,-1,Float16,108,SVDSolver,tol,1.0e-9,24,threshold,false,0,true,NaN,0,0.001,1.191e-08,1.641e-08,2.268e-08,3.331e-08,4.052e-08
neardeg-1e-8,-1,Float16,108,GramSolver,c,1.0,24,threshold,false,0,true,NaN,0,0.001,2.876e-09,3.422e-09,3.888e-09,3.979e-09,4.552e-09
neardeg-1e-8,-1,Float16,108,GramSolver,c,2.0,24,threshold,false,0,true,NaN,0,0.001,2.876e-09,3.422e-09,3.888e-09,3.979e-09,4.552e-09
neardeg-1e-8,-1,Float16,108,GramSolver,c,3.0,24,threshold,false,0,true,NaN,0,0.001,2.876e-09,3.422e-09,3.888e-09,3.979e-09,4.552e-09
neardeg-1e-8,-1,Float16,108,GramSolver,c,5.0,24,threshold,false,0,true,NaN,0,0.001,2.876e-09,3.422e-09,3.888e-09,3.979e-09,4.552e-09
neardeg-1e-8,-1,Float16,108,GramSolver,c,10.0,24,threshold,false,0,true,NaN,0,0.001,2.876e-09,3.422e-09,3.888e-09,3.979e-09,4.552e-09
neardeg-1e-8,-1,Float16,108,GramSolver,c,20.0,24,threshold,false,0,true,NaN,0,0.001,2.876e-09,3.422e-09,3.888e-09,3.979e-09,4.552e-09
neardeg-1e-8,-1,Float16,108,GramSolver,c,30.0,24,threshold,false,0,true,NaN,0,0.001,2.876e-09,3.422e-09,3.888e-09,3.979e-09,4.552e-09
neardeg-1e-8,-1,Float16,108,GramSolver,c,100.0,24,threshold,false,0,true,NaN,0,0.001,2.876e-09,3.422e-09,3.888e-09,3.979e-09,4.552e-09
neardeg-1e-8,-1,Float16,108,GramSolver,c,300.0,24,threshold,false,0,true,NaN,0,0.001,2.876e-09,3.422e-09,3.888e-09,3.979e-09,4.552e-09
neardeg-1e-8,-1,Float16,108,GramSolver,c,1000.0,24,threshold,false,0,true,NaN,0,0.001,2.876e-09,3.422e-09,3.888e-09,3.979e-09,4.552e-09
neardeg-1e-8,-1,Float16,108,GramSolver,c,10000.0,24,threshold,false,0,true,NaN,0,0.001,2.876e-09,3.422e-09,3.888e-09,3.979e-09,4.552e-09
neardeg-1e-8,-1,Float16,108,GramSolver,tol,0.001,24,threshold,false,0,true,NaN,0,0.001,2.876e-09,3.422e-09,3.888e-09,3.979e-09,4.552e-09
neardeg-1e-8,-1,Float16,108,GramSolver,tol,0.0001,24,threshold,false,0,true,NaN,0,0.001,2.876e-09,3.422e-09,3.888e-09,3.979e-09,4.552e-09
neardeg-1e-8,-1,Float16,108,GramSolver,tol,1.0e-5,24,threshold,false,0,true,NaN,0,0.001,2.876e-09,3.422e-09,3.888e-09,3.979e-09,4.552e-09
neardeg-1e-8,-1,Float16,108,GramSolver,tol,1.0e-6,24,threshold,false,0,true,NaN,0,0.001,2.876e-09,3.422e-09,3.888e-09,3.979e-09,4.552e-09
neardeg-1e-8,-1,Float16,108,GramSolver,tol,1.0e-7,24,threshold,false,0,true,NaN,0,0.001,2.876e-09,3.422e-09,3.888e-09,3.979e-09,4.552e-09
neardeg-1e-8,-1,Float16,108,GramSolver,tol,1.0e-8,24,threshold,false,0,true,NaN,0,0.001,2.876e-09,3.422e-09,3.888e-09,3.979e-09,4.552e-09
neardeg-1e-8,-1,Float16,108,GramSolver,tol,1.0e-9,24,threshold,false,0,true,NaN,0,0.001,2.876e-09,3.422e-09,3.888e-09,3.979e-09,4.552e-09
neardeg-1e-8,-1,Float16,108,ArpackSolver,c,1.0,24,threshold,false,0,true,NaN,0,0.001,2.792e-17,1.728e-16,1.742e-16,2.803e-16,2.948e-16
neardeg-1e-8,-1,Float16,108,ArpackSolver,c,2.0,24,threshold,false,0,true,NaN,0,0.001,2.792e-17,1.728e-16,1.742e-16,2.803e-16,2.948e-16
neardeg-1e-8,-1,Float16,108,ArpackSolver,c,3.0,24,threshold,false,0,true,NaN,0,0.001,2.792e-17,1.728e-16,1.742e-16,2.803e-16,2.948e-16
neardeg-1e-8,-1,Float16,108,ArpackSolver,c,5.0,24,threshold,false,0,true,NaN,0,0.001,2.792e-17,1.728e-16,1.742e-16,2.803e-16,2.948e-16
neardeg-1e-8,-1,Float16,108,ArpackSolver,c,10.0,24,threshold,false,0,true,NaN,0,0.001,2.792e-17,1.728e-16,1.742e-16,2.803e-16,2.948e-16
neardeg-1e-8,-1,Float16,108,ArpackSolver,c,20.0,24,threshold,false,0,true,NaN,0,0.001,2.792e-17,1.728e-16,1.742e-16,2.803e-16,2.948e-16
neardeg-1e-8,-1,Float16,108,ArpackSolver,c,30.0,24,threshold,false,0,true,NaN,0,0.001,2.792e-17,1.728e-16,1.742e-16,2.803e-16,2.948e-16
neardeg-1e-8,-1,Float16,108,ArpackSolver,c,100.0,24,threshold,false,0,true,NaN,0,0.001,2.792e-17,1.728e-16,1.742e-16,2.803e-16,2.948e-16
neardeg-1e-8,-1,Float16,108,ArpackSolver,c,300.0,24,threshold,false,0,true,NaN,0,0.001,2.792e-17,1.728e-16,1.742e-16,2.803e-16,2.948e-16
neardeg-1e-8,-1,Float16,108,ArpackSolver,c,1000.0,24,threshold,false,0,true,NaN,0,0.001,2.792e-17,1.728e-16,1.742e-16,2.803e-16,2.948e-16
neardeg-1e-8,-1,Float16,108,ArpackSolver,c,10000.0,24,threshold,false,0,true,NaN,0,0.001,2.792e-17,1.728e-16,1.742e-16,2.803e-16,2.948e-16
neardeg-1e-8,-1,Float16,108,ArpackSolver,tol,0.001,24,threshold,false,0,true,NaN,0,0.001,2.792e-17,1.728e-16,1.742e-16,2.803e-16,2.948e-16
neardeg-1e-8,-1,Float16,108,ArpackSolver,tol,0.0001,24,threshold,false,0,true,NaN,0,0.001,2.792e-17,1.728e-16,1.742e-16,2.803e-16,2.948e-16
neardeg-1e-8,-1,Float16,108,ArpackSolver,tol,1.0e-5,24,threshold,false,0,true,NaN,0,0.001,2.792e-17,1.728e-16,1.742e-16,2.803e-16,2.948e-16
neardeg-1e-8,-1,Float16,108,ArpackSolver,tol,1.0e-6,24,threshold,false,0,true,NaN,0,0.001,2.792e-17,1.728e-16,1.742e-16,2.803e-16,2.948e-16
neardeg-1e-8,-1,Float16,108,ArpackSolver,tol,1.0e-7,24,threshold,false,0,true,NaN,0,0.001,2.792e-17,1.728e-16,1.742e-16,2.803e-16,2.948e-16
neardeg-1e-8,-1,Float16,108,ArpackSolver,tol,1.0e-8,24,threshold,false,0,true,NaN,0,0.001,2.792e-17,1.728e-16,1.742e-16,2.803e-16,2.948e-16
neardeg-1e-8,-1,Float16,108,ArpackSolver,tol,1.0e-9,24,threshold,false,0,true,NaN,0,0.001,2.792e-17,1.728e-16,1.742e-16,2.803e-16,2.948e-16
neardeg-1e-8,-1,Float16,108,KrylovSolver,c,1.0,23,threshold,false,1,true,1.359,0,0.001,3.694e-09,4.194e-09,4.567e-09,5.439e-09,5.69e-09
neardeg-1e-8,-1,Float16,108,KrylovSolver,c,2.0,24,threshold,false,0,true,NaN,0,0.001,3.694e-09,4.194e-09,4.567e-09,5.439e-09,5.69e-09
neardeg-1e-8,-1,Float16,108,KrylovSolver,c,3.0,24,threshold,false,0,true,NaN,0,0.001,3.694e-09,4.194e-09,4.567e-09,5.439e-09,5.69e-09
neardeg-1e-8,-1,Float16,108,KrylovSolver,c,5.0,24,threshold,false,0,true,NaN,0,0.001,3.694e-09,4.194e-09,4.567e-09,5.439e-09,5.69e-09
neardeg-1e-8,-1,Float16,108,KrylovSolver,c,10.0,24,threshold,false,0,true,NaN,0,0.001,3.694e-09,4.194e-09,4.567e-09,5.439e-09,5.69e-09
neardeg-1e-8,-1,Float16,108,KrylovSolver,c,20.0,24,threshold,false,0,true,NaN,0,0.001,3.694e-09,4.194e-09,4.567e-09,5.439e-09,5.69e-09
neardeg-1e-8,-1,Float16,108,KrylovSolver,c,30.0,24,threshold,false,0,true,NaN,0,0.001,3.694e-09,4.194e-09,4.567e-09,5.439e-09,5.69e-09
neardeg-1e-8,-1,Float16,108,KrylovSolver,c,100.0,24,threshold,false,0,true,NaN,0,0.001,3.694e-09,4.194e-09,4.567e-09,5.439e-09,5.69e-09
neardeg-1e-8,-1,Float16,108,KrylovSolver,c,300.0,24,threshold,false,0,true,NaN,0,0.001,3.694e-09,4.194e-09,4.567e-09,5.439e-09,5.69e-09
neardeg-1e-8,-1,Float16,108,KrylovSolver,c,1000.0,24,threshold,false,0,true,NaN,0,0.001,3.694e-09,4.194e-09,4.567e-09,5.439e-09,5.69e-09
neardeg-1e-8,-1,Float16,108,KrylovSolver,c,10000.0,24,threshold,false,0,true,NaN,0,0.001,3.694e-09,4.194e-09,4.567e-09,5.439e-09,5.69e-09
neardeg-1e-8,-1,Float16,108,KrylovSolver,tol,0.001,24,threshold,false,0,true,NaN,0,0.001,3.694e-09,4.194e-09,4.567e-09,5.439e-09,5.69e-09
neardeg-1e-8,-1,Float16,108,KrylovSolver,tol,0.0001,24,threshold,false,0,true,NaN,0,0.001,3.694e-09,4.194e-09,4.567e-09,5.439e-09,5.69e-09
neardeg-1e-8,-1,Float16,108,KrylovSolver,tol,1.0e-5,24,threshold,false,0,true,NaN,0,0.001,3.694e-09,4.194e-09,4.567e-09,5.439e-09,5.69e-09
neardeg-1e-8,-1,Float16,108,KrylovSolver,tol,1.0e-6,24,threshold,false,0,true,NaN,0,0.001,3.694e-09,4.194e-09,4.567e-09,5.439e-09,5.69e-09
neardeg-1e-8,-1,Float16,108,KrylovSolver,tol,1.0e-7,24,threshold,false,0,true,NaN,0,0.001,3.694e-09,4.194e-09,4.567e-09,5.439e-09,5.69e-09
neardeg-1e-8,-1,Float16,108,KrylovSolver,tol,1.0e-8,24,threshold,false,0,true,NaN,0,0.001,3.694e-09,4.194e-09,4.567e-09,5.439e-09,5.69e-09
neardeg-1e-8,-1,Float16,108,KrylovSolver,tol,1.0e-9,24,threshold,false,0,true,NaN,0,0.001,3.694e-09,4.194e-09,4.567e-09,5.439e-09,5.69e-09
