series,x,y,z,value,coordinate_system
original,48,0,0,-0.29059587989087821,literal_lattice_coordinate
original,48,1,0,0.48647969941636227,literal_lattice_coordinate
original,39,28,0,0.57550465114052896,literal_lattice_coordinate
original,28,39,0,-0.045095179226951485,literal_lattice_coordinate
original,0,48,0,0.48764270536578747,literal_lattice_coordinate
original,1,48,0,0.88397124890407541,literal_lattice_coordinate
original,48,0,1,0.31063980882680881,literal_lattice_coordinate
original,0,48,1,-1.727284196168249,literal_lattice_coordinate
original,37,30,6,-0.67830591130905626,literal_lattice_coordinate
original,30,37,6,0.17876842077034366,literal_lattice_coordinate
original,42,21,10,-0.11379897114552801,literal_lattice_coordinate
original,21,42,10,-1.5291573404584309,literal_lattice_coordinate
original,44,15,12,-0.057023325865862506,literal_lattice_coordinate
original,15,44,12,-0.47049836423246033,literal_lattice_coordinate
original,44,12,15,0.93809734921481402,literal_lattice_coordinate
original,36,28,15,0.89617240637226681,literal_lattice_coordinate
original,28,36,15,-0.37233257352091281,literal_lattice_coordinate
original,12,44,15,-0.50701845450907168,literal_lattice_coordinate
original,32,32,16,0.28714181833354874,literal_lattice_coordinate
original,42,10,21,-1.4211882516278651,literal_lattice_coordinate
original,10,42,21,-0.055024686251920793,literal_lattice_coordinate
original,30,27,26,0.72596388182911809,literal_lattice_coordinate
original,27,30,26,1.767071521765248,literal_lattice_coordinate
original,30,26,27,0.951385843289972,literal_lattice_coordinate
original,26,30,27,-0.7678127996183628,literal_lattice_coordinate
original,39,0,28,1.6821055604505677,literal_lattice_coordinate
original,36,15,28,-0.4183668009897617,literal_lattice_coordinate
original,15,36,28,1.614311527762277,literal_lattice_coordinate
original,0,39,28,-1.271806982316243,literal_lattice_coordinate
original,37,6,30,2.6859327958969796,literal_lattice_coordinate
original,27,26,30,-0.31589474080542707,literal_lattice_coordinate
original,26,27,30,0.23540668496015343,literal_lattice_coordinate
original,6,37,30,-1.0535588593465146,literal_lattice_coordinate
original,32,16,32,-1.6848060703715158,literal_lattice_coordinate
original,16,32,32,-1.3773529766212231,literal_lattice_coordinate
original,28,15,36,0.45554284650414567,literal_lattice_coordinate
original,15,28,36,0.45044942233899998,literal_lattice_coordinate
original,30,6,37,0.51229739357309589,literal_lattice_coordinate
original,6,30,37,-0.71037096579001002,literal_lattice_coordinate
original,28,0,39,-0.46389470995225363,literal_lattice_coordinate
original,0,28,39,-1.3588191977436346,literal_lattice_coordinate
original,21,10,42,-0.93964484773505474,literal_lattice_coordinate
original,10,21,42,-0.9471936291955293,literal_lattice_coordinate
original,15,12,44,-2.0505297756476089,literal_lattice_coordinate
original,12,15,44,-2.2461601694684696,literal_lattice_coordinate
original,0,0,48,-1.1668535322199358,literal_lattice_coordinate
original,1,0,48,-1.769177113346118,literal_lattice_coordinate
original,0,1,48,-1.0683757382529355,literal_lattice_coordinate
scrambled,3,6,0,0.036138327789552248,scrambled_array_coordinate
scrambled,19,6,0,-0.038083823976850069,scrambled_array_coordinate
scrambled,1,8,0,-0.046043493941123163,scrambled_array_coordinate
scrambled,3,8,0,-0.040554790990414653,scrambled_array_coordinate
scrambled,4,8,0,-0.052312714872994631,scrambled_array_coordinate
scrambled,6,8,0,0.039560414507479352,scrambled_array_coordinate
scrambled,10,8,0,0.041712847597685759,scrambled_array_coordinate
scrambled,13,8,0,-0.036763610006308074,scrambled_array_coordinate
scrambled,15,8,0,-0.042432602019486954,scrambled_array_coordinate
scrambled,17,8,0,0.044006680741751035,scrambled_array_coordinate
scrambled,19,8,0,0.051172113917939598,scrambled_array_coordinate
scrambled,21,8,0,-0.070900785718171641,scrambled_array_coordinate
scrambled,22,8,0,-0.039173604714631549,scrambled_array_coordinate
scrambled,25,8,0,0.061029713838333083,scrambled_array_coordinate
scrambled,31,8,0,-0.056864748274281868,scrambled_array_coordinate
scrambled,41,8,0,-0.046593871369546326,scrambled_array_coordinate
scrambled,44,8,0,-0.049396836890937129,scrambled_array_coordinate
scrambled,1,9,0,0.037219109193249014,scrambled_array_coordinate
scrambled,3,9,0,0.056320555308838401,scrambled_array_coordinate
scrambled,10,9,0,-0.048809597795305013,scrambled_array_coordinate
scrambled,15,9,0,0.042437213626234163,scrambled_array_coordinate
scrambled,17,9,0,-0.040790006546557664,scrambled_array_coordinate
scrambled,19,9,0,-0.056577100783077212,scrambled_array_coordinate
scrambled,21,9,0,0.05476660886039296,scrambled_array_coordinate
scrambled,22,9,0,0.062669922959044957,scrambled_array_coordinate
scrambled,24,9,0,0.038932686466967507,scrambled_array_coordinate
scrambled,25,9,0,-0.051660492661208784,scrambled_array_coordinate
scrambled,31,9,0,0.042883340647210395,scrambled_array_coordinate
scrambled,30,10,0,0.037302702603664223,scrambled_array_coordinate
scrambled,33,10,0,0.037151298583353094,scrambled_array_coordinate
scrambled,3,11,0,-0.037335416972345679,scrambled_array_coordinate
scrambled,22,11,0,-0.052379404919619219,scrambled_array_coordinate
scrambled,30,11,0,-0.044715924611746227,scrambled_array_coordinate
scrambled,1,12,0,-0.049713890471561592,scrambled_array_coordinate
scrambled,3,12,0,-0.051846149568311718,scrambled_array_coordinate
scrambled,10,12,0,0.04986663467273536,scrambled_array_coordinate
scrambled,15,12,0,-0.057660350467011776,scrambled_array_coordinate
scrambled,17,12,0,0.043740999157476229,scrambled_array_coordinate
scrambled,19,12,0,0.044734017686055366,scrambled_array_coordinate
scrambled,21,12,0,-0.043881824806802812,scrambled_array_coordinate
scrambled,22,12,0,-0.081960876405346814,scrambled_array_coordinate
scrambled,25,12,0,0.072257520458993821,scrambled_array_coordinate
scrambled,42,13,0,-0.035772852768487906,scrambled_array_coordinate
scrambled,22,15,0,0.041947284470696296,scrambled_array_coordinate
scrambled,1,16,0,-0.048808799962504194,scrambled_array_coordinate
scrambled,4,16,0,-0.037108262013347548,scrambled_array_coordinate
scrambled,19,16,0,0.038078596198045239,scrambled_array_coordinate
scrambled,21,16,0,-0.037299444150570397,scrambled_array_coordinate
scrambled,3,19,0,-0.045328489696428532,scrambled_array_coordinate
scrambled,19,19,0,0.047140185886742514,scrambled_array_coordinate
scrambled,21,19,0,-0.040393710705994568,scrambled_array_coordinate
scrambled,1,20,0,-0.050414543503004741,scrambled_array_coordinate
scrambled,10,20,0,0.037997000114613003,scrambled_array_coordinate
scrambled,15,20,0,-0.039473844088535187,scrambled_array_coordinate
scrambled,22,20,0,-0.050624224434390554,scrambled_array_coordinate
scrambled,3,21,0,-0.082111461107824052,scrambled_array_coordinate
scrambled,10,21,0,0.055512752889376217,scrambled_array_coordinate
scrambled,15,21,0,-0.06747237366913722,scrambled_array_coordinate
scrambled,17,21,0,0.061976327073769828,scrambled_array_coordinate
scrambled,19,21,0,0.052115500517139972,scrambled_array_coordinate
scrambled,21,21,0,-0.067863685867989007,scrambled_array_coordinate
scrambled,22,21,0,-0.069768499944985449,scrambled_array_coordinate
scrambled,24,21,0,-0.047636774873791803,scrambled_array_coordinate
scrambled,25,21,0,0.10318304108140509,scrambled_array_coordinate
scrambled,31,21,0,-0.064513065604927089,scrambled_array_coordinate
scrambled,36,21,0,-0.069177509817658495,scrambled_array_coordinate
scrambled,44,21,0,-0.047261766180106198,scrambled_array_coordinate
scrambled,46,21,0,-0.045513319729977006,scrambled_array_coordinate
scrambled,25,22,0,0.039801585263950431,scrambled_array_coordinate
scrambled,46,23,0,-0.036955871981403467,scrambled_array_coordinate
scrambled,1,24,0,0.039186333546956477,scrambled_array_coordinate
scrambled,10,24,0,-0.036624753770712504,scrambled_array_coordinate
scrambled,13,24,0,0.039460109392551505,scrambled_array_coordinate
scrambled,16,24,0,-0.040726184278314148,scrambled_array_coordinate
scrambled,22,24,0,0.049896385725192928,scrambled_array_coordinate
scrambled,23,24,0,0.062374166173594009,scrambled_array_coordinate
scrambled,24,24,0,-0.040417427976337857,scrambled_array_coordinate
scrambled,26,24,0,-0.078563380393868634,scrambled_array_coordinate
scrambled,39,24,0,0.039519888710478027,scrambled_array_coordinate
scrambled,44,24,0,0.040476240252914283,scrambled_array_coordinate
scrambled,25,25,0,-0.038120311441999719,scrambled_array_coordinate
scrambled,22,26,0,-0.039794552826745863,scrambled_array_coordinate
scrambled,46,26,0,-0.039894546726472337,scrambled_array_coordinate
scrambled,1,30,0,-0.048477803643585893,scrambled_array_coordinate
scrambled,3,30,0,-0.056098827140272652,scrambled_array_coordinate
scrambled,15,30,0,-0.057748973559406107,scrambled_array_coordinate
scrambled,19,30,0,0.048311497678693263,scrambled_array_coordinate
scrambled,22,30,0,-0.066955837970486098,scrambled_array_coordinate
scrambled,25,30,0,0.05421052596252917,scrambled_array_coordinate
scrambled,22,31,0,-0.049740598197741154,scrambled_array_coordinate
scrambled,25,31,0,0.041910565488765761,scrambled_array_coordinate
scrambled,22,35,0,-0.03956960407432613,scrambled_array_coordinate
scrambled,41,35,0,-0.041846348352677726,scrambled_array_coordinate
scrambled,1,36,0,-0.045144174964450744,scrambled_array_coordinate
scrambled,3,37,0,-0.04092217279711427,scrambled_array_coordinate
scrambled,25,37,0,0.037738613484908576,scrambled_array_coordinate
scrambled,21,39,0,-0.037642452625959541,scrambled_array_coordinate
scrambled,25,39,0,0.047688720653871537,scrambled_array_coordinate
scrambled,41,39,0,-0.043577529833849583,scrambled_array_coordinate
scrambled,3,40,0,0.042818758439462548,scrambled_array_coordinate
scrambled,15,40,0,0.04276354732930239,scrambled_array_coordinate
scrambled,21,40,0,0.044501783548163927,scrambled_array_coordinate
scrambled,23,40,0,-0.039800914907780899,scrambled_array_coordinate
scrambled,24,40,0,0.049031278267847603,scrambled_array_coordinate
scrambled,25,40,0,-0.061079460246042244,scrambled_array_coordinate
scrambled,26,40,0,0.048839722376336263,scrambled_array_coordinate
scrambled,29,40,0,0.03631276972169576,scrambled_array_coordinate
scrambled,13,41,0,0.05158801243446267,scrambled_array_coordinate
scrambled,21,41,0,-0.04313728999256667,scrambled_array_coordinate
scrambled,22,41,0,0.046854266044222603,scrambled_array_coordinate
scrambled,23,41,0,0.050362094078643414,scrambled_array_coordinate
scrambled,25,41,0,0.037518761599856711,scrambled_array_coordinate
scrambled,26,41,0,-0.04946408406600384,scrambled_array_coordinate
scrambled,28,41,0,0.044769194538721059,scrambled_array_coordinate
scrambled,30,41,0,0.042203685481709989,scrambled_array_coordinate
scrambled,31,41,0,-0.047276116371333568,scrambled_array_coordinate
scrambled,36,41,0,-0.053568851030229896,scrambled_array_coordinate
scrambled,46,41,0,-0.043535832685512893,scrambled_array_coordinate
scrambled,6,42,0,-0.052068509926074071,scrambled_array_coordinate
scrambled,16,42,0,-0.050051552110715207,scrambled_array_coordinate
scrambled,21,42,0,0.044488274514692019,scrambled_array_coordinate
scrambled,25,42,0,-0.067530055065953179,scrambled_array_coordinate
scrambled,28,42,0,-0.037716231422797286,scrambled_array_coordinate
scrambled,30,42,0,-0.05135084661129323,scrambled_array_coordinate
scrambled,36,42,0,0.043467695104385966,scrambled_array_coordinate
scrambled,0,43,0,-0.040220720743983585,scrambled_array_coordinate
scrambled,1,43,0,-0.060138692579310656,scrambled_array_coordinate
scrambled,4,43,0,-0.03899622205312632,scrambled_array_coordinate
scrambled,11,43,0,0.039556751012175484,scrambled_array_coordinate
scrambled,13,43,0,-0.035995023887472812,scrambled_array_coordinate
scrambled,15,43,0,-0.04416146567298767,scrambled_array_coordinate
scrambled,19,43,0,0.037729033835405192,scrambled_array_coordinate
scrambled,21,43,0,-0.04661998715555743,scrambled_array_coordinate
scrambled,42,43,0,-0.057301043029458466,scrambled_array_coordinate
scrambled,44,43,0,-0.045597987444459621,scrambled_array_coordinate
scrambled,22,44,0,-0.040788675596106744,scrambled_array_coordinate
scrambled,10,47,0,0.037256896051163856,scrambled_array_coordinate
scrambled,43,47,0,-0.037560912377883872,scrambled_array_coordinate
scrambled,25,49,0,0.037290573843302248,scrambled_array_coordinate
scrambled,41,49,0,-0.039013584634856484,scrambled_array_coordinate
scrambled,1,1,1,-0.05102738622028672,scrambled_array_coordinate
scrambled,2,1,1,-0.047699532553473312,scrambled_array_coordinate
scrambled,3,1,1,0.038622488430748565,scrambled_array_coordinate
scrambled,8,1,1,0.045883612105232834,scrambled_array_coordinate
scrambled,24,1,1,-0.038874066874632657,scrambled_array_coordinate
scrambled,40,1,1,0.061028763615035161,scrambled_array_coordinate
scrambled,46,1,1,-0.049394747033071826,scrambled_array_coordinate
scrambled,0,2,1,0.044746282798551154,scrambled_array_coordinate
scrambled,20,2,1,-0.05284654512793132,scrambled_array_coordinate
scrambled,39,2,1,-0.039630499225658596,scrambled_array_coordinate
scrambled,0,3,1,-0.046162457887910339,scrambled_array_coordinate
scrambled,35,3,1,0.039326223082354131,scrambled_array_coordinate
scrambled,40,3,1,-0.037347584578910922,scrambled_array_coordinate
scrambled,0,4,1,-0.075606890089216838,scrambled_array_coordinate
scrambled,22,4,1,0.066309894232657984,scrambled_array_coordinate
scrambled,31,4,1,-0.040405033047063138,scrambled_array_coordinate
scrambled,35,4,1,0.043349739657609444,scrambled_array_coordinate
scrambled,0,6,1,-0.036738957215894937,scrambled_array_coordinate
scrambled,14,6,1,0.052194402244692968,scrambled_array_coordinate
scrambled,35,6,1,0.057453359126283826,scrambled_array_coordinate
scrambled,41,6,1,0.035920277002026615,scrambled_array_coordinate
scrambled,46,6,1,-0.036083643409276334,scrambled_array_coordinate
scrambled,8,7,1,-0.035762038908244621,scrambled_array_coordinate
scrambled,13,7,1,-0.059445012183106168,scrambled_array_coordinate
scrambled,18,7,1,0.046647346051262549,scrambled_array_coordinate
scrambled,24,7,1,0.044663039972764169,scrambled_array_coordinate
scrambled,2,8,1,-0.039503297751644281,scrambled_array_coordinate
scrambled,11,8,1,0.058042769945100083,scrambled_array_coordinate
scrambled,22,8,1,0.061078105304631577,scrambled_array_coordinate
scrambled,26,8,1,0.038792791641170186,scrambled_array_coordinate
scrambled,27,8,1,-0.035891123699823321,scrambled_array_coordinate
scrambled,29,8,1,0.051465836639798243,scrambled_array_coordinate
scrambled,31,8,1,-0.042798076372070386,scrambled_array_coordinate
scrambled,42,8,1,-0.038916092048913054,scrambled_array_coordinate
scrambled,46,8,1,-0.077399689910390299,scrambled_array_coordinate
scrambled,6,9,1,-0.040408468212999635,scrambled_array_coordinate
scrambled,40,9,1,0.039477670188243656,scrambled_array_coordinate
scrambled,41,9,1,0.046500304384595015,scrambled_array_coordinate
scrambled,46,9,1,-0.076592209837660838,scrambled_array_coordinate
scrambled,13,10,1,-0.070524614840491578,scrambled_array_coordinate
scrambled,19,10,1,0.037221306290485569,scrambled_array_coordinate
scrambled,25,10,1,-0.040522122207201257,scrambled_array_coordinate
scrambled,28,10,1,0.039159356395047425,scrambled_array_coordinate
scrambled,33,10,1,0.044101736066113055,scrambled_array_coordinate
scrambled,37,10,1,0.044832083946840545,scrambled_array_coordinate
scrambled,40,10,1,-0.038170492235387626,scrambled_array_coordinate
scrambled,46,11,1,-0.040464123413905553,scrambled_array_coordinate
scrambled,40,12,1,-0.044173980969355174,scrambled_array_coordinate
scrambled,1,13,1,-0.048121948182207101,scrambled_array_coordinate
scrambled,13,13,1,0.035989599326200876,scrambled_array_coordinate
scrambled,19,13,1,-0.035801576283195774,scrambled_array_coordinate
scrambled,24,13,1,-0.050914374124613589,scrambled_array_coordinate
scrambled,29,13,1,-0.041547256095049105,scrambled_array_coordinate
scrambled,37,13,1,-0.036597541681311643,scrambled_array_coordinate
scrambled,42,13,1,-0.037046966435429894,scrambled_array_coordinate
scrambled,47,13,1,-0.046434561050253467,scrambled_array_coordinate
scrambled,0,14,1,0.049821156875932825,scrambled_array_coordinate
scrambled,8,14,1,0.043017671171232542,scrambled_array_coordinate
scrambled,10,14,1,0.036110864816551465,scrambled_array_coordinate
scrambled,15,14,1,0.03877110520942359,scrambled_array_coordinate
scrambled,20,14,1,0.057557811253278114,scrambled_array_coordinate
scrambled,22,14,1,-0.058166460737236511,scrambled_array_coordinate
scrambled,42,14,1,0.061960463977660689,scrambled_array_coordinate
scrambled,49,14,1,0.043241095531113397,scrambled_array_coordinate
scrambled,13,15,1,0.040784313626352826,scrambled_array_coordinate
scrambled,14,15,1,0.044523632931406321,scrambled_array_coordinate
scrambled,19,15,1,-0.052424728858939493,scrambled_array_coordinate
scrambled,22,15,1,0.041615573190057813,scrambled_array_coordinate
scrambled,49,15,1,-0.052757193850677848,scrambled_array_coordinate
scrambled,0,16,1,-0.042650346725465721,scrambled_array_coordinate
scrambled,5,16,1,0.038222444117855088,scrambled_array_coordinate
scrambled,7,16,1,0.039918070175511626,scrambled_array_coordinate
scrambled,11,16,1,0.038055934195155613,scrambled_array_coordinate
scrambled,28,16,1,-0.039789898552924835,scrambled_array_coordinate
scrambled,31,16,1,-0.03613933671686357,scrambled_array_coordinate
scrambled,36,16,1,0.036808134216550811,scrambled_array_coordinate
scrambled,42,16,1,-0.060802169549451252,scrambled_array_coordinate
scrambled,49,16,1,-0.051533059779560103,scrambled_array_coordinate
scrambled,0,17,1,-0.060575433440221503,scrambled_array_coordinate
scrambled,4,17,1,0.051189659441552425,scrambled_array_coordinate
scrambled,13,17,1,0.063650676983552618,scrambled_array_coordinate
scrambled,22,17,1,0.0524667080206263,scrambled_array_coordinate
scrambled,27,17,1,-0.040274656582629118,scrambled_array_coordinate
scrambled,31,17,1,-0.052639059205173096,scrambled_array_coordinate
scrambled,35,17,1,0.046601943319961765,scrambled_array_coordinate
scrambled,42,17,1,-0.043453279316333387,scrambled_array_coordinate
scrambled,1,18,1,-0.055831148322495527,scrambled_array_coordinate
scrambled,2,18,1,-0.056449813022664316,scrambled_array_coordinate
scrambled,8,18,1,0.04945430860439215,scrambled_array_coordinate
scrambled,38,18,1,-0.040262559722561417,scrambled_array_coordinate
scrambled,5,19,1,0.052584189290815583,scrambled_array_coordinate
scrambled,14,19,1,-0.043654070451951833,scrambled_array_coordinate
scrambled,25,19,1,-0.03973556297558907,scrambled_array_coordinate
scrambled,35,19,1,-0.046505362617710988,scrambled_array_coordinate
scrambled,36,19,1,0.043166243332106127,scrambled_array_coordinate
scrambled,41,19,1,-0.051195795602857239,scrambled_array_coordinate
scrambled,46,19,1,0.047051069746483903,scrambled_array_coordinate
scrambled,6,20,1,-0.048097569981446694,scrambled_array_coordinate
scrambled,15,20,1,-0.0367720443883243,scrambled_array_coordinate
scrambled,18,20,1,0.038682241367063469,scrambled_array_coordinate
scrambled,24,20,1,0.066712715044757148,scrambled_array_coordinate
scrambled,26,20,1,0.048718369830943159,scrambled_array_coordinate
scrambled,28,20,1,-0.041609587847059301,scrambled_array_coordinate
scrambled,29,20,1,0.04763298740515623,scrambled_array_coordinate
scrambled,39,20,1,-0.04452798428960042,scrambled_array_coordinate
scrambled,46,20,1,-0.10047270114845264,scrambled_array_coordinate
scrambled,49,20,1,-0.074452660393929518,scrambled_array_coordinate
scrambled,2,21,1,-0.056584329215682766,scrambled_array_coordinate
scrambled,4,21,1,0.039837074773245315,scrambled_array_coordinate
scrambled,11,21,1,0.043784372317507057,scrambled_array_coordinate
scrambled,13,21,1,0.072570084324510731,scrambled_array_coordinate
scrambled,14,21,1,0.037156923040445378,scrambled_array_coordinate
scrambled,19,21,1,-0.043824255891739695,scrambled_array_coordinate
scrambled,22,21,1,0.060899763859545812,scrambled_array_coordinate
scrambled,27,21,1,-0.053509798146109344,scrambled_array_coordinate
scrambled,29,21,1,0.038212604881375366,scrambled_array_coordinate
scrambled,31,21,1,-0.054588883939910446,scrambled_array_coordinate
scrambled,33,21,1,-0.056806847257421904,scrambled_array_coordinate
scrambled,36,21,1,-0.05304082330492637,scrambled_array_coordinate
scrambled,46,21,1,-0.083130888774192821,scrambled_array_coordinate
scrambled,1,22,1,0.041143592133028657,scrambled_array_coordinate
scrambled,36,22,1,-0.040846386348231047,scrambled_array_coordinate
scrambled,37,22,1,0.036594397272088512,scrambled_array_coordinate
scrambled,39,22,1,-0.03866079005479986,scrambled_array_coordinate
scrambled,41,22,1,0.037265474408930847,scrambled_array_coordinate
scrambled,46,22,1,-0.094040586021779435,scrambled_array_coordinate
scrambled,8,23,1,0.041627692611540749,scrambled_array_coordinate
scrambled,13,23,1,0.048422541578396427,scrambled_array_coordinate
scrambled,20,23,1,0.039291395742244509,scrambled_array_coordinate
scrambled,37,23,1,0.036393264857893161,scrambled_array_coordinate
scrambled,40,23,1,0.039019503394104281,scrambled_array_coordinate
scrambled,49,23,1,0.060087378098826506,scrambled_array_coordinate
scrambled,3,24,1,0.047735090305711575,scrambled_array_coordinate
scrambled,23,24,1,0.043643386416496552,scrambled_array_coordinate
scrambled,24,24,1,-0.041248936342485373,scrambled_array_coordinate
scrambled,26,24,1,-0.049999401427586548,scrambled_array_coordinate
scrambled,28,24,1,0.047705931246897718,scrambled_array_coordinate
scrambled,29,24,1,-0.037686237185168649,scrambled_array_coordinate
scrambled,48,24,1,0.042665437410365596,scrambled_array_coordinate
scrambled,1,25,1,-0.049423872980746332,scrambled_array_coordinate
scrambled,36,25,1,0.050670303543836913,scrambled_array_coordinate
scrambled,2,26,1,0.039003254245887409,scrambled_array_coordinate
scrambled,10,26,1,-0.049523783129139326,scrambled_array_coordinate
scrambled,20,26,1,0.08575808013583093,scrambled_array_coordinate
scrambled,30,26,1,0.039895763859558696,scrambled_array_coordinate
scrambled,37,26,1,0.038176962559116186,scrambled_array_coordinate
scrambled,38,26,1,0.036199557074082997,scrambled_array_coordinate
scrambled,46,26,1,0.059267794605178135,scrambled_array_coordinate
scrambled,0,27,1,0.045845852017108321,scrambled_array_coordinate
scrambled,1,27,1,0.043132351240887649,scrambled_array_coordinate
scrambled,15,27,1,0.043156831552849148,scrambled_array_coordinate
scrambled,18,27,1,-0.049461132668695458,scrambled_array_coordinate
scrambled,23,27,1,0.045669219096384141,scrambled_array_coordinate
scrambled,32,27,1,-0.039948423625360933,scrambled_array_coordinate
scrambled,35,27,1,-0.041056331629239391,scrambled_array_coordinate
scrambled,48,27,1,0.036249847346561614,scrambled_array_coordinate
scrambled,1,29,1,0.039062711339585068,scrambled_array_coordinate
scrambled,42,29,1,0.059815497841071902,scrambled_array_coordinate
scrambled,46,29,1,-0.071176476152341087,scrambled_array_coordinate
scrambled,47,29,1,0.036074023555838469,scrambled_array_coordinate
scrambled,0,30,1,0.060803850591202475,scrambled_array_coordinate
scrambled,5,30,1,0.040613921742476446,scrambled_array_coordinate
scrambled,20,30,1,-0.04221551929214306,scrambled_array_coordinate
scrambled,29,30,1,0.039149317408723877,scrambled_array_coordinate
scrambled,30,30,1,-0.044254165353031956,scrambled_array_coordinate
scrambled,40,30,1,-0.039721656736092584,scrambled_array_coordinate
scrambled,46,30,1,-0.058587725501447224,scrambled_array_coordinate
scrambled,1,31,1,0.063061929249426038,scrambled_array_coordinate
scrambled,2,31,1,0.046305090054706344,scrambled_array_coordinate
scrambled,10,31,1,-0.059181573910360961,scrambled_array_coordinate
scrambled,13,31,1,-0.037481287623034057,scrambled_array_coordinate
scrambled,24,31,1,0.060139152279217151,scrambled_array_coordinate
scrambled,27,31,1,0.042142109366116627,scrambled_array_coordinate
scrambled,37,31,1,0.057148897382156137,scrambled_array_coordinate
scrambled,40,31,1,-0.046487184001606251,scrambled_array_coordinate
scrambled,43,31,1,0.036793324121620313,scrambled_array_coordinate
scrambled,20,32,1,-0.0377660126468507,scrambled_array_coordinate
scrambled,29,32,1,0.041591033058702639,scrambled_array_coordinate
scrambled,30,32,1,-0.037485090781600575,scrambled_array_coordinate
scrambled,46,32,1,-0.079300851501117722,scrambled_array_coordinate
scrambled,0,33,1,0.055973589383470052,scrambled_array_coordinate
scrambled,15,33,1,0.038456054414084249,scrambled_array_coordinate
scrambled,2,34,1,0.036229745430081846,scrambled_array_coordinate
scrambled,5,34,1,0.042465652506617338,scrambled_array_coordinate
scrambled,36,34,1,0.042217209761457097,scrambled_array_coordinate
scrambled,41,34,1,-0.036321569550902197,scrambled_array_coordinate
scrambled,46,34,1,0.068687895258580003,scrambled_array_coordinate
scrambled,0,35,1,0.050969446311851602,scrambled_array_coordinate
scrambled,39,35,1,-0.051968365075359978,scrambled_array_coordinate
scrambled,46,35,1,-0.07156855932317463,scrambled_array_coordinate
scrambled,49,35,1,-0.039038576635582876,scrambled_array_coordinate
scrambled,37,36,1,-0.037385084192277367,scrambled_array_coordinate
scrambled,6,37,1,0.035834475855600158,scrambled_array_coordinate
scrambled,8,37,1,0.036437099891653182,scrambled_array_coordinate
scrambled,15,37,1,0.037753774040081012,scrambled_array_coordinate
scrambled,20,37,1,0.049164491605924697,scrambled_array_coordinate
scrambled,22,37,1,-0.036934772956233299,scrambled_array_coordinate
scrambled,41,37,1,-0.045904479859007627,scrambled_array_coordinate
scrambled,46,37,1,0.081574129219731131,scrambled_array_coordinate
scrambled,49,37,1,0.046348608803526155,scrambled_array_coordinate
scrambled,8,38,1,0.048813613221002118,scrambled_array_coordinate
scrambled,11,38,1,-0.043494514992822038,scrambled_array_coordinate
scrambled,20,38,1,0.048256594457419907,scrambled_array_coordinate
scrambled,22,38,1,-0.041701398123746979,scrambled_array_coordinate
scrambled,46,38,1,0.037890580954615692,scrambled_array_coordinate
scrambled,0,39,1,0.037560079523849592,scrambled_array_coordinate
scrambled,1,39,1,0.036997996452705545,scrambled_array_coordinate
scrambled,14,39,1,-0.043770199100686392,scrambled_array_coordinate
scrambled,15,39,1,0.047554799986702159,scrambled_array_coordinate
scrambled,28,39,1,0.057146969801625001,scrambled_array_coordinate
scrambled,41,39,1,-0.040590152220745961,scrambled_array_coordinate
scrambled,42,39,1,0.048394353022538486,scrambled_array_coordinate
scrambled,43,39,1,0.062930655278014724,scrambled_array_coordinate
scrambled,2,40,1,0.040254934416009414,scrambled_array_coordinate
scrambled,20,40,1,0.043872138205077529,scrambled_array_coordinate
scrambled,22,40,1,-0.047218768152158731,scrambled_array_coordinate
scrambled,39,40,1,0.038105324037645008,scrambled_array_coordinate
scrambled,46,40,1,0.061523005157056561,scrambled_array_coordinate
scrambled,1,41,1,-0.037060240266656677,scrambled_array_coordinate
scrambled,3,41,1,0.04273741644076974,scrambled_array_coordinate
scrambled,13,41,1,0.076734176548003658,scrambled_array_coordinate
scrambled,19,41,1,-0.036603667284794673,scrambled_array_coordinate
scrambled,21,41,1,-0.039367561244462342,scrambled_array_coordinate
scrambled,22,41,1,0.057972948759180007,scrambled_array_coordinate
scrambled,24,41,1,-0.057695939357631364,scrambled_array_coordinate
scrambled,26,41,1,-0.06094620205954461,scrambled_array_coordinate
scrambled,28,41,1,0.036355877825550949,scrambled_array_coordinate
scrambled,29,41,1,-0.039000479868760117,scrambled_array_coordinate
scrambled,41,41,1,-0.036586953129037855,scrambled_array_coordinate
scrambled,49,41,1,0.042082242267733751,scrambled_array_coordinate
scrambled,13,42,1,-0.054683472903119326,scrambled_array_coordinate
scrambled,26,42,1,0.037196740555778277,scrambled_array_coordinate
scrambled,28,42,1,-0.039411862775001513,scrambled_array_coordinate
scrambled,43,42,1,-0.037498946518686974,scrambled_array_coordinate
scrambled,49,42,1,-0.04017434096777725,scrambled_array_coordinate
scrambled,1,43,1,-0.090043575001155299,scrambled_array_coordinate
scrambled,2,43,1,-0.042409368130735585,scrambled_array_coordinate
scrambled,5,43,1,0.056909774452299583,scrambled_array_coordinate
scrambled,18,43,1,-0.03593251592515713,scrambled_array_coordinate
scrambled,20,43,1,-0.041258639019340342,scrambled_array_coordinate
scrambled,24,43,1,-0.045391216053679663,scrambled_array_coordinate
scrambled,25,43,1,-0.047018714727380631,scrambled_array_coordinate
scrambled,28,43,1,-0.045341034738196985,scrambled_array_coordinate
scrambled,35,43,1,-0.052644847091307859,scrambled_array_coordinate
scrambled,36,43,1,0.063639966044107377,scrambled_array_coordinate
scrambled,37,43,1,-0.059101118312778457,scrambled_array_coordinate
scrambled,41,43,1,-0.052161889428324268,scrambled_array_coordinate
scrambled,46,43,1,0.047725372404238096,scrambled_array_coordinate
scrambled,47,43,1,-0.04508345856950164,scrambled_array_coordinate
scrambled,1,44,1,0.049366841431344254,scrambled_array_coordinate
scrambled,2,44,1,0.049525142007839126,scrambled_array_coordinate
scrambled,3,44,1,-0.04252532190203287,scrambled_array_coordinate
scrambled,4,44,1,0.041913857031230017,scrambled_array_coordinate
scrambled,14,44,1,-0.042792318800934807,scrambled_array_coordinate
scrambled,15,44,1,0.037243614907580894,scrambled_array_coordinate
scrambled,20,44,1,0.062087740225934843,scrambled_array_coordinate
scrambled,22,44,1,-0.046744497180164955,scrambled_array_coordinate
scrambled,29,44,1,-0.037380324490551814,scrambled_array_coordinate
scrambled,38,44,1,0.0496262862967621,scrambled_array_coordinate
scrambled,41,44,1,-0.038429094549530585,scrambled_array_coordinate
scrambled,42,44,1,0.042883378412732653,scrambled_array_coordinate
scrambled,46,44,1,0.090370554508628201,scrambled_array_coordinate
scrambled,49,44,1,0.04070282980460295,scrambled_array_coordinate
scrambled,0,45,1,-0.056646704850989438,scrambled_array_coordinate
scrambled,4,45,1,0.044815432750857385,scrambled_array_coordinate
scrambled,13,45,1,0.041433609862678696,scrambled_array_coordinate
scrambled,20,45,1,0.036444164985078034,scrambled_array_coordinate
scrambled,41,45,1,-0.036017584617777612,scrambled_array_coordinate
scrambled,46,45,1,0.060637162409543886,scrambled_array_coordinate
scrambled,49,45,1,0.052723573345449908,scrambled_array_coordinate
scrambled,0,46,1,0.049303648861388903,scrambled_array_coordinate
scrambled,22,46,1,-0.047640364133229959,scrambled_array_coordinate
scrambled,1,48,1,-0.042262432492545389,scrambled_array_coordinate
scrambled,7,48,1,0.035942197885264406,scrambled_array_coordinate
scrambled,36,48,1,0.04107960576439644,scrambled_array_coordinate
scrambled,46,48,1,-0.039054271093958266,scrambled_array_coordinate
scrambled,5,49,1,0.040203731188135201,scrambled_array_coordinate
scrambled,13,49,1,-0.039115602494096249,scrambled_array_coordinate
scrambled,40,49,1,-0.036753020109399258,scrambled_array_coordinate
scrambled,0,0,2,0.040096272092568927,scrambled_array_coordinate
scrambled,5,0,2,-0.040987639662791106,scrambled_array_coordinate
scrambled,8,0,2,0.044494353051357488,scrambled_array_coordinate
scrambled,11,0,2,-0.060527288542988104,scrambled_array_coordinate
scrambled,20,0,2,0.075184841943841937,scrambled_array_coordinate
scrambled,22,0,2,-0.085369669126602848,scrambled_array_coordinate
scrambled,25,0,2,0.065738566116305977,scrambled_array_coordinate
scrambled,35,0,2,0.040370564631338014,scrambled_array_coordinate
scrambled,36,0,2,-0.040030189490253977,scrambled_array_coordinate
scrambled,42,0,2,0.056328427833794263,scrambled_array_coordinate
scrambled,49,1,2,0.03864229582893132,scrambled_array_coordinate
scrambled,0,2,2,-0.051212206377471731,scrambled_array_coordinate
scrambled,8,2,2,-0.044149214445764896,scrambled_array_coordinate
scrambled,20,2,2,-0.06385096195521979,scrambled_array_coordinate
scrambled,22,2,2,0.045690697735429713,scrambled_array_coordinate
scrambled,33,2,2,0.045092525829472561,scrambled_array_coordinate
scrambled,40,2,2,0.058225195715574933,scrambled_array_coordinate
scrambled,42,2,2,-0.043683477814100216,scrambled_array_coordinate
scrambled,6,3,2,-0.036363380229389182,scrambled_array_coordinate
scrambled,14,3,2,0.039021361022885531,scrambled_array_coordinate
scrambled,20,3,2,0.044179486821160255,scrambled_array_coordinate
scrambled,22,3,2,-0.050542719222760372,scrambled_array_coordinate
scrambled,24,3,2,-0.037487568440513937,scrambled_array_coordinate
scrambled,35,3,2,0.040569915945464378,scrambled_array_coordinate
scrambled,49,3,2,-0.037037169309167568,scrambled_array_coordinate
scrambled,13,4,2,0.044325682557158956,scrambled_array_coordinate
scrambled,18,4,2,-0.040267974353185618,scrambled_array_coordinate
scrambled,20,4,2,-0.037528875366945005,scrambled_array_coordinate
scrambled,23,4,2,0.063018449160216247,scrambled_array_coordinate
scrambled,24,4,2,-0.055428386865450062,scrambled_array_coordinate
scrambled,26,4,2,-0.076170001725304554,scrambled_array_coordinate
scrambled,29,4,2,-0.045736131107883347,scrambled_array_coordinate
scrambled,31,4,2,-0.037827887189382209,scrambled_array_coordinate
scrambled,48,4,2,0.044717677353632565,scrambled_array_coordinate
scrambled,49,4,2,-0.0427277157174204,scrambled_array_coordinate
scrambled,1,5,2,-0.043983165727633951,scrambled_array_coordinate
scrambled,13,5,2,-0.038585039254857345,scrambled_array_coordinate
scrambled,25,5,2,-0.041708458549882789,scrambled_array_coordinate
scrambled,26,5,2,0.036206916326101041,scrambled_array_coordinate
scrambled,42,5,2,-0.038171494007901798,scrambled_array_coordinate
scrambled,10,6,2,0.03586238890553145,scrambled_array_coordinate
scrambled,13,6,2,-0.036584156519296161,scrambled_array_coordinate
scrambled,20,6,2,0.042825614709901941,scrambled_array_coordinate
scrambled,27,6,2,-0.036080386542005988,scrambled_array_coordinate
scrambled,0,8,2,-0.051664151059360744,scrambled_array_coordinate
scrambled,8,8,2,-0.065145121344295093,scrambled_array_coordinate
scrambled,18,8,2,-0.051074096757988345,scrambled_array_coordinate
scrambled,20,8,2,-0.066242850785942886,scrambled_array_coordinate
scrambled,26,8,2,-0.057916505678978325,scrambled_array_coordinate
scrambled,29,8,2,-0.054202648237868564,scrambled_array_coordinate
scrambled,41,8,2,-0.04705108478065724,scrambled_array_coordinate
scrambled,48,8,2,0.048995977832237914,scrambled_array_coordinate
scrambled,49,8,2,-0.052893049514616111,scrambled_array_coordinate
scrambled,1,9,2,0.057208277281895911,scrambled_array_coordinate
scrambled,7,9,2,-0.036314089078750528,scrambled_array_coordinate
scrambled,13,9,2,0.047757954665325578,scrambled_array_coordinate
scrambled,15,9,2,0.037458336291479113,scrambled_array_coordinate
scrambled,22,9,2,0.038936554967585364,scrambled_array_coordinate
scrambled,8,10,2,-0.046272944709477126,scrambled_array_coordinate
scrambled,13,10,2,-0.036601966847032374,scrambled_array_coordinate
scrambled,22,10,2,0.036061919124426758,scrambled_array_coordinate
scrambled,42,10,2,-0.03826219391949702,scrambled_array_coordinate
scrambled,48,10,2,0.047921261079483704,scrambled_array_coordinate
scrambled,49,10,2,-0.049734636086129248,scrambled_array_coordinate
scrambled,14,11,2,-0.03701455850570793,scrambled_array_coordinate
scrambled,18,11,2,0.049242126426003965,scrambled_array_coordinate
scrambled,20,11,2,0.037036558521247445,scrambled_array_coordinate
scrambled,21,11,2,0.035902118357720905,scrambled_array_coordinate
scrambled,22,11,2,-0.058163743178356354,scrambled_array_coordinate
scrambled,23,11,2,-0.083635735704364916,scrambled_array_coordinate
scrambled,24,11,2,0.075341624139230484,scrambled_array_coordinate
scrambled,26,11,2,0.083826031076991395,scrambled_array_coordinate
scrambled,28,11,2,-0.047495338868227897,scrambled_array_coordinate
scrambled,29,11,2,0.047565062166346504,scrambled_array_coordinate
scrambled,31,11,2,0.04073161800517397,scrambled_array_coordinate
scrambled,39,11,2,-0.040583192721709731,scrambled_array_coordinate
scrambled,42,11,2,0.036334943459055982,scrambled_array_coordinate
scrambled,48,11,2,-0.066744621189169628,scrambled_array_coordinate
scrambled,49,11,2,0.055532794676554101,scrambled_array_coordinate
scrambled,2,12,2,-0.04221860664711985,scrambled_array_coordinate
scrambled,3,12,2,-0.036512063307500085,scrambled_array_coordinate
scrambled,4,12,2,0.039172802398637956,scrambled_array_coordinate
scrambled,20,12,2,0.042073213920993092,scrambled_array_coordinate
scrambled,30,12,2,0.039504810285203175,scrambled_array_coordinate
scrambled,33,12,2,-0.037697727470825344,scrambled_array_coordinate
scrambled,36,12,2,-0.04715782687797155,scrambled_array_coordinate
scrambled,3,13,2,0.039918398312334256,scrambled_array_coordinate
scrambled,7,13,2,0.037805055016084631,scrambled_array_coordinate
scrambled,11,13,2,0.061226483040833148,scrambled_array_coordinate
scrambled,20,13,2,-0.048403462849883144,scrambled_array_coordinate
scrambled,22,13,2,0.0857605150034252,scrambled_array_coordinate
scrambled,25,13,2,-0.068015738161076381,scrambled_array_coordinate
scrambled,31,13,2,-0.042199036569036695,scrambled_array_coordinate
scrambled,42,13,2,-0.060267471216207048,scrambled_array_coordinate
scrambled,48,13,2,0.046557909261416515,scrambled_array_coordinate
scrambled,0,14,2,0.05879625931282266,scrambled_array_coordinate
scrambled,1,14,2,0.040743869043739202,scrambled_array_coordinate
scrambled,7,14,2,-0.038290915660026119,scrambled_array_coordinate
scrambled,8,14,2,0.046603755694613246,scrambled_array_coordinate
scrambled,11,14,2,-0.04548478153537501,scrambled_array_coordinate
scrambled,14,14,2,0.045854981009786855,scrambled_array_coordinate
scrambled,17,14,2,0.036733988732646099,scrambled_array_coordinate
scrambled,20,14,2,0.082060392201789817,scrambled_array_coordinate
scrambled,22,14,2,-0.048188946047647306,scrambled_array_coordinate
scrambled,25,14,2,0.05148865095778124,scrambled_array_coordinate
scrambled,30,14,2,0.048506822265424424,scrambled_array_coordinate
scrambled,32,14,2,-0.046257406760406655,scrambled_array_coordinate
scrambled,36,14,2,-0.054333285488698667,scrambled_array_coordinate
scrambled,40,14,2,-0.05009594969435114,scrambled_array_coordinate
scrambled,41,14,2,0.042727544855984248,scrambled_array_coordinate
scrambled,42,14,2,0.044894522084417673,scrambled_array_coordinate
scrambled,44,14,2,0.038084317308041474,scrambled_array_coordinate
scrambled,3,15,2,0.051611914931853652,scrambled_array_coordinate
scrambled,4,15,2,-0.039858268157066022,scrambled_array_coordinate
scrambled,11,15,2,0.039391683089954325,scrambled_array_coordinate
scrambled,18,15,2,-0.041654959661251961,scrambled_array_coordinate
scrambled,20,15,2,-0.041075307374232928,scrambled_array_coordinate
scrambled,21,15,2,-0.043695121447949702,scrambled_array_coordinate
scrambled,22,15,2,0.077808144925592862,scrambled_array_coordinate
scrambled,23,15,2,0.068131446147974381,scrambled_array_coordinate
scrambled,24,15,2,-0.059177233063142556,scrambled_array_coordinate
scrambled,25,15,2,-0.05319921274723368,scrambled_array_coordinate
scrambled,26,15,2,-0.053460587340917798,scrambled_array_coordinate
scrambled,31,15,2,-0.045785101477448381,scrambled_array_coordinate
scrambled,42,15,2,-0.063663101044639236,scrambled_array_coordinate
scrambled,48,15,2,0.069965129745421323,scrambled_array_coordinate
scrambled,49,15,2,-0.049479697831990153,scrambled_array_coordinate
scrambled,0,16,2,-0.053117667180376499,scrambled_array_coordinate
scrambled,1,16,2,-0.075786391395929742,scrambled_array_coordinate
scrambled,3,16,2,0.043886817420706596,scrambled_array_coordinate
scrambled,4,16,2,-0.065127863352491419,scrambled_array_coordinate
scrambled,7,16,2,0.046751462836839841,scrambled_array_coordinate
scrambled,8,16,2,-0.057546673838769172,scrambled_array_coordinate
scrambled,10,16,2,0.039090290782036616,scrambled_array_coordinate
scrambled,13,16,2,-0.085039524244634429,scrambled_array_coordinate
scrambled,20,16,2,-0.073317470430650178,scrambled_array_coordinate
scrambled,21,16,2,-0.053333439403413792,scrambled_array_coordinate
scrambled,22,16,2,0.040868938349803312,scrambled_array_coordinate
scrambled,25,16,2,-0.085188030625650085,scrambled_array_coordinate
scrambled,27,16,2,-0.035928836886547209,scrambled_array_coordinate
scrambled,36,16,2,0.047133153822945834,scrambled_array_coordinate
scrambled,42,16,2,-0.069931333569454066,scrambled_array_coordinate
scrambled,48,16,2,0.046479371918853485,scrambled_array_coordinate
scrambled,49,16,2,-0.061935637219300989,scrambled_array_coordinate
scrambled,20,18,2,0.048766628480978715,scrambled_array_coordinate
scrambled,22,18,2,-0.060343734031262676,scrambled_array_coordinate
scrambled,25,18,2,0.049313531200157495,scrambled_array_coordinate
scrambled,42,18,2,0.038259068603336027,scrambled_array_coordinate
scrambled,1,19,2,-0.049448104620628562,scrambled_array_coordinate
scrambled,7,19,2,0.038416073783715442,scrambled_array_coordinate
scrambled,8,19,2,-0.036770950501503731,scrambled_array_coordinate
scrambled,15,19,2,-0.036376615498340752,scrambled_array_coordinate
scrambled,16,19,2,-0.037042368584462124,scrambled_array_coordinate
scrambled,19,19,2,0.03756259619958021,scrambled_array_coordinate
scrambled,20,19,2,-0.066220256269041086,scrambled_array_coordinate
scrambled,25,19,2,-0.043037199101916994,scrambled_array_coordinate
scrambled,30,19,2,-0.042161694300598969,scrambled_array_coordinate
scrambled,1,20,2,-0.049159080360306501,scrambled_array_coordinate
scrambled,10,20,2,0.036798631872488025,scrambled_array_coordinate
scrambled,13,20,2,-0.057780724773066533,scrambled_array_coordinate
scrambled,22,20,2,-0.04752287914392047,scrambled_array_coordinate
scrambled,2,21,2,-0.037248715085309581,scrambled_array_coordinate
scrambled,3,21,2,-0.052212202022708293,scrambled_array_coordinate
scrambled,6,21,2,0.03800669895590994,scrambled_array_coordinate
scrambled,17,21,2,0.036949037655556412,scrambled_array_coordinate
scrambled,20,21,2,0.040287861814273511,scrambled_array_coordinate
scrambled,22,21,2,-0.049713159502521552,scrambled_array_coordinate
scrambled,25,21,2,0.03909007155713462,scrambled_array_coordinate
scrambled,30,21,2,0.042548189677960591,scrambled_array_coordinate
scrambled,33,21,2,-0.037097558331060397,scrambled_array_coordinate
scrambled,36,21,2,-0.053113612104813114,scrambled_array_coordinate
scrambled,43,21,2,0.036725407768782345,scrambled_array_coordinate
scrambled,1,22,2,0.045829408405845151,scrambled_array_coordinate
scrambled,3,22,2,-0.043040421435018579,scrambled_array_coordinate
scrambled,4,22,2,0.040838431058829554,scrambled_array_coordinate
scrambled,13,22,2,0.037879745683777923,scrambled_array_coordinate
scrambled,25,22,2,0.051647818675578543,scrambled_array_coordinate
scrambled,42,22,2,0.042994398286750363,scrambled_array_coordinate
scrambled,1,23,2,0.051735997686379306,scrambled_array_coordinate
scrambled,3,23,2,-0.043061085034837472,scrambled_array_coordinate
scrambled,5,23,2,-0.038730263275663722,scrambled_array_coordinate
scrambled,6,23,2,0.03864834064588947,scrambled_array_coordinate
scrambled,7,23,2,-0.041971681447176237,scrambled_array_coordinate
scrambled,9,23,2,-0.048939229130963123,scrambled_array_coordinate
scrambled,13,23,2,0.044389745573359701,scrambled_array_coordinate
scrambled,25,23,2,0.054523687434961644,scrambled_array_coordinate
scrambled,36,23,2,-0.046767679269297896,scrambled_array_coordinate
scrambled,38,23,2,-0.042033270084501174,scrambled_array_coordinate
scrambled,40,23,2,0.053940573570143702,scrambled_array_coordinate
scrambled,1,24,2,0.040424140406134783,scrambled_array_coordinate
scrambled,3,24,2,0.054446297098400577,scrambled_array_coordinate
scrambled,5,24,2,0.048919495132265733,scrambled_array_coordinate
scrambled,10,24,2,-0.065759574697530146,scrambled_array_coordinate
scrambled,11,24,2,0.077829245163819213,scrambled_array_coordinate
scrambled,14,24,2,0.047797201442999641,scrambled_array_coordinate
scrambled,15,24,2,0.066139063573121742,scrambled_array_coordinate
scrambled,18,24,2,-0.065964617308944651,scrambled_array_coordinate
scrambled,19,24,2,-0.053075601534614908,scrambled_array_coordinate
scrambled,20,24,2,-0.039602624026370423,scrambled_array_coordinate
scrambled,21,24,2,-0.045605535980381105,scrambled_array_coordinate
scrambled,22,24,2,0.12453029511525271,scrambled_array_coordinate
scrambled,23,24,2,0.11720196089267779,scrambled_array_coordinate
scrambled,24,24,2,-0.061696596636388962,scrambled_array_coordinate
scrambled,25,24,2,-0.057139224430379477,scrambled_array_coordinate
scrambled,26,24,2,-0.091067257953287406,scrambled_array_coordinate
scrambled,28,24,2,0.059117337299274132,scrambled_array_coordinate
scrambled,31,24,2,-0.074371957500379629,scrambled_array_coordinate
scrambled,32,24,2,-0.051662537488390753,scrambled_array_coordinate
scrambled,39,24,2,0.041201042753689569,scrambled_array_coordinate
scrambled,40,24,2,-0.064943410565080975,scrambled_array_coordinate
scrambled,42,24,2,-0.063465752812542242,scrambled_array_coordinate
scrambled,47,24,2,-0.044837253056224519,scrambled_array_coordinate
scrambled,48,24,2,0.0888886027408161,scrambled_array_coordinate
scrambled,49,24,2,-0.058791374112940289,scrambled_array_coordinate
scrambled,1,25,2,-0.063223707779815244,scrambled_array_coordinate
scrambled,4,25,2,-0.040459204628076985,scrambled_array_coordinate
scrambled,6,25,2,-0.044546508216644437,scrambled_array_coordinate
scrambled,10,25,2,0.052442064248985107,scrambled_array_coordinate
scrambled,15,25,2,-0.047283753057647496,scrambled_array_coordinate
scrambled,19,25,2,0.039346183018034379,scrambled_array_coordinate
scrambled,20,25,2,-0.046714130505867382,scrambled_array_coordinate
scrambled,30,25,2,-0.066564914154950167,scrambled_array_coordinate
scrambled,32,25,2,0.047504540493140443,scrambled_array_coordinate
scrambled,36,25,2,0.036387507666393412,scrambled_array_coordinate
scrambled,48,25,2,-0.043215384002019644,scrambled_array_coordinate
scrambled,11,26,2,-0.047222446646322615,scrambled_array_coordinate
scrambled,20,26,2,0.041688406245629639,scrambled_array_coordinate
scrambled,22,26,2,-0.048347449863179966,scrambled_array_coordinate
scrambled,33,26,2,-0.04455913308195792,scrambled_array_coordinate
scrambled,42,26,2,0.047194040040246965,scrambled_array_coordinate
scrambled,13,27,2,-0.038738691085140567,scrambled_array_coordinate
scrambled,49,27,2,-0.039814295892185068,scrambled_array_coordinate
scrambled,22,28,2,-0.045143662151687476,scrambled_array_coordinate
scrambled,1,29,2,0.060837158956736581,scrambled_array_coordinate
scrambled,7,29,2,-0.036091100739621983,scrambled_array_coordinate
scrambled,10,29,2,-0.037497189831821938,scrambled_array_coordinate
scrambled,13,29,2,0.037654579407826426,scrambled_array_coordinate
scrambled,20,29,2,0.055848438557920342,scrambled_array_coordinate
scrambled,25,29,2,0.049182504724042314,scrambled_array_coordinate
scrambled,1,30,2,-0.087793540373968054,scrambled_array_coordinate
scrambled,6,30,2,-0.05714954274376681,scrambled_array_coordinate
scrambled,7,30,2,0.049076783801308338,scrambled_array_coordinate
scrambled,9,30,2,0.04458307808298477,scrambled_array_coordinate
scrambled,10,30,2,0.060601126853433093,scrambled_array_coordinate
scrambled,13,30,2,-0.082341991281568536,scrambled_array_coordinate
scrambled,15,30,2,-0.036503359326483166,scrambled_array_coordinate
scrambled,22,30,2,-0.091352157206564949,scrambled_array_coordinate
scrambled,23,30,2,-0.062211482804080794,scrambled_array_coordinate
scrambled,25,30,2,-0.041185164136762258,scrambled_array_coordinate
scrambled,26,30,2,0.044054134482066812,scrambled_array_coordinate
scrambled,28,30,2,-0.055516803434519535,scrambled_array_coordinate
scrambled,33,30,2,-0.052455983736444396,scrambled_array_coordinate
scrambled,34,30,2,-0.044062001801537617,scrambled_array_coordinate
scrambled,36,30,2,0.036445929142110652,scrambled_array_coordinate
scrambled,40,30,2,-0.037224150221982014,scrambled_array_coordinate
scrambled,41,30,2,-0.03692404712471016,scrambled_array_coordinate
scrambled,20,33,2,0.036828201089890995,scrambled_array_coordinate
scrambled,25,33,2,0.043131130129486328,scrambled_array_coordinate
scrambled,1,34,2,-0.03987975872623023,scrambled_array_coordinate
scrambled,13,34,2,-0.06018288148201402,scrambled_array_coordinate
scrambled,42,34,2,-0.037704297774307741,scrambled_array_coordinate
scrambled,22,37,2,-0.043154704200126917,scrambled_array_coordinate
scrambled,33,37,2,-0.036238337482320963,scrambled_array_coordinate
scrambled,42,37,2,0.03603924384651324,scrambled_array_coordinate
scrambled,0,38,2,0.037863290032221171,scrambled_array_coordinate
scrambled,20,38,2,0.065992177926871065,scrambled_array_coordinate
scrambled,22,38,2,-0.038971899307687609,scrambled_array_coordinate
scrambled,40,38,2,-0.035901086031892106,scrambled_array_coordinate
scrambled,1,39,2,0.052621406216196639,scrambled_array_coordinate
scrambled,3,39,2,-0.044309816729312605,scrambled_array_coordinate
scrambled,6,39,2,0.043482844819752474,scrambled_array_coordinate
scrambled,13,39,2,0.050563554992068854,scrambled_array_coordinate
scrambled,18,39,2,-0.052791373222072044,scrambled_array_coordinate
scrambled,23,39,2,0.059548025394378076,scrambled_array_coordinate
scrambled,24,39,2,-0.041192371689487216,scrambled_array_coordinate
scrambled,25,39,2,0.059177570891286946,scrambled_array_coordinate
scrambled,26,39,2,-0.063202605914810514,scrambled_array_coordinate
scrambled,36,39,2,-0.043682693081087298,scrambled_array_coordinate
scrambled,48,39,2,0.038661696235805697,scrambled_array_coordinate
scrambled,6,40,2,-0.053082612491794981,scrambled_array_coordinate
scrambled,10,40,2,0.041727389944228602,scrambled_array_coordinate
scrambled,18,40,2,0.038454523522573142,scrambled_array_coordinate
scrambled,43,40,2,-0.038854966836974952,scrambled_array_coordinate
scrambled,1,41,2,0.088068856225762313,scrambled_array_coordinate
scrambled,5,41,2,-0.037849801729704598,scrambled_array_coordinate
scrambled,6,41,2,0.064022738156973721,scrambled_array_coordinate
scrambled,7,41,2,-0.045295416533892928,scrambled_array_coordinate
scrambled,9,41,2,-0.047369831336101946,scrambled_array_coordinate
scrambled,10,41,2,-0.040936251415678179,scrambled_array_coordinate
scrambled,13,41,2,0.055214048869667076,scrambled_array_coordinate
scrambled,18,41,2,-0.075467138413398735,scrambled_array_coordinate
scrambled,22,41,2,0.058753528301866129,scrambled_array_coordinate
scrambled,23,41,2,0.075235517200984023,scrambled_array_coordinate
scrambled,24,41,2,-0.07382168520116289,scrambled_array_coordinate
scrambled,25,41,2,0.053614923447004165,scrambled_array_coordinate
scrambled,26,41,2,-0.065589003360683393,scrambled_array_coordinate
scrambled,28,41,2,0.064246901446533264,scrambled_array_coordinate
scrambled,29,41,2,-0.049828534917874222,scrambled_array_coordinate
scrambled,30,41,2,0.066505737140211449,scrambled_array_coordinate
scrambled,31,41,2,-0.067926945172328446,scrambled_array_coordinate
scrambled,32,41,2,-0.059880594105942396,scrambled_array_coordinate
scrambled,34,41,2,0.050800515863469654,scrambled_array_coordinate
scrambled,36,41,2,-0.064755139628880048,scrambled_array_coordinate
scrambled,38,41,2,-0.036210899479205597,scrambled_array_coordinate
scrambled,48,41,2,0.078931664281869748,scrambled_array_coordinate
scrambled,49,41,2,-0.046415462365551427,scrambled_array_coordinate
scrambled,1,42,2,-0.088768726231743214,scrambled_array_coordinate
scrambled,3,42,2,0.0473818001789739,scrambled_array_coordinate
scrambled,4,42,2,-0.063060765646863789,scrambled_array_coordinate
scrambled,5,42,2,0.045515278418961982,scrambled_array_coordinate
scrambled,6,42,2,-0.05743206935529762,scrambled_array_coordinate
scrambled,7,42,2,0.042608221557444599,scrambled_array_coordinate
scrambled,9,42,2,0.061776332974954412,scrambled_array_coordinate
scrambled,10,42,2,0.042610541427073906,scrambled_array_coordinate
scrambled,13,42,2,-0.061693858717891355,scrambled_array_coordinate
scrambled,18,42,2,0.056509771799547595,scrambled_array_coordinate
scrambled,23,42,2,-0.039556812307289524,scrambled_array_coordinate
scrambled,24,42,2,0.039539936078202428,scrambled_array_coordinate
scrambled,25,42,2,-0.057568744677355337,scrambled_array_coordinate
scrambled,26,42,2,0.051601075769401275,scrambled_array_coordinate
scrambled,28,42,2,-0.039607851356162113,scrambled_array_coordinate
scrambled,29,42,2,0.046192740761754711,scrambled_array_coordinate
scrambled,31,42,2,0.042976027409421413,scrambled_array_coordinate
scrambled,36,42,2,0.057999208972361209,scrambled_array_coordinate
scrambled,38,42,2,0.046501332435474961,scrambled_array_coordinate
scrambled,40,42,2,-0.04504244786708584,scrambled_array_coordinate
scrambled,48,42,2,-0.045226550448208648,scrambled_array_coordinate
scrambled,0,43,2,-0.055703390770852582,scrambled_array_coordinate
scrambled,1,43,2,-0.08352339697490975,scrambled_array_coordinate
scrambled,4,43,2,-0.051561011442719434,scrambled_array_coordinate
scrambled,7,43,2,0.059098136435706501,scrambled_array_coordinate
scrambled,8,43,2,-0.062691514916876301,scrambled_array_coordinate
scrambled,10,43,2,0.043764755138477586,scrambled_array_coordinate
scrambled,13,43,2,-0.068952326176310696,scrambled_array_coordinate
scrambled,15,43,2,-0.04891358614450559,scrambled_array_coordinate
scrambled,16,43,2,-0.04196300267983305,scrambled_array_coordinate
scrambled,20,43,2,-0.10009408905498901,scrambled_array_coordinate
scrambled,21,43,2,-0.041437460741572972,scrambled_array_coordinate
scrambled,25,43,2,-0.088288537686048899,scrambled_array_coordinate
scrambled,30,43,2,-0.042920562960070685,scrambled_array_coordinate
scrambled,36,43,2,0.054453935394670194,scrambled_array_coordinate
scrambled,40,43,2,0.038290957206777089,scrambled_array_coordinate
scrambled,42,43,2,-0.062670773188401724,scrambled_array_coordinate
scrambled,49,43,2,-0.070397346171861913,scrambled_array_coordinate
scrambled,11,44,2,-0.051384845669822245,scrambled_array_coordinate
scrambled,22,44,2,-0.053871798015671074,scrambled_array_coordinate
scrambled,23,44,2,-0.048537943546022796,scrambled_array_coordinate
scrambled,26,44,2,0.046674263153462889,scrambled_array_coordinate
scrambled,48,44,2,-0.048368466875475781,scrambled_array_coordinate
scrambled,1,45,2,0.060359990858132803,scrambled_array_coordinate
scrambled,3,45,2,-0.057463133505375665,scrambled_array_coordinate
scrambled,4,45,2,0.050768625605677811,scrambled_array_coordinate
scrambled,6,45,2,0.037024559576647471,scrambled_array_coordinate
scrambled,7,45,2,-0.037702476702577682,scrambled_array_coordinate
scrambled,10,45,2,-0.036098358670862536,scrambled_array_coordinate
scrambled,13,45,2,0.05956810499311406,scrambled_array_coordinate
scrambled,25,45,2,0.067899618987439458,scrambled_array_coordinate
scrambled,36,45,2,-0.052923960004880088,scrambled_array_coordinate
scrambled,38,45,2,-0.036675905107154315,scrambled_array_coordinate
scrambled,42,45,2,0.035987891963443458,scrambled_array_coordinate
scrambled,6,47,2,0.048327880812443422,scrambled_array_coordinate
scrambled,13,47,2,-0.050274568723005682,scrambled_array_coordinate
scrambled,22,47,2,0.053148265855936912,scrambled_array_coordinate
scrambled,25,47,2,-0.044117337192511014,scrambled_array_coordinate
scrambled,26,47,2,0.040701514804196447,scrambled_array_coordinate
scrambled,27,47,2,-0.050409215099725048,scrambled_array_coordinate
scrambled,30,47,2,0.046977593006160605,scrambled_array_coordinate
scrambled,42,47,2,-0.054089842211938091,scrambled_array_coordinate
scrambled,30,48,2,-0.041466787294397879,scrambled_array_coordinate
scrambled,1,49,2,-0.057883284263477795,scrambled_array_coordinate
scrambled,6,49,2,-0.036815156592882654,scrambled_array_coordinate
scrambled,9,49,2,0.036236444961808896,scrambled_array_coordinate
scrambled,10,49,2,0.054079111262275222,scrambled_array_coordinate
scrambled,13,49,2,-0.065505424393400888,scrambled_array_coordinate
scrambled,22,49,2,-0.067516457768827462,scrambled_array_coordinate
scrambled,24,0,3,0.053275933452470524,scrambled_array_coordinate
scrambled,29,0,3,0.041733467480355488,scrambled_array_coordinate
scrambled,46,0,3,-0.049920961632632439,scrambled_array_coordinate
scrambled,47,0,3,0.046187229509682279,scrambled_array_coordinate
scrambled,0,1,3,-0.066466190302858122,scrambled_array_coordinate
scrambled,1,1,3,-0.037576039168142471,scrambled_array_coordinate
scrambled,8,1,3,0.043296657721193746,scrambled_array_coordinate
scrambled,10,1,3,0.039374817648060348,scrambled_array_coordinate
scrambled,15,1,3,-0.05775310925396742,scrambled_array_coordinate
scrambled,23,1,3,-0.046197607785700222,scrambled_array_coordinate
scrambled,28,1,3,-0.067990415136763752,scrambled_array_coordinate
scrambled,29,1,3,0.039269556966968967,scrambled_array_coordinate
scrambled,1,2,3,0.04680005600721214,scrambled_array_coordinate
scrambled,6,2,3,0.043407153248209311,scrambled_array_coordinate
scrambled,8,2,3,-0.03748488469116245,scrambled_array_coordinate
scrambled,10,2,3,-0.058394138521739754,scrambled_array_coordinate
scrambled,15,2,3,0.054889583610912111,scrambled_array_coordinate
scrambled,22,2,3,0.043184823324004001,scrambled_array_coordinate
scrambled,23,2,3,0.04517989092352561,scrambled_array_coordinate
scrambled,28,2,3,0.052925594063457516,scrambled_array_coordinate
scrambled,40,2,3,-0.042606906180337321,scrambled_array_coordinate
scrambled,43,2,3,0.039970583948861979,scrambled_array_coordinate
scrambled,2,3,3,-0.03919119483513727,scrambled_array_coordinate
scrambled,28,3,3,-0.042612034884638494,scrambled_array_coordinate
scrambled,29,3,3,0.037998429203293292,scrambled_array_coordinate
scrambled,46,3,3,-0.058566970518929763,scrambled_array_coordinate
scrambled,2,6,3,-0.04240558355180047,scrambled_array_coordinate
scrambled,13,6,3,0.058962225899944556,scrambled_array_coordinate
scrambled,0,7,3,0.04454871968527168,scrambled_array_coordinate
scrambled,2,7,3,0.052948395217260892,scrambled_array_coordinate
scrambled,4,7,3,-0.043246219069838956,scrambled_array_coordinate
scrambled,8,7,3,-0.036855035369346777,scrambled_array_coordinate
scrambled,10,7,3,0.037571776238946926,scrambled_array_coordinate
scrambled,13,7,3,-0.099883655610335506,scrambled_array_coordinate
scrambled,14,7,3,-0.03919292762133901,scrambled_array_coordinate
scrambled,18,7,3,0.056095370562442001,scrambled_array_coordinate
scrambled,19,7,3,0.063453839356457237,scrambled_array_coordinate
scrambled,24,7,3,0.053876610419123491,scrambled_array_coordinate
scrambled,25,7,3,-0.055740746642389795,scrambled_array_coordinate
scrambled,30,7,3,-0.038301218424975268,scrambled_array_coordinate
scrambled,32,7,3,0.041585790703005547,scrambled_array_coordinate
scrambled,48,7,3,-0.039466368866775813,scrambled_array_coordinate
scrambled,0,8,3,-0.051322712093535991,scrambled_array_coordinate
scrambled,1,8,3,-0.098376357005851206,scrambled_array_coordinate
scrambled,2,8,3,-0.044497972934964193,scrambled_array_coordinate
scrambled,8,8,3,0.03939298396414681,scrambled_array_coordinate
scrambled,13,8,3,0.062718328975421414,scrambled_array_coordinate
scrambled,15,8,3,-0.049804160189255153,scrambled_array_coordinate
scrambled,17,8,3,0.036127433405037802,scrambled_array_coordinate
scrambled,24,8,3,-0.058092870885635015,scrambled_array_coordinate
scrambled,27,8,3,-0.043271018110546067,scrambled_array_coordinate
scrambled,28,8,3,-0.057174731865436063,scrambled_array_coordinate
scrambled,33,8,3,-0.061369490142391653,scrambled_array_coordinate
scrambled,36,8,3,0.03588039129726267,scrambled_array_coordinate
scrambled,41,8,3,-0.036602458537884998,scrambled_array_coordinate
scrambled,42,8,3,-0.07629426144573638,scrambled_array_coordinate
scrambled,44,8,3,-0.051495662394113184,scrambled_array_coordinate
scrambled,13,9,3,0.038503081889228317,scrambled_array_coordinate
scrambled,25,10,3,-0.040886970074395193,scrambled_array_coordinate
scrambled,6,11,3,-0.041747099838962805,scrambled_array_coordinate
scrambled,8,11,3,0.036680632761616136,scrambled_array_coordinate
scrambled,10,11,3,0.05207057106969136,scrambled_array_coordinate
scrambled,15,11,3,-0.052662547275660263,scrambled_array_coordinate
scrambled,22,11,3,-0.038976415337026261,scrambled_array_coordinate
scrambled,23,11,3,-0.039596507463637652,scrambled_array_coordinate
scrambled,28,11,3,-0.050929302789987502,scrambled_array_coordinate
scrambled,29,11,3,0.036351783448916666,scrambled_array_coordinate
scrambled,35,11,3,0.036277849482674991,scrambled_array_coordinate
scrambled,40,11,3,0.041488136912453823,scrambled_array_coordinate
scrambled,43,11,3,-0.042071463667033147,scrambled_array_coordinate
scrambled,11,12,3,-0.037078666610542176,scrambled_array_coordinate
scrambled,13,12,3,-0.037614752113465127,scrambled_array_coordinate
scrambled,19,12,3,0.038194986657416045,scrambled_array_coordinate
scrambled,22,12,3,-0.055194534227448536,scrambled_array_coordinate
scrambled,46,12,3,0.040495711602570234,scrambled_array_coordinate
scrambled,1,13,3,0.041786739473735096,scrambled_array_coordinate
scrambled,8,13,3,-0.055122801072682387,scrambled_array_coordinate
scrambled,20,13,3,-0.050934353982395722,scrambled_array_coordinate
scrambled,33,13,3,0.037149228495064746,scrambled_array_coordinate
scrambled,49,13,3,-0.062851402327847264,scrambled_array_coordinate
scrambled,20,14,3,0.03928092153329945,scrambled_array_coordinate
scrambled,47,14,3,0.035926859133482543,scrambled_array_coordinate
scrambled,1,15,3,0.05955969813560056,scrambled_array_coordinate
scrambled,6,15,3,0.044389609287153582,scrambled_array_coordinate
scrambled,7,15,3,-0.037105509845047298,scrambled_array_coordinate
scrambled,10,15,3,-0.052211783258859543,scrambled_array_coordinate
scrambled,13,15,3,0.05709590843247396,scrambled_array_coordinate
scrambled,18,15,3,-0.040742979540852806,scrambled_array_coordinate
scrambled,19,15,3,-0.040683158855050507,scrambled_array_coordinate
scrambled,22,15,3,0.081260645802495229,scrambled_array_coordinate
scrambled,23,15,3,0.05969511935565807,scrambled_array_coordinate
scrambled,26,15,3,-0.049557631167009605,scrambled_array_coordinate
scrambled,28,15,3,0.042298671319914931,scrambled_array_coordinate
scrambled,31,15,3,-0.046071115892402627,scrambled_array_coordinate
scrambled,32,15,3,-0.038991286724946735,scrambled_array_coordinate
scrambled,34,15,3,0.036937280710026665,scrambled_array_coordinate
scrambled,36,15,3,-0.043265542820335914,scrambled_array_coordinate
scrambled,48,15,3,0.043977927241818607,scrambled_array_coordinate
scrambled,1,16,3,-0.074581533455236354,scrambled_array_coordinate
scrambled,4,16,3,-0.042561525120094895,scrambled_array_coordinate
scrambled,7,16,3,0.041990794324598617,scrambled_array_coordinate
scrambled,10,16,3,0.037355750705973606,scrambled_array_coordinate
scrambled,15,16,3,-0.043926536211140975,scrambled_array_coordinate
scrambled,20,16,3,-0.086602954940075361,scrambled_array_coordinate
scrambled,25,16,3,-0.056653235054225398,scrambled_array_coordinate
scrambled,28,16,3,-0.046954590811686125,scrambled_array_coordinate
scrambled,30,16,3,-0.052256148714977822,scrambled_array_coordinate
scrambled,36,16,3,0.042160728871979129,scrambled_array_coordinate
scrambled,42,16,3,-0.048509539169962271,scrambled_array_coordinate
scrambled,49,16,3,-0.037375643563649412,scrambled_array_coordinate
scrambled,0,17,3,-0.040148597075160629,scrambled_array_coordinate
scrambled,1,17,3,0.056144671291826591,scrambled_array_coordinate
scrambled,2,17,3,-0.052743691197199377,scrambled_array_coordinate
scrambled,5,17,3,-0.043378072230342853,scrambled_array_coordinate
scrambled,12,17,3,0.03789128197308024,scrambled_array_coordinate
scrambled,13,17,3,0.072545822371784058,scrambled_array_coordinate
scrambled,14,17,3,0.058348273924161836,scrambled_array_coordinate
scrambled,18,17,3,-0.045874297560342919,scrambled_array_coordinate
scrambled,19,17,3,-0.063408572421671236,scrambled_array_coordinate
scrambled,21,17,3,0.036263609797374655,scrambled_array_coordinate
scrambled,22,17,3,0.042689067589142107,scrambled_array_coordinate
scrambled,24,17,3,-0.042071429273518077,scrambled_array_coordinate
scrambled,25,17,3,0.083311721704133937,scrambled_array_coordinate
scrambled,27,17,3,-0.045202680629023752,scrambled_array_coordinate
scrambled,32,17,3,-0.04125744118707398,scrambled_array_coordinate
scrambled,40,17,3,0.046819881019835037,scrambled_array_coordinate
scrambled,45,17,3,-0.048824020171071028,scrambled_array_coordinate
scrambled,46,17,3,-0.07368301300626677,scrambled_array_coordinate
scrambled,1,18,3,-0.03844701182399602,scrambled_array_coordinate
scrambled,8,18,3,0.037888518894431789,scrambled_array_coordinate
scrambled,23,18,3,-0.052071397600228497,scrambled_array_coordinate
scrambled,28,18,3,-0.050524211537811087,scrambled_array_coordinate
scrambled,4,19,3,-0.044302178251069448,scrambled_array_coordinate
scrambled,8,19,3,-0.040077335034849497,scrambled_array_coordinate
scrambled,13,19,3,-0.072185258021560395,scrambled_array_coordinate
scrambled,20,19,3,-0.039709514475136723,scrambled_array_coordinate
scrambled,24,19,3,0.046711655055389038,scrambled_array_coordinate
scrambled,1,20,3,-0.057425787428718102,scrambled_array_coordinate
scrambled,23,20,3,-0.038442999773746309,scrambled_array_coordinate
scrambled,25,20,3,-0.036639632226267767,scrambled_array_coordinate
scrambled,26,20,3,0.038432395188401421,scrambled_array_coordinate
scrambled,1,21,3,0.062110107645703905,scrambled_array_coordinate
scrambled,2,21,3,-0.064959840875852284,scrambled_array_coordinate
scrambled,4,21,3,0.047332947774310394,scrambled_array_coordinate
scrambled,5,21,3,-0.054649254783157387,scrambled_array_coordinate
scrambled,13,21,3,0.097894559646663992,scrambled_array_coordinate
scrambled,14,21,3,0.040695709633643676,scrambled_array_coordinate
scrambled,18,21,3,-0.054509808126621283,scrambled_array_coordinate
scrambled,19,21,3,-0.058639873402975599,scrambled_array_coordinate
scrambled,22,21,3,0.04019885011795031,scrambled_array_coordinate
scrambled,24,21,3,-0.049930335138126593,scrambled_array_coordinate
scrambled,25,21,3,0.086446944981008064,scrambled_array_coordinate
scrambled,27,21,3,-0.052433882069966228,scrambled_array_coordinate
scrambled,31,21,3,-0.053755958763816267,scrambled_array_coordinate
scrambled,32,21,3,-0.052577357245635878,scrambled_array_coordinate
scrambled,33,21,3,-0.042545135275158061,scrambled_array_coordinate
scrambled,36,21,3,-0.049558827279300978,scrambled_array_coordinate
scrambled,45,21,3,-0.037133406758089758,scrambled_array_coordinate
scrambled,46,21,3,-0.06536156610829387,scrambled_array_coordinate
scrambled,36,22,3,-0.037974622164160587,scrambled_array_coordinate
scrambled,41,22,3,0.037457151287465622,scrambled_array_coordinate
scrambled,46,22,3,-0.081370072072862606,scrambled_array_coordinate
scrambled,2,23,3,-0.042845058021083612,scrambled_array_coordinate
scrambled,13,23,3,0.042902369978032817,scrambled_array_coordinate
scrambled,19,23,3,-0.038773829036416685,scrambled_array_coordinate
scrambled,25,23,3,0.0365536106994961,scrambled_array_coordinate
scrambled,0,24,3,-0.035862049474470192,scrambled_array_coordinate
scrambled,20,24,3,-0.047042124600347263,scrambled_array_coordinate
scrambled,21,24,3,-0.038905934531857582,scrambled_array_coordinate
scrambled,24,24,3,-0.050540750633079265,scrambled_array_coordinate
scrambled,26,24,3,-0.036978040228118292,scrambled_array_coordinate
scrambled,29,24,3,-0.050539081292568851,scrambled_array_coordinate
scrambled,42,24,3,-0.038516044605885473,scrambled_array_coordinate
scrambled,46,24,3,0.061629219522053628,scrambled_array_coordinate
scrambled,47,24,3,-0.041180629022899533,scrambled_array_coordinate
scrambled,6,25,3,-0.038791582580523558,scrambled_array_coordinate
scrambled,7,25,3,0.040432716630111554,scrambled_array_coordinate
scrambled,9,25,3,0.036600673763772046,scrambled_array_coordinate
scrambled,13,25,3,-0.040069257690362882,scrambled_array_coordinate
scrambled,24,25,3,0.04742339713175775,scrambled_array_coordinate
scrambled,26,25,3,0.038276947692505975,scrambled_array_coordinate
scrambled,28,25,3,-0.05612198994794175,scrambled_array_coordinate
scrambled,29,25,3,0.049902370250422635,scrambled_array_coordinate
scrambled,30,25,3,-0.042289282425418885,scrambled_array_coordinate
scrambled,46,25,3,-0.038815587001878545,scrambled_array_coordinate
scrambled,1,26,3,0.047538399352525081,scrambled_array_coordinate
scrambled,25,26,3,0.046913763784724352,scrambled_array_coordinate
scrambled,42,26,3,0.03876160865465892,scrambled_array_coordinate
scrambled,46,26,3,-0.036806347224082187,scrambled_array_coordinate
scrambled,4,27,3,0.052812709869511983,scrambled_array_coordinate
scrambled,6,27,3,0.057381201603612902,scrambled_array_coordinate
scrambled,10,27,3,-0.063112440289187166,scrambled_array_coordinate
scrambled,13,27,3,0.069323479357225992,scrambled_array_coordinate
scrambled,18,27,3,-0.049101324414253536,scrambled_array_coordinate
scrambled,22,27,3,0.043045022459775553,scrambled_array_coordinate
scrambled,24,27,3,-0.042757062039588359,scrambled_array_coordinate
scrambled,26,27,3,-0.039961810923236293,scrambled_array_coordinate
scrambled,30,27,3,0.043327276440598937,scrambled_array_coordinate
scrambled,31,27,3,-0.037407781534502735,scrambled_array_coordinate
scrambled,32,27,3,-0.03644000839849261,scrambled_array_coordinate
scrambled,46,27,3,0.041824918902189867,scrambled_array_coordinate
scrambled,47,27,3,-0.043486254404925803,scrambled_array_coordinate
scrambled,48,27,3,0.037985776892177227,scrambled_array_coordinate
scrambled,20,28,3,0.04480527126328164,scrambled_array_coordinate
scrambled,46,28,3,0.038105130523073634,scrambled_array_coordinate
scrambled,49,28,3,0.040986538471962819,scrambled_array_coordinate
scrambled,36,29,3,-0.036174282270030819,scrambled_array_coordinate
scrambled,41,29,3,0.044850316110185952,scrambled_array_coordinate
scrambled,13,30,3,-0.042995483396050749,scrambled_array_coordinate
scrambled,24,30,3,0.042552338824081361,scrambled_array_coordinate
scrambled,46,30,3,-0.046884349544142917,scrambled_array_coordinate
scrambled,0,31,3,0.059117261522999141,scrambled_array_coordinate
scrambled,15,31,3,0.050663140334062447,scrambled_array_coordinate
scrambled,19,31,3,0.037357344080632487,scrambled_array_coordinate
scrambled,28,31,3,0.049223152501908098,scrambled_array_coordinate
scrambled,42,31,3,0.042365835468895788,scrambled_array_coordinate
scrambled,13,32,3,0.048472898635681091,scrambled_array_coordinate
scrambled,33,32,3,-0.039488875229466196,scrambled_array_coordinate
scrambled,1,33,3,0.045474353826001596,scrambled_array_coordinate
scrambled,20,33,3,0.043322577843844301,scrambled_array_coordinate
scrambled,1,34,3,-0.083522742470709219,scrambled_array_coordinate
scrambled,11,34,3,-0.041307033455979886,scrambled_array_coordinate
scrambled,14,34,3,-0.044251883513092283,scrambled_array_coordinate
scrambled,21,34,3,-0.037893222824791135,scrambled_array_coordinate
scrambled,22,34,3,-0.038729682213850113,scrambled_array_coordinate
scrambled,25,34,3,-0.075748395048216025,scrambled_array_coordinate
scrambled,29,34,3,-0.050814754040219352,scrambled_array_coordinate
scrambled,31,34,3,0.038811168528029821,scrambled_array_coordinate
scrambled,36,34,3,0.05074835392114313,scrambled_array_coordinate
scrambled,41,34,3,-0.04990513733018051,scrambled_array_coordinate
scrambled,46,34,3,0.13147811149853891,scrambled_array_coordinate
scrambled,47,34,3,-0.046102322054046671,scrambled_array_coordinate
scrambled,1,35,3,-0.062890190971530383,scrambled_array_coordinate
scrambled,21,35,3,-0.043593510944760681,scrambled_array_coordinate
scrambled,25,35,3,-0.039374789285628445,scrambled_array_coordinate
scrambled,46,35,3,0.056997641962386922,scrambled_array_coordinate
scrambled,47,35,3,-0.040001272699230428,scrambled_array_coordinate
scrambled,2,36,3,0.042507788856552264,scrambled_array_coordinate
scrambled,13,36,3,-0.05579586692588779,scrambled_array_coordinate
scrambled,19,36,3,0.044584908701762425,scrambled_array_coordinate
scrambled,20,36,3,-0.037752835176046405,scrambled_array_coordinate
scrambled,22,38,3,-0.051338875589865905,scrambled_array_coordinate
scrambled,0,39,3,0.050475718591648809,scrambled_array_coordinate
scrambled,1,39,3,0.079607120914217788,scrambled_array_coordinate
scrambled,3,39,3,-0.038638332872736693,scrambled_array_coordinate
scrambled,8,39,3,-0.043790078392288649,scrambled_array_coordinate
scrambled,10,39,3,-0.044950494113796917,scrambled_array_coordinate
scrambled,13,39,3,-0.039614045174180504,scrambled_array_coordinate
scrambled,15,39,3,0.067307497171099878,scrambled_array_coordinate
scrambled,24,39,3,0.03832646362001934,scrambled_array_coordinate
scrambled,28,39,3,0.06713767414620099,scrambled_array_coordinate
scrambled,35,39,3,-0.040886871371930714,scrambled_array_coordinate
scrambled,36,39,3,-0.05927037190932833,scrambled_array_coordinate
scrambled,37,39,3,0.037127088537011896,scrambled_array_coordinate
scrambled,40,39,3,-0.058289158370441733,scrambled_array_coordinate
scrambled,42,39,3,0.055648370818870918,scrambled_array_coordinate
scrambled,43,39,3,0.039772554446284913,scrambled_array_coordinate
scrambled,49,39,3,-0.04080688166443789,scrambled_array_coordinate
scrambled,1,41,3,0.057911371497408784,scrambled_array_coordinate
scrambled,10,41,3,-0.039196498240246083,scrambled_array_coordinate
scrambled,19,41,3,-0.04646252437591971,scrambled_array_coordinate
scrambled,22,41,3,0.049106412149322841,scrambled_array_coordinate
scrambled,23,41,3,0.041370073817437854,scrambled_array_coordinate
scrambled,26,41,3,-0.040217025872568653,scrambled_array_coordinate
scrambled,43,41,3,0.041555668306735953,scrambled_array_coordinate
scrambled,1,42,3,-0.047490380671690265,scrambled_array_coordinate
scrambled,10,42,3,0.038514076386812764,scrambled_array_coordinate
scrambled,13,42,3,-0.044646183097724591,scrambled_array_coordinate
scrambled,25,42,3,-0.038559045377812011,scrambled_array_coordinate
scrambled,30,42,3,-0.038423872383234213,scrambled_array_coordinate
scrambled,36,42,3,0.038900392301203256,scrambled_array_coordinate
scrambled,0,43,3,-0.055010246463466028,scrambled_array_coordinate
scrambled,1,43,3,-0.064064676067362408,scrambled_array_coordinate
scrambled,4,43,3,-0.03729889076753265,scrambled_array_coordinate
scrambled,5,43,3,0.053748538035551768,scrambled_array_coordinate
scrambled,9,43,3,0.03639361012925358,scrambled_array_coordinate
scrambled,20,43,3,-0.037433914916431256,scrambled_array_coordinate
scrambled,25,43,3,-0.038208421649493333,scrambled_array_coordinate
scrambled,28,43,3,-0.04362156550161661,scrambled_array_coordinate
scrambled,36,43,3,0.056101233329136801,scrambled_array_coordinate
scrambled,41,43,3,-0.059002278009455962,scrambled_array_coordinate
scrambled,42,43,3,-0.05528243587316492,scrambled_array_coordinate
scrambled,46,43,3,0.051108930418534079,scrambled_array_coordinate
scrambled,0,44,3,0.050615556139569244,scrambled_array_coordinate
scrambled,1,44,3,0.053083546714430059,scrambled_array_coordinate
scrambled,3,44,3,-0.049629420808973548,scrambled_array_coordinate
scrambled,6,44,3,0.054825018090523772,scrambled_array_coordinate
scrambled,10,44,3,-0.055411956808088671,scrambled_array_coordinate
scrambled,11,44,3,-0.042846827041729929,scrambled_array_coordinate
scrambled,14,44,3,-0.037923187680731663,scrambled_array_coordinate
scrambled,15,44,3,0.071369160192809242,scrambled_array_coordinate
scrambled,20,44,3,0.042646532313238339,scrambled_array_coordinate
scrambled,22,44,3,-0.039536315878856775,scrambled_array_coordinate
scrambled,27,44,3,0.053512787336082661,scrambled_array_coordinate
scrambled,28,44,3,0.054542622000486062,scrambled_array_coordinate
scrambled,29,44,3,-0.044253481186055793,scrambled_array_coordinate
scrambled,30,44,3,0.037603445915869262,scrambled_array_coordinate
scrambled,33,44,3,0.037085301275405907,scrambled_array_coordinate
scrambled,42,44,3,0.062036515565874251,scrambled_array_coordinate
scrambled,46,44,3,0.064878741615167726,scrambled_array_coordinate
scrambled,49,44,3,0.040498570547266258,scrambled_array_coordinate
scrambled,8,45,3,0.05431963787148314,scrambled_array_coordinate
scrambled,11,45,3,-0.03711316910680286,scrambled_array_coordinate
scrambled,13,45,3,0.043424537682358107,scrambled_array_coordinate
scrambled,20,45,3,0.038022937958033479,scrambled_array_coordinate
scrambled,24,45,3,-0.049235754073110476,scrambled_array_coordinate
scrambled,41,45,3,-0.046198648564504889,scrambled_array_coordinate
scrambled,46,45,3,0.074210405377990715,scrambled_array_coordinate
scrambled,49,45,3,0.064809291162217009,scrambled_array_coordinate
scrambled,15,46,3,0.036146884786238016,scrambled_array_coordinate
scrambled,40,46,3,-0.036208423150549784,scrambled_array_coordinate
scrambled,4,47,3,-0.053304684721000771,scrambled_array_coordinate
scrambled,6,47,3,-0.045348658656896051,scrambled_array_coordinate
scrambled,8,47,3,-0.045342566337633824,scrambled_array_coordinate
scrambled,10,47,3,0.040725567756621082,scrambled_array_coordinate
scrambled,13,47,3,-0.039264433975180577,scrambled_array_coordinate
scrambled,15,47,3,-0.040447978979016551,scrambled_array_coordinate
scrambled,20,47,3,-0.038482620617742568,scrambled_array_coordinate
scrambled,46,47,3,-0.06462546515124494,scrambled_array_coordinate
scrambled,47,47,3,0.049269313855700103,scrambled_array_coordinate
scrambled,49,47,3,-0.059267498743653335,scrambled_array_coordinate
scrambled,1,48,3,-0.048651693498260561,scrambled_array_coordinate
scrambled,4,48,3,-0.037070504754194579,scrambled_array_coordinate
scrambled,6,48,3,-0.052230098995839414,scrambled_array_coordinate
scrambled,7,48,3,0.048819654871022605,scrambled_array_coordinate
scrambled,10,48,3,0.044083527479056313,scrambled_array_coordinate
scrambled,13,48,3,-0.053592983556453117,scrambled_array_coordinate
scrambled,15,48,3,-0.046974422827964879,scrambled_array_coordinate
scrambled,20,48,3,-0.043520699556007257,scrambled_array_coordinate
scrambled,23,48,3,-0.046996655440090282,scrambled_array_coordinate
scrambled,24,48,3,0.0520191310689853,scrambled_array_coordinate
scrambled,25,48,3,-0.037356736825032828,scrambled_array_coordinate
scrambled,26,48,3,0.048165509352133921,scrambled_array_coordinate
scrambled,28,48,3,-0.05504501279696123,scrambled_array_coordinate
scrambled,29,48,3,0.054239982497864207,scrambled_array_coordinate
scrambled,30,48,3,-0.053955962879354037,scrambled_array_coordinate
scrambled,46,48,3,-0.053267023292475825,scrambled_array_coordinate
scrambled,13,49,3,-0.037723913465583118,scrambled_array_coordinate
scrambled,25,49,3,-0.041560931194817248,scrambled_array_coordinate
scrambled,4,0,4,-0.047166261753711289,scrambled_array_coordinate
scrambled,14,0,4,0.03996853274927769,scrambled_array_coordinate
scrambled,3,2,4,-0.038177202114146845,scrambled_array_coordinate
scrambled,20,2,4,-0.05588960870687136,scrambled_array_coordinate
scrambled,30,2,4,-0.048405677048216827,scrambled_array_coordinate
scrambled,3,3,4,0.0532105402612605,scrambled_array_coordinate
scrambled,10,3,4,0.046224711515589496,scrambled_array_coordinate
scrambled,13,3,4,-0.058926257968610694,scrambled_array_coordinate
scrambled,14,3,4,0.03600487512605869,scrambled_array_coordinate
scrambled,20,3,4,0.061407649156631577,scrambled_array_coordinate
scrambled,22,3,4,-0.036110864151169285,scrambled_array_coordinate
scrambled,27,3,4,-0.043152695683465324,scrambled_array_coordinate
scrambled,30,3,4,0.065706345408154343,scrambled_array_coordinate
scrambled,49,3,4,-0.041597850063832896,scrambled_array_coordinate
scrambled,13,5,4,0.045226725460377891,scrambled_array_coordinate
scrambled,16,5,4,-0.037704927491318693,scrambled_array_coordinate
scrambled,26,5,4,-0.038717228497412798,scrambled_array_coordinate
scrambled,27,5,4,0.036002882025857399,scrambled_array_coordinate
scrambled,6,6,4,-0.048223265125024145,scrambled_array_coordinate
scrambled,14,6,4,0.036466085312200351,scrambled_array_coordinate
scrambled,16,6,4,-0.042612749268268892,scrambled_array_coordinate
scrambled,23,6,4,0.03987184288711907,scrambled_array_coordinate
scrambled,24,6,4,-0.043983963694803327,scrambled_array_coordinate
scrambled,26,6,4,-0.04865396664517993,scrambled_array_coordinate
scrambled,39,6,4,0.045816237404116021,scrambled_array_coordinate
scrambled,44,6,4,0.045917341707464109,scrambled_array_coordinate
scrambled,49,6,4,-0.044463687071531997,scrambled_array_coordinate
scrambled,4,8,4,-0.040613107323902435,scrambled_array_coordinate
scrambled,6,8,4,0.040973243652904313,scrambled_array_coordinate
scrambled,7,8,4,-0.046531430500511596,scrambled_array_coordinate
scrambled,21,8,4,-0.05248904854960152,scrambled_array_coordinate
scrambled,25,8,4,0.045690201366059446,scrambled_array_coordinate
scrambled,26,8,4,0.039677798221964163,scrambled_array_coordinate
scrambled,30,8,4,0.044574845769141377,scrambled_array_coordinate
scrambled,42,8,4,-0.039441731287748534,scrambled_array_coordinate
scrambled,43,8,4,-0.035890732976290134,scrambled_array_coordinate
scrambled,46,8,4,0.0439660905617031,scrambled_array_coordinate
scrambled,49,8,4,0.04973893226909528,scrambled_array_coordinate
scrambled,4,9,4,0.041084813925516626,scrambled_array_coordinate
scrambled,11,9,4,-0.044752719932580419,scrambled_array_coordinate
scrambled,25,9,4,-0.04581306254558979,scrambled_array_coordinate
scrambled,49,9,4,-0.036560848967598564,scrambled_array_coordinate
scrambled,13,10,4,0.035868024573169163,scrambled_array_coordinate
scrambled,22,10,4,-0.043731551804739595,scrambled_array_coordinate
scrambled,24,10,4,-0.037272437951732226,scrambled_array_coordinate
scrambled,29,10,4,-0.041291451773625233,scrambled_array_coordinate
scrambled,38,10,4,0.044215135136827927,scrambled_array_coordinate
scrambled,46,10,4,0.064303644239159422,scrambled_array_coordinate
scrambled,47,10,4,-0.038186962325783717,scrambled_array_coordinate
scrambled,10,11,4,-0.037568712957618718,scrambled_array_coordinate
scrambled,13,11,4,0.066049146530808761,scrambled_array_coordinate
scrambled,16,11,4,-0.04862373230608568,scrambled_array_coordinate
scrambled,26,11,4,-0.043299018849863306,scrambled_array_coordinate
scrambled,27,11,4,0.043134777498291629,scrambled_array_coordinate
scrambled,30,11,4,-0.046250579257703608,scrambled_array_coordinate
scrambled,34,11,4,-0.04068195359480923,scrambled_array_coordinate
scrambled,41,11,4,-0.04010225079997707,scrambled_array_coordinate
scrambled,45,11,4,0.035852076453490346,scrambled_array_coordinate
scrambled,4,12,4,-0.041123918832811378,scrambled_array_coordinate
scrambled,9,12,4,0.046739574430619629,scrambled_array_coordinate
scrambled,11,12,4,0.037616597576751655,scrambled_array_coordinate
scrambled,30,12,4,-0.038623829159350614,scrambled_array_coordinate
scrambled,31,12,4,-0.036492585177447738,scrambled_array_coordinate
scrambled,40,12,4,-0.050808823179103055,scrambled_array_coordinate
scrambled,46,12,4,-0.044472718804168206,scrambled_array_coordinate
scrambled,22,13,4,0.039401735453362757,scrambled_array_coordinate
scrambled,29,13,4,0.05209556084645952,scrambled_array_coordinate
scrambled,40,13,4,-0.047640052934585744,scrambled_array_coordinate
scrambled,46,13,4,-0.055755474506579417,scrambled_array_coordinate
scrambled,8,14,4,0.04177936955853475,scrambled_array_coordinate
scrambled,9,14,4,0.05717126458866751,scrambled_array_coordinate
scrambled,14,14,4,0.050351711995407701,scrambled_array_coordinate
scrambled,22,14,4,-0.036557034633414108,scrambled_array_coordinate
scrambled,24,14,4,-0.038298064622536765,scrambled_array_coordinate
scrambled,40,14,4,-0.04971000934310451,scrambled_array_coordinate
scrambled,13,15,4,-0.042274718530357212,scrambled_array_coordinate
scrambled,40,15,4,-0.039554235546236577,scrambled_array_coordinate
scrambled,9,16,4,0.04963049068557647,scrambled_array_coordinate
scrambled,23,16,4,0.045029605337953409,scrambled_array_coordinate
scrambled,40,16,4,-0.047824708610594048,scrambled_array_coordinate
scrambled,11,18,4,0.042081049361285372,scrambled_array_coordinate
scrambled,49,19,4,0.036321796512557361,scrambled_array_coordinate
scrambled,4,20,4,-0.036414083313597086,scrambled_array_coordinate
scrambled,9,20,4,0.038571847596456849,scrambled_array_coordinate
scrambled,40,20,4,-0.03668553959873716,scrambled_array_coordinate
scrambled,46,20,4,-0.037279236731145957,scrambled_array_coordinate
scrambled,4,21,4,-0.054044564358416751,scrambled_array_coordinate
scrambled,5,21,4,0.040568723723127274,scrambled_array_coordinate
scrambled,8,21,4,0.050129369391903558,scrambled_array_coordinate
scrambled,9,21,4,0.04122888770087741,scrambled_array_coordinate
scrambled,11,21,4,0.043502169179918337,scrambled_array_coordinate
scrambled,13,21,4,0.045167101931438844,scrambled_array_coordinate
scrambled,17,21,4,0.044588557719277437,scrambled_array_coordinate
scrambled,21,21,4,-0.054256265534647581,scrambled_array_coordinate
scrambled,23,21,4,0.050903491192468148,scrambled_array_coordinate
scrambled,25,21,4,0.057294429854504905,scrambled_array_coordinate
scrambled,31,21,4,-0.042745886006922446,scrambled_array_coordinate
scrambled,40,21,4,-0.054011973431590643,scrambled_array_coordinate
scrambled,49,21,4,0.036320744433244984,scrambled_array_coordinate
scrambled,0,23,4,-0.040547335504066341,scrambled_array_coordinate
scrambled,6,23,4,0.035947729361373269,scrambled_array_coordinate
scrambled,13,23,4,0.048992709168921754,scrambled_array_coordinate
scrambled,14,23,4,-0.046377099408433264,scrambled_array_coordinate
scrambled,40,23,4,0.042075436827715598,scrambled_array_coordinate
scrambled,46,23,4,0.051735666385046078,scrambled_array_coordinate
scrambled,49,23,4,0.043175362651151586,scrambled_array_coordinate
scrambled,20,24,4,0.051337410798736258,scrambled_array_coordinate
scrambled,25,24,4,-0.050091129416219377,scrambled_array_coordinate
scrambled,40,24,4,-0.066056820589725729,scrambled_array_coordinate
scrambled,46,24,4,0.037134229216089866,scrambled_array_coordinate
scrambled,38,25,4,-0.039594372645231801,scrambled_array_coordinate
scrambled,40,25,4,0.040594759768788777,scrambled_array_coordinate
scrambled,32,26,4,-0.039091185075423709,scrambled_array_coordinate
scrambled,40,26,4,-0.045353589093723064,scrambled_array_coordinate
scrambled,24,27,4,-0.040124854642666477,scrambled_array_coordinate
scrambled,46,27,4,0.035864730047514025,scrambled_array_coordinate
scrambled,30,28,4,0.042966216823333951,scrambled_array_coordinate
scrambled,46,28,4,0.043881494160305824,scrambled_array_coordinate
scrambled,6,30,4,-0.037260643614054505,scrambled_array_coordinate
scrambled,11,30,4,0.041586325273756518,scrambled_array_coordinate
scrambled,31,30,4,-0.045802272784906797,scrambled_array_coordinate
scrambled,38,30,4,0.036379890794847436,scrambled_array_coordinate
scrambled,40,30,4,-0.044121079846165027,scrambled_array_coordinate
scrambled,46,30,4,-0.050432861533551324,scrambled_array_coordinate
scrambled,9,34,4,0.050437072975236821,scrambled_array_coordinate
scrambled,26,34,4,-0.047760256867269972,scrambled_array_coordinate
scrambled,30,34,4,-0.042437816035422078,scrambled_array_coordinate
scrambled,39,34,4,0.036876144550719921,scrambled_array_coordinate
scrambled,40,34,4,-0.047484713710534393,scrambled_array_coordinate
scrambled,26,35,4,0.041204102691028345,scrambled_array_coordinate
scrambled,11,36,4,0.03909480958840917,scrambled_array_coordinate
scrambled,24,36,4,0.043051257973648324,scrambled_array_coordinate
scrambled,39,36,4,-0.057258797800353291,scrambled_array_coordinate
scrambled,40,36,4,0.045422544023539346,scrambled_array_coordinate
scrambled,46,36,4,-0.053128653038065257,scrambled_array_coordinate
scrambled,32,37,4,-0.03977985428857031,scrambled_array_coordinate
scrambled,40,37,4,-0.039800142434522172,scrambled_array_coordinate
scrambled,20,38,4,0.043805858946852655,scrambled_array_coordinate
scrambled,38,38,4,0.040810028275518669,scrambled_array_coordinate
scrambled,4,39,4,-0.049568615950929991,scrambled_array_coordinate
scrambled,25,39,4,0.036609803047597457,scrambled_array_coordinate
scrambled,43,39,4,-0.037917150516673659,scrambled_array_coordinate
scrambled,11,40,4,-0.048740826874218698,scrambled_array_coordinate
scrambled,13,40,4,-0.052667874644082562,scrambled_array_coordinate
scrambled,49,40,4,-0.036313564838468503,scrambled_array_coordinate
scrambled,6,41,4,-0.041870487945614668,scrambled_array_coordinate
scrambled,16,41,4,-0.036794535151053409,scrambled_array_coordinate
scrambled,46,41,4,-0.036325298257483637,scrambled_array_coordinate
scrambled,14,42,4,0.036134636109404053,scrambled_array_coordinate
scrambled,14,45,4,-0.037307016981506749,scrambled_array_coordinate
scrambled,40,45,4,0.042926428020556365,scrambled_array_coordinate
scrambled,7,47,4,0.038128775853437595,scrambled_array_coordinate
scrambled,10,47,4,-0.045796350357807526,scrambled_array_coordinate
scrambled,13,47,4,0.047009585346442596,scrambled_array_coordinate
scrambled,16,47,4,-0.043915381519463177,scrambled_array_coordinate
scrambled,27,47,4,0.048151436792601192,scrambled_array_coordinate
scrambled,34,47,4,-0.047088155269968672,scrambled_array_coordinate
scrambled,4,49,4,-0.042159091186451218,scrambled_array_coordinate
scrambled,41,0,5,0.037207647901888817,scrambled_array_coordinate
scrambled,12,1,5,-0.04560268167993075,scrambled_array_coordinate
scrambled,22,1,5,0.048807795765678209,scrambled_array_coordinate
scrambled,36,1,5,-0.044603546820374262,scrambled_array_coordinate
scrambled,41,1,5,0.037242254895776421,scrambled_array_coordinate
scrambled,10,2,5,0.036519232563273094,scrambled_array_coordinate
scrambled,30,2,5,-0.036058170226936782,scrambled_array_coordinate
scrambled,33,2,5,0.039768167222675892,scrambled_array_coordinate
scrambled,40,2,5,0.047494041908866129,scrambled_array_coordinate
scrambled,47,2,5,0.036194658040125026,scrambled_array_coordinate
scrambled,20,3,5,0.044953803714708987,scrambled_array_coordinate
scrambled,22,3,5,-0.044791145761664611,scrambled_array_coordinate
scrambled,24,3,5,-0.053283923470192604,scrambled_array_coordinate
scrambled,29,3,5,-0.039827220196470337,scrambled_array_coordinate
scrambled,30,3,5,0.041840023097729037,scrambled_array_coordinate
scrambled,41,3,5,0.054229450980097287,scrambled_array_coordinate
scrambled,43,3,5,-0.042388980290595867,scrambled_array_coordinate
scrambled,47,3,5,-0.040146475610125618,scrambled_array_coordinate
scrambled,49,3,5,-0.040782529568653608,scrambled_array_coordinate
scrambled,10,4,5,0.041228892024672448,scrambled_array_coordinate
scrambled,40,4,5,0.039494007482513235,scrambled_array_coordinate
scrambled,41,4,5,0.073073432183234019,scrambled_array_coordinate
scrambled,43,4,5,-0.042735701077557219,scrambled_array_coordinate
scrambled,46,4,5,-0.059756303587976935,scrambled_array_coordinate
scrambled,49,4,5,-0.041012871081881598,scrambled_array_coordinate
scrambled,10,6,5,0.04090816782914998,scrambled_array_coordinate
scrambled,19,6,5,0.037500724085599721,scrambled_array_coordinate
scrambled,21,6,5,-0.038473299635049557,scrambled_array_coordinate
scrambled,24,6,5,-0.047723443965524075,scrambled_array_coordinate
scrambled,39,6,5,0.04426897781468693,scrambled_array_coordinate
scrambled,1,7,5,0.053002401776406145,scrambled_array_coordinate
scrambled,41,7,5,-0.042294042553605762,scrambled_array_coordinate
scrambled,9,8,5,-0.038182083704344755,scrambled_array_coordinate
scrambled,12,8,5,-0.036077770234418154,scrambled_array_coordinate
scrambled,22,8,5,0.042656151393851906,scrambled_array_coordinate
scrambled,36,8,5,-0.036717036288291434,scrambled_array_coordinate
scrambled,41,8,5,0.090767711791248304,scrambled_array_coordinate
scrambled,43,8,5,-0.050071648840936664,scrambled_array_coordinate
scrambled,46,8,5,-0.049678237858236218,scrambled_array_coordinate
scrambled,12,10,5,0.037921712821002304,scrambled_array_coordinate
scrambled,25,10,5,0.043469467191332767,scrambled_array_coordinate
scrambled,41,10,5,-0.036818100005358914,scrambled_array_coordinate
scrambled,10,11,5,-0.037526034855746189,scrambled_array_coordinate
scrambled,13,11,5,0.039675784421431472,scrambled_array_coordinate
scrambled,22,11,5,0.055132898910370536,scrambled_array_coordinate
scrambled,40,11,5,-0.035939727232307914,scrambled_array_coordinate
scrambled,29,13,5,0.037059626752178089,scrambled_array_coordinate
scrambled,40,13,5,-0.060104042339012911,scrambled_array_coordinate
scrambled,4,14,5,-0.048586970228458641,scrambled_array_coordinate
scrambled,9,14,5,0.04648818348404006,scrambled_array_coordinate
scrambled,14,14,5,0.054071610928409661,scrambled_array_coordinate
scrambled,40,14,5,-0.03688085331067547,scrambled_array_coordinate
scrambled,49,14,5,-0.039018473266584586,scrambled_array_coordinate
scrambled,1,15,5,-0.039681237694432124,scrambled_array_coordinate
scrambled,10,15,5,0.038941491215751391,scrambled_array_coordinate
scrambled,13,15,5,-0.05668230569973038,scrambled_array_coordinate
scrambled,25,15,5,-0.036265301227624759,scrambled_array_coordinate
scrambled,1,17,5,-0.037142854447756037,scrambled_array_coordinate
scrambled,12,17,5,-0.04295462207353988,scrambled_array_coordinate
scrambled,25,17,5,-0.046486099182481838,scrambled_array_coordinate
scrambled,9,18,5,-0.037956569977660733,scrambled_array_coordinate
scrambled,41,18,5,0.044148482504683506,scrambled_array_coordinate
scrambled,47,18,5,-0.038516051222955539,scrambled_array_coordinate
scrambled,7,19,5,-0.039182240781329952,scrambled_array_coordinate
scrambled,46,19,5,0.051155764066728227,scrambled_array_coordinate
scrambled,0,21,5,0.040500666821800084,scrambled_array_coordinate
scrambled,1,21,5,-0.037004835451820595,scrambled_array_coordinate
scrambled,12,21,5,-0.047784214156530197,scrambled_array_coordinate
scrambled,25,21,5,-0.045555332956275632,scrambled_array_coordinate
scrambled,41,21,5,0.060760500961921683,scrambled_array_coordinate
scrambled,15,23,5,-0.038197484911352039,scrambled_array_coordinate
scrambled,20,23,5,-0.059312004595317429,scrambled_array_coordinate
scrambled,30,23,5,-0.044871590294858953,scrambled_array_coordinate
scrambled,40,23,5,0.046849497077412802,scrambled_array_coordinate
scrambled,2,24,5,-0.03682598228958122,scrambled_array_coordinate
scrambled,20,24,5,0.053898134182608588,scrambled_array_coordinate
scrambled,32,24,5,-0.040119600255613889,scrambled_array_coordinate
scrambled,40,24,5,-0.076828775063648477,scrambled_array_coordinate
scrambled,11,25,5,-0.047173140005338669,scrambled_array_coordinate
scrambled,38,25,5,-0.036341885235745892,scrambled_array_coordinate
scrambled,40,25,5,0.046012537601186676,scrambled_array_coordinate
scrambled,6,27,5,-0.036642531411793529,scrambled_array_coordinate
scrambled,3,30,5,0.03805817461687297,scrambled_array_coordinate
scrambled,0,31,5,-0.04421787376605852,scrambled_array_coordinate
scrambled,12,31,5,0.036455396120628397,scrambled_array_coordinate
scrambled,36,31,5,0.052798955177077472,scrambled_array_coordinate
scrambled,41,31,5,-0.057954078934661798,scrambled_array_coordinate
scrambled,46,31,5,0.067014942680152845,scrambled_array_coordinate
scrambled,40,32,5,0.041086294946244217,scrambled_array_coordinate
scrambled,43,32,5,-0.037935176624215125,scrambled_array_coordinate
scrambled,37,33,5,-0.036970059373534876,scrambled_array_coordinate
scrambled,23,34,5,0.037445711233325102,scrambled_array_coordinate
scrambled,10,36,5,-0.035846860134400853,scrambled_array_coordinate
scrambled,40,36,5,0.040246128777109015,scrambled_array_coordinate
scrambled,41,36,5,-0.047468862127206871,scrambled_array_coordinate
scrambled,44,36,5,-0.037656776020267735,scrambled_array_coordinate
scrambled,46,36,5,0.048343154739765651,scrambled_array_coordinate
scrambled,49,36,5,0.037846164178232958,scrambled_array_coordinate
scrambled,38,38,5,0.041957639978580943,scrambled_array_coordinate
scrambled,47,38,5,-0.039117827979049932,scrambled_array_coordinate
scrambled,0,39,5,-0.046555658973243277,scrambled_array_coordinate
scrambled,4,39,5,-0.0471966346544897,scrambled_array_coordinate
scrambled,5,39,5,0.037031586636191306,scrambled_array_coordinate
scrambled,22,39,5,-0.044374819698762079,scrambled_array_coordinate
scrambled,31,39,5,0.042037150794382937,scrambled_array_coordinate
scrambled,33,39,5,0.056259455791975201,scrambled_array_coordinate
scrambled,36,39,5,0.059910866349871555,scrambled_array_coordinate
scrambled,41,39,5,-0.057440870811049559,scrambled_array_coordinate
scrambled,46,39,5,0.095601894678483137,scrambled_array_coordinate
scrambled,49,39,5,0.055652395836539463,scrambled_array_coordinate
scrambled,11,40,5,-0.047866493746262929,scrambled_array_coordinate
scrambled,22,40,5,-0.043162780242906554,scrambled_array_coordinate
scrambled,24,40,5,-0.042401493651405747,scrambled_array_coordinate
scrambled,41,41,5,0.038287880929694283,scrambled_array_coordinate
scrambled,43,41,5,-0.039074813136030506,scrambled_array_coordinate
scrambled,14,42,5,0.038731959649816371,scrambled_array_coordinate
scrambled,40,42,5,-0.042518268391880935,scrambled_array_coordinate
scrambled,46,42,5,-0.061139652184301695,scrambled_array_coordinate
scrambled,40,43,5,0.046137491367441906,scrambled_array_coordinate
scrambled,4,44,5,-0.038635050534704375,scrambled_array_coordinate
scrambled,11,44,5,-0.036296842895734677,scrambled_array_coordinate
scrambled,41,44,5,-0.057045345763242959,scrambled_array_coordinate
scrambled,46,44,5,0.041081899136498609,scrambled_array_coordinate
scrambled,47,44,5,0.037485846073400574,scrambled_array_coordinate
scrambled,40,45,5,0.037161038378145134,scrambled_array_coordinate
scrambled,7,47,5,0.037851090466758469,scrambled_array_coordinate
scrambled,10,47,5,-0.054923236499490463,scrambled_array_coordinate
scrambled,33,47,5,-0.036767527639872864,scrambled_array_coordinate
scrambled,34,47,5,-0.037124700806428615,scrambled_array_coordinate
scrambled,43,47,5,0.036591524215709152,scrambled_array_coordinate
scrambled,7,48,5,-0.03614753738236462,scrambled_array_coordinate
scrambled,24,49,5,-0.035880662932348512,scrambled_array_coordinate
scrambled,2,0,6,-0.036365799881514858,scrambled_array_coordinate
scrambled,5,0,6,0.045409414222406096,scrambled_array_coordinate
scrambled,10,0,6,-0.042586615358801136,scrambled_array_coordinate
scrambled,19,0,6,-0.041930147782428727,scrambled_array_coordinate
scrambled,25,0,6,-0.048789399362515092,scrambled_array_coordinate
scrambled,33,0,6,-0.038910012523776065,scrambled_array_coordinate
scrambled,35,0,6,-0.038449213734388296,scrambled_array_coordinate
scrambled,40,0,6,-0.069096452090599295,scrambled_array_coordinate
scrambled,43,0,6,0.052853482418563469,scrambled_array_coordinate
scrambled,11,1,6,-0.045385388582405047,scrambled_array_coordinate
scrambled,44,1,6,0.038798145132439441,scrambled_array_coordinate
scrambled,2,2,6,-0.041649540226592341,scrambled_array_coordinate
scrambled,24,2,6,0.041496703579893969,scrambled_array_coordinate
scrambled,35,2,6,-0.041430315919596339,scrambled_array_coordinate
scrambled,41,2,6,-0.045383969068455411,scrambled_array_coordinate
scrambled,43,2,6,0.041468504454075981,scrambled_array_coordinate
scrambled,10,3,6,-0.060063877487502762,scrambled_array_coordinate
scrambled,11,3,6,0.055244332939931091,scrambled_array_coordinate
scrambled,15,3,6,0.047065907771148358,scrambled_array_coordinate
scrambled,20,3,6,0.037857405519919542,scrambled_array_coordinate
scrambled,24,3,6,0.047693802378524726,scrambled_array_coordinate
scrambled,30,3,6,0.052485911057368551,scrambled_array_coordinate
scrambled,35,3,6,-0.046848362125490671,scrambled_array_coordinate
scrambled,38,3,6,0.043731999823601805,scrambled_array_coordinate
scrambled,40,3,6,-0.093263017293588102,scrambled_array_coordinate
scrambled,43,3,6,0.05047953878347914,scrambled_array_coordinate
scrambled,47,3,6,-0.039561067394178244,scrambled_array_coordinate
scrambled,4,4,6,0.043588002916896469,scrambled_array_coordinate
scrambled,10,4,6,-0.044714541515994993,scrambled_array_coordinate
scrambled,11,4,6,0.036502549395000278,scrambled_array_coordinate
scrambled,14,4,6,-0.040742516506236455,scrambled_array_coordinate
scrambled,24,4,6,0.059110382022372433,scrambled_array_coordinate
scrambled,43,4,6,0.058739167204423563,scrambled_array_coordinate
scrambled,44,4,6,-0.039999821013387005,scrambled_array_coordinate
scrambled,40,5,6,0.036620523437441856,scrambled_array_coordinate
scrambled,10,6,6,-0.049382768800690965,scrambled_array_coordinate
scrambled,11,6,6,0.045718888699883865,scrambled_array_coordinate
scrambled,15,6,6,0.038588139889099468,scrambled_array_coordinate
scrambled,24,6,6,0.055971230493091613,scrambled_array_coordinate
scrambled,25,6,6,-0.037216126098754541,scrambled_array_coordinate
scrambled,40,6,6,-0.090430835177765928,scrambled_array_coordinate
scrambled,43,6,6,0.03949625443592527,scrambled_array_coordinate
scrambled,13,7,6,0.041403571570720846,scrambled_array_coordinate
scrambled,24,7,6,-0.039329656261749522,scrambled_array_coordinate
scrambled,25,7,6,0.039010084063259343,scrambled_array_coordinate
scrambled,40,7,6,0.03604469239104275,scrambled_array_coordinate
scrambled,40,9,6,-0.036979821540508814,scrambled_array_coordinate
scrambled,2,11,6,0.043041131635358297,scrambled_array_coordinate
scrambled,24,11,6,-0.046980043515857967,scrambled_array_coordinate
scrambled,26,11,6,-0.037022378836323006,scrambled_array_coordinate
scrambled,29,11,6,-0.040859818686253484,scrambled_array_coordinate
scrambled,33,11,6,0.038759362145416552,scrambled_array_coordinate
scrambled,35,11,6,0.038792947818082908,scrambled_array_coordinate
scrambled,39,11,6,0.03963412116203345,scrambled_array_coordinate
scrambled,40,11,6,0.069476665448246572,scrambled_array_coordinate
scrambled,41,11,6,0.045867407500734168,scrambled_array_coordinate
scrambled,43,11,6,-0.048751251215642895,scrambled_array_coordinate
scrambled,2,12,6,0.038228597682907664,scrambled_array_coordinate
scrambled,25,12,6,0.045952656183549413,scrambled_array_coordinate
scrambled,35,12,6,0.040985788294342643,scrambled_array_coordinate
scrambled,43,12,6,-0.038725729292747084,scrambled_array_coordinate
scrambled,7,13,6,-0.038801661859233949,scrambled_array_coordinate
scrambled,10,13,6,0.069522655579942083,scrambled_array_coordinate
scrambled,11,13,6,-0.045397001960352165,scrambled_array_coordinate
scrambled,22,13,6,-0.053730744123725069,scrambled_array_coordinate
scrambled,24,13,6,-0.064047002157330127,scrambled_array_coordinate
scrambled,42,13,6,0.036236551891982195,scrambled_array_coordinate
scrambled,44,13,6,0.037748830041881141,scrambled_array_coordinate
scrambled,0,14,6,0.052225123331737518,scrambled_array_coordinate
scrambled,3,14,6,0.04804993201290008,scrambled_array_coordinate
scrambled,9,14,6,0.039913457792583353,scrambled_array_coordinate
scrambled,13,14,6,-0.038241545245252202,scrambled_array_coordinate
scrambled,14,14,6,0.052635832451765577,scrambled_array_coordinate
scrambled,15,14,6,0.04722950459749848,scrambled_array_coordinate
scrambled,18,14,6,-0.037639754573569197,scrambled_array_coordinate
scrambled,20,14,6,0.042047878234844863,scrambled_array_coordinate
scrambled,33,14,6,-0.03709820230258852,scrambled_array_coordinate
scrambled,40,14,6,-0.055554948926142433,scrambled_array_coordinate
scrambled,1,15,6,-0.040060043322435186,scrambled_array_coordinate
scrambled,9,15,6,0.03633004737790093,scrambled_array_coordinate
scrambled,13,15,6,-0.041516510654654025,scrambled_array_coordinate
scrambled,40,15,6,-0.054423726738864524,scrambled_array_coordinate
scrambled,2,17,6,0.066471447934752112,scrambled_array_coordinate
scrambled,11,17,6,-0.050619519185809585,scrambled_array_coordinate
scrambled,29,17,6,-0.044282518133383506,scrambled_array_coordinate
scrambled,40,17,6,0.042038398379576181,scrambled_array_coordinate
scrambled,46,17,6,0.050685734125358727,scrambled_array_coordinate
scrambled,0,18,6,0.043025758798048763,scrambled_array_coordinate
scrambled,15,18,6,0.053710951206725109,scrambled_array_coordinate
scrambled,35,18,6,-0.044253358260763827,scrambled_array_coordinate
scrambled,40,18,6,-0.036256316350169536,scrambled_array_coordinate
scrambled,47,18,6,-0.043210337087855981,scrambled_array_coordinate
scrambled,25,19,6,0.041037901869222973,scrambled_array_coordinate
scrambled,46,20,6,0.042756948862131355,scrambled_array_coordinate
scrambled,2,21,6,0.053979860819280197,scrambled_array_coordinate
scrambled,11,21,6,-0.038235659212317932,scrambled_array_coordinate
scrambled,49,22,6,0.040002776828068874,scrambled_array_coordinate
scrambled,2,23,6,-0.038374331730991224,scrambled_array_coordinate
scrambled,11,23,6,0.047414983426999832,scrambled_array_coordinate
scrambled,14,23,6,-0.039927695356423626,scrambled_array_coordinate
scrambled,22,23,6,0.036076477344015263,scrambled_array_coordinate
scrambled,24,23,6,0.047074667334367444,scrambled_array_coordinate
scrambled,25,23,6,-0.035984329690219398,scrambled_array_coordinate
scrambled,26,23,6,0.038740985728377385,scrambled_array_coordinate
scrambled,49,23,6,0.053427385304236387,scrambled_array_coordinate
scrambled,5,24,6,-0.054425029058389168,scrambled_array_coordinate
scrambled,6,24,6,-0.043966787017927778,scrambled_array_coordinate
scrambled,10,24,6,0.063813611472585546,scrambled_array_coordinate
scrambled,11,24,6,-0.04867173323762946,scrambled_array_coordinate
scrambled,14,24,6,0.055747253739581878,scrambled_array_coordinate
scrambled,22,24,6,-0.048783834892284293,scrambled_array_coordinate
scrambled,24,24,6,-0.064535759373816379,scrambled_array_coordinate
scrambled,35,24,6,0.053903902047371999,scrambled_array_coordinate
scrambled,39,24,6,0.042028783031069036,scrambled_array_coordinate
scrambled,41,24,6,0.043128804674398856,scrambled_array_coordinate
scrambled,43,24,6,-0.040126524906580932,scrambled_array_coordinate
scrambled,44,24,6,0.046765895818609786,scrambled_array_coordinate
scrambled,49,24,6,-0.040553052210563489,scrambled_array_coordinate
scrambled,2,25,6,-0.050454992385221532,scrambled_array_coordinate
scrambled,6,25,6,0.050258830662609569,scrambled_array_coordinate
scrambled,10,25,6,-0.070145102574812962,scrambled_array_coordinate
scrambled,15,25,6,0.040386653670778171,scrambled_array_coordinate
scrambled,22,25,6,0.043613310829270162,scrambled_array_coordinate
scrambled,24,25,6,0.046592523218923682,scrambled_array_coordinate
scrambled,35,25,6,-0.057217892695256005,scrambled_array_coordinate
scrambled,40,25,6,-0.055491747162083611,scrambled_array_coordinate
scrambled,41,25,6,-0.03859715881498333,scrambled_array_coordinate
scrambled,43,25,6,0.046978366821976467,scrambled_array_coordinate
scrambled,0,26,6,-0.03634935289157594,scrambled_array_coordinate
scrambled,16,26,6,0.04163768410982422,scrambled_array_coordinate
scrambled,24,26,6,0.037302701759287522,scrambled_array_coordinate
scrambled,29,26,6,0.040072560853132128,scrambled_array_coordinate
scrambled,49,26,6,0.040596896381942089,scrambled_array_coordinate
scrambled,7,27,6,0.041282009639661874,scrambled_array_coordinate
scrambled,25,27,6,-0.036431570768433362,scrambled_array_coordinate
scrambled,33,27,6,-0.038037672168510894,scrambled_array_coordinate
scrambled,40,27,6,-0.041403029611458968,scrambled_array_coordinate
scrambled,46,27,6,-0.037416790171667706,scrambled_array_coordinate
scrambled,46,28,6,-0.041592902960582177,scrambled_array_coordinate
scrambled,22,30,6,-0.053948515240461958,scrambled_array_coordinate
scrambled,23,30,6,0.039618540694239715,scrambled_array_coordinate
scrambled,24,30,6,-0.048916885098758266,scrambled_array_coordinate
scrambled,37,30,6,-0.044370103948643144,scrambled_array_coordinate
scrambled,38,30,6,0.038816377470621777,scrambled_array_coordinate
scrambled,0,31,6,-0.044558007264403565,scrambled_array_coordinate
scrambled,11,31,6,0.043108445654531313,scrambled_array_coordinate
scrambled,13,31,6,0.04097191483511959,scrambled_array_coordinate
scrambled,29,31,6,0.035759238079775157,scrambled_array_coordinate
scrambled,49,31,6,0.045195888986784068,scrambled_array_coordinate
scrambled,10,32,6,-0.055115892251928013,scrambled_array_coordinate
scrambled,15,32,6,0.042101378351415676,scrambled_array_coordinate
scrambled,24,32,6,0.044739985307459838,scrambled_array_coordinate
scrambled,35,32,6,-0.042838742907336372,scrambled_array_coordinate
scrambled,40,32,6,-0.045600480837926519,scrambled_array_coordinate
scrambled,16,33,6,-0.037310029818649171,scrambled_array_coordinate
scrambled,27,33,6,-0.051745020001721528,scrambled_array_coordinate
scrambled,1,34,6,0.04146456718237989,scrambled_array_coordinate
scrambled,41,34,6,0.039937163398101216,scrambled_array_coordinate
scrambled,9,36,6,-0.043153087269893489,scrambled_array_coordinate
scrambled,25,36,6,0.044341490534266448,scrambled_array_coordinate
scrambled,40,36,6,0.047868226095783381,scrambled_array_coordinate
scrambled,10,37,6,0.039194663962302194,scrambled_array_coordinate
scrambled,10,38,6,0.042006921306601136,scrambled_array_coordinate
scrambled,41,38,6,0.037328744767763843,scrambled_array_coordinate
scrambled,2,39,6,-0.038051435401980326,scrambled_array_coordinate
scrambled,33,39,6,-0.036559821403671151,scrambled_array_coordinate
scrambled,41,39,6,-0.045281874327916097,scrambled_array_coordinate
scrambled,2,40,6,-0.050446118732358651,scrambled_array_coordinate
scrambled,10,40,6,-0.056471622151889812,scrambled_array_coordinate
scrambled,11,40,6,0.051613148023277822,scrambled_array_coordinate
scrambled,19,40,6,-0.037397356906764906,scrambled_array_coordinate
scrambled,22,40,6,0.043425253176151334,scrambled_array_coordinate
scrambled,24,40,6,0.056966777638542937,scrambled_array_coordinate
scrambled,26,40,6,0.037715491612976167,scrambled_array_coordinate
scrambled,29,40,6,0.041800228008977647,scrambled_array_coordinate
scrambled,35,40,6,-0.036416607744835856,scrambled_array_coordinate
scrambled,40,40,6,-0.073034987788782701,scrambled_array_coordinate
scrambled,43,40,6,0.050771877130324224,scrambled_array_coordinate
scrambled,3,41,6,0.036689050246254767,scrambled_array_coordinate
scrambled,15,41,6,0.035868888444261351,scrambled_array_coordinate
scrambled,40,41,6,-0.048934321207035898,scrambled_array_coordinate
scrambled,43,41,6,0.043513973508811712,scrambled_array_coordinate
scrambled,11,42,6,-0.069592028810549697,scrambled_array_coordinate
scrambled,16,42,6,-0.036725418359212635,scrambled_array_coordinate
scrambled,49,42,6,-0.067341359200317225,scrambled_array_coordinate
scrambled,0,43,6,0.05121815213468589,scrambled_array_coordinate
scrambled,5,43,6,0.037105260453341074,scrambled_array_coordinate
scrambled,11,43,6,0.053719251568055806,scrambled_array_coordinate
scrambled,35,43,6,-0.047464131887002568,scrambled_array_coordinate
scrambled,40,43,6,-0.042013377377108203,scrambled_array_coordinate
scrambled,46,43,6,-0.056020552301824303,scrambled_array_coordinate
scrambled,15,44,6,-0.041214617601022636,scrambled_array_coordinate
scrambled,20,45,6,-0.045175992282001934,scrambled_array_coordinate
scrambled,22,45,6,0.045491333113439732,scrambled_array_coordinate
scrambled,24,45,6,0.042315849166490435,scrambled_array_coordinate
scrambled,32,45,6,0.036143744621501793,scrambled_array_coordinate
scrambled,40,45,6,0.037511978621344221,scrambled_array_coordinate
scrambled,2,46,6,-0.036818968023285104,scrambled_array_coordinate
scrambled,29,46,6,0.040381957484765023,scrambled_array_coordinate
scrambled,40,46,6,-0.057291317512645608,scrambled_array_coordinate
scrambled,2,47,6,0.048052766280124268,scrambled_array_coordinate
scrambled,4,47,6,-0.037028139837731601,scrambled_array_coordinate
scrambled,6,47,6,-0.045694476186610079,scrambled_array_coordinate
scrambled,10,47,6,0.040276573333533933,scrambled_array_coordinate
scrambled,11,47,6,-0.037252375192146671,scrambled_array_coordinate
scrambled,22,47,6,-0.064595405382848192,scrambled_array_coordinate
scrambled,24,47,6,-0.066478934617592148,scrambled_array_coordinate
scrambled,25,47,6,0.040831168601383548,scrambled_array_coordinate
scrambled,29,47,6,-0.043459493117366493,scrambled_array_coordinate
scrambled,35,47,6,0.036729374810304256,scrambled_array_coordinate
scrambled,40,47,6,0.075128844684466844,scrambled_array_coordinate
scrambled,41,47,6,0.039953960737051389,scrambled_array_coordinate
scrambled,43,47,6,-0.059494275890368209,scrambled_array_coordinate
scrambled,2,48,6,-0.043549890375218371,scrambled_array_coordinate
scrambled,6,48,6,0.042391296811241097,scrambled_array_coordinate
scrambled,10,48,6,-0.04546352742368788,scrambled_array_coordinate
scrambled,15,48,6,0.036183883173030951,scrambled_array_coordinate
scrambled,35,48,6,-0.037851636851262527,scrambled_array_coordinate
scrambled,40,48,6,-0.038068206829350373,scrambled_array_coordinate
scrambled,2,49,6,-0.045465677240937724,scrambled_array_coordinate
scrambled,5,49,6,0.036079041247960734,scrambled_array_coordinate
scrambled,11,49,6,0.041697098150335538,scrambled_array_coordinate
scrambled,25,49,6,-0.0361822893764999,scrambled_array_coordinate
scrambled,32,49,6,-0.041322011501196625,scrambled_array_coordinate
scrambled,40,49,6,-0.06696484375137074,scrambled_array_coordinate
scrambled,8,0,7,-0.045153000861203142,scrambled_array_coordinate
scrambled,11,0,7,0.064684525693035608,scrambled_array_coordinate
scrambled,20,0,7,-0.080184384414840382,scrambled_array_coordinate
scrambled,22,0,7,0.080256489832220654,scrambled_array_coordinate
scrambled,25,0,7,-0.061819183640700104,scrambled_array_coordinate
scrambled,3,1,7,0.046692169291342789,scrambled_array_coordinate
scrambled,36,1,7,0.041683800866375929,scrambled_array_coordinate
scrambled,0,2,7,0.054765078313937843,scrambled_array_coordinate
scrambled,24,2,7,0.042713254177425677,scrambled_array_coordinate
scrambled,40,2,7,-0.051581164144211884,scrambled_array_coordinate
scrambled,46,2,7,-0.038222275458714837,scrambled_array_coordinate
scrambled,11,3,7,0.038313144047070376,scrambled_array_coordinate
scrambled,22,3,7,0.054041467481037414,scrambled_array_coordinate
scrambled,24,3,7,0.043416839075316717,scrambled_array_coordinate
scrambled,18,4,7,0.045063379424877051,scrambled_array_coordinate
scrambled,23,4,7,-0.045571680460625333,scrambled_array_coordinate
scrambled,24,4,7,0.05812455396479297,scrambled_array_coordinate
scrambled,26,4,7,0.048431638559615131,scrambled_array_coordinate
scrambled,29,4,7,0.036308847166554907,scrambled_array_coordinate
scrambled,46,4,7,-0.039566777445602525,scrambled_array_coordinate
scrambled,48,4,7,-0.05013553084560729,scrambled_array_coordinate
scrambled,1,5,7,0.041493515159445854,scrambled_array_coordinate
scrambled,20,5,7,0.036498756642679459,scrambled_array_coordinate
scrambled,25,5,7,0.038532789253973972,scrambled_array_coordinate
scrambled,10,6,7,-0.036756136005446846,scrambled_array_coordinate
scrambled,1,7,7,-0.03739231831159591,scrambled_array_coordinate
scrambled,4,7,7,-0.0363608726429029,scrambled_array_coordinate
scrambled,13,7,7,-0.039384232367160849,scrambled_array_coordinate
scrambled,6,8,7,0.036113204583689204,scrambled_array_coordinate
scrambled,8,8,7,0.066054343870754373,scrambled_array_coordinate
scrambled,13,8,7,0.035947511376708673,scrambled_array_coordinate
scrambled,17,8,7,0.043891909478995433,scrambled_array_coordinate
scrambled,20,8,7,0.077131737987273394,scrambled_array_coordinate
scrambled,22,8,7,-0.060115125714317617,scrambled_array_coordinate
scrambled,25,8,7,0.046329352173379912,scrambled_array_coordinate
scrambled,30,8,7,0.052059218469921606,scrambled_array_coordinate
scrambled,49,8,7,0.076135667382887684,scrambled_array_coordinate
scrambled,1,9,7,-0.037578520613480743,scrambled_array_coordinate
scrambled,8,10,7,0.042000534723701154,scrambled_array_coordinate
scrambled,20,10,7,0.054153540533336646,scrambled_array_coordinate
scrambled,22,10,7,-0.049971832130619433,scrambled_array_coordinate
scrambled,42,10,7,0.036015408621401554,scrambled_array_coordinate
scrambled,46,10,7,0.045783246604143839,scrambled_array_coordinate
scrambled,49,10,7,0.070354092063388718,scrambled_array_coordinate
scrambled,18,11,7,-0.049324880667790755,scrambled_array_coordinate
scrambled,23,11,7,0.065994317627114649,scrambled_array_coordinate
scrambled,24,11,7,-0.073617432979076816,scrambled_array_coordinate
scrambled,26,11,7,-0.067720454681594031,scrambled_array_coordinate
scrambled,29,11,7,-0.040403090492404412,scrambled_array_coordinate
scrambled,39,11,7,0.046500621229148942,scrambled_array_coordinate
scrambled,40,11,7,0.046552963103212094,scrambled_array_coordinate
scrambled,42,11,7,-0.041198857881962453,scrambled_array_coordinate
scrambled,48,11,7,0.060379611882067995,scrambled_array_coordinate
scrambled,49,11,7,-0.038949635661475107,scrambled_array_coordinate
scrambled,20,12,7,-0.041977630784474654,scrambled_array_coordinate
scrambled,0,13,7,0.040187941982724094,scrambled_array_coordinate
scrambled,6,13,7,-0.061486818438829673,scrambled_array_coordinate
scrambled,10,13,7,0.038992359064430673,scrambled_array_coordinate
scrambled,18,13,7,0.051349839341485452,scrambled_array_coordinate
scrambled,22,13,7,-0.053918986629988043,scrambled_array_coordinate
scrambled,25,13,7,0.057431859916404947,scrambled_array_coordinate
scrambled,41,13,7,0.066550359310266261,scrambled_array_coordinate
scrambled,42,13,7,0.042078171000993925,scrambled_array_coordinate
scrambled,46,13,7,-0.090054399120643669,scrambled_array_coordinate
scrambled,47,13,7,0.039531055350860933,scrambled_array_coordinate
scrambled,48,13,7,-0.039940676549446059,scrambled_array_coordinate
scrambled,49,13,7,-0.044450626327900894,scrambled_array_coordinate
scrambled,0,15,7,0.039678793045071381,scrambled_array_coordinate
scrambled,4,15,7,0.038832998808174528,scrambled_array_coordinate
scrambled,11,15,7,-0.036984634560813981,scrambled_array_coordinate
scrambled,18,15,7,0.043277021338217966,scrambled_array_coordinate
scrambled,20,15,7,0.042385141010515062,scrambled_array_coordinate
scrambled,22,15,7,-0.042832589386892196,scrambled_array_coordinate
scrambled,23,15,7,-0.046330005292649121,scrambled_array_coordinate
scrambled,24,15,7,0.044629576976178351,scrambled_array_coordinate
scrambled,25,15,7,0.051243435783168569,scrambled_array_coordinate
scrambled,26,15,7,0.038902800976462995,scrambled_array_coordinate
scrambled,39,15,7,-0.03784517130352498,scrambled_array_coordinate
scrambled,42,15,7,0.047339800188036706,scrambled_array_coordinate
scrambled,48,15,7,-0.052491966477823407,scrambled_array_coordinate
scrambled,1,16,7,0.052616774159003912,scrambled_array_coordinate
scrambled,2,16,7,-0.037969920038228654,scrambled_array_coordinate
scrambled,3,16,7,-0.055271232028538904,scrambled_array_coordinate
scrambled,4,16,7,0.057102246003015729,scrambled_array_coordinate
scrambled,7,16,7,-0.037668199476235835,scrambled_array_coordinate
scrambled,8,16,7,0.04257644235393316,scrambled_array_coordinate
scrambled,13,16,7,0.059938284857201755,scrambled_array_coordinate
scrambled,20,16,7,0.074037010545360396,scrambled_array_coordinate
scrambled,22,16,7,-0.04668277268007389,scrambled_array_coordinate
scrambled,25,16,7,0.087000608273205923,scrambled_array_coordinate
scrambled,27,16,7,0.038834890655358362,scrambled_array_coordinate
scrambled,42,16,7,0.036369350772168504,scrambled_array_coordinate
scrambled,46,16,7,-0.036084722055769548,scrambled_array_coordinate
scrambled,1,18,7,-0.036349029392483169,scrambled_array_coordinate
scrambled,3,18,7,0.043078308454996689,scrambled_array_coordinate
scrambled,22,18,7,0.035897797861253716,scrambled_array_coordinate
scrambled,42,18,7,-0.047631888758017514,scrambled_array_coordinate
scrambled,25,19,7,0.055541258519962007,scrambled_array_coordinate
scrambled,46,19,7,-0.045194648003791527,scrambled_array_coordinate
scrambled,1,22,7,-0.044860167096883868,scrambled_array_coordinate
scrambled,1,24,7,-0.047828973300040434,scrambled_array_coordinate
scrambled,5,24,7,-0.045868755741786962,scrambled_array_coordinate
scrambled,6,24,7,-0.042479262118892767,scrambled_array_coordinate
scrambled,8,24,7,0.055497626060673044,scrambled_array_coordinate
scrambled,10,24,7,0.04164661268425271,scrambled_array_coordinate
scrambled,11,24,7,-0.081049090664296469,scrambled_array_coordinate
scrambled,18,24,7,0.053006998499495736,scrambled_array_coordinate
scrambled,19,24,7,0.043898064849572045,scrambled_array_coordinate
scrambled,20,24,7,0.054036925597143043,scrambled_array_coordinate
scrambled,22,24,7,-0.11062523049849599,scrambled_array_coordinate
scrambled,23,24,7,-0.061167814981586278,scrambled_array_coordinate
scrambled,27,24,7,0.037589129204438652,scrambled_array_coordinate
scrambled,31,24,7,0.076852956339122896,scrambled_array_coordinate
scrambled,32,24,7,0.056466761261860461,scrambled_array_coordinate
scrambled,42,24,7,0.071777904092521091,scrambled_array_coordinate
scrambled,48,24,7,-0.063449300814559073,scrambled_array_coordinate
scrambled,49,24,7,0.049796466975016239,scrambled_array_coordinate
scrambled,1,25,7,0.058478683821801637,scrambled_array_coordinate
scrambled,2,25,7,-0.045144325636671735,scrambled_array_coordinate
scrambled,11,25,7,0.043959640981693332,scrambled_array_coordinate
scrambled,22,25,7,0.043399182502515274,scrambled_array_coordinate
scrambled,46,25,7,-0.051704803041611742,scrambled_array_coordinate
scrambled,8,26,7,-0.049221099282175988,scrambled_array_coordinate
scrambled,11,26,7,0.059326149076966511,scrambled_array_coordinate
scrambled,22,26,7,0.040775300805955726,scrambled_array_coordinate
scrambled,46,26,7,-0.04478161431269588,scrambled_array_coordinate
scrambled,8,27,7,0.036795168149390024,scrambled_array_coordinate
scrambled,20,27,7,0.049902734657851493,scrambled_array_coordinate
scrambled,46,27,7,0.036531624136440385,scrambled_array_coordinate
scrambled,49,27,7,0.061109341081752595,scrambled_array_coordinate
scrambled,6,28,7,0.036184207141855405,scrambled_array_coordinate
scrambled,18,28,7,-0.037303717172909388,scrambled_array_coordinate
scrambled,1,29,7,-0.056330326942800796,scrambled_array_coordinate
scrambled,9,29,7,0.036398175725645757,scrambled_array_coordinate
scrambled,25,29,7,-0.059905571324908202,scrambled_array_coordinate
scrambled,46,29,7,0.060965328324025181,scrambled_array_coordinate
scrambled,1,30,7,0.051974121815769041,scrambled_array_coordinate
scrambled,3,30,7,-0.037283544222092915,scrambled_array_coordinate
scrambled,18,30,7,-0.037914208194244715,scrambled_array_coordinate
scrambled,23,30,7,0.064369102890367555,scrambled_array_coordinate
scrambled,25,30,7,0.047134673769715765,scrambled_array_coordinate
scrambled,32,30,7,-0.036013970789135638,scrambled_array_coordinate
scrambled,36,30,7,-0.038964960301038534,scrambled_array_coordinate
scrambled,41,30,7,0.037957360910221311,scrambled_array_coordinate
scrambled,10,31,7,-0.038414567132911734,scrambled_array_coordinate
scrambled,6,32,7,0.037372131516586561,scrambled_array_coordinate
scrambled,25,33,7,-0.038787269028017934,scrambled_array_coordinate
scrambled,46,34,7,0.047352986787252804,scrambled_array_coordinate
scrambled,1,35,7,-0.045677905817625215,scrambled_array_coordinate
scrambled,46,35,7,0.055145280662590383,scrambled_array_coordinate
scrambled,47,35,7,-0.038876468162658051,scrambled_array_coordinate
scrambled,7,36,7,-0.039820121738765389,scrambled_array_coordinate
scrambled,11,36,7,-0.035923755201960769,scrambled_array_coordinate
scrambled,25,36,7,0.039421901030725015,scrambled_array_coordinate
scrambled,13,39,7,-0.047585667338150284,scrambled_array_coordinate
scrambled,18,39,7,0.037184057468141248,scrambled_array_coordinate
scrambled,24,39,7,0.038004979033334808,scrambled_array_coordinate
scrambled,39,39,7,-0.036865317830206162,scrambled_array_coordinate
scrambled,1,40,7,0.056606947317396558,scrambled_array_coordinate
scrambled,6,40,7,0.04183468757502537,scrambled_array_coordinate
scrambled,10,40,7,-0.052439222938880044,scrambled_array_coordinate
scrambled,15,40,7,0.036824004488557424,scrambled_array_coordinate
scrambled,22,40,7,0.051948168907666868,scrambled_array_coordinate
scrambled,35,40,7,-0.038895095735573315,scrambled_array_coordinate
scrambled,1,41,7,-0.10452971422140418,scrambled_array_coordinate
scrambled,3,41,7,0.051766176253836935,scrambled_array_coordinate
scrambled,4,41,7,-0.058875668033649707,scrambled_array_coordinate
scrambled,6,41,7,-0.069103513763210389,scrambled_array_coordinate
scrambled,7,41,7,0.056226814424572197,scrambled_array_coordinate
scrambled,9,41,7,0.061462526941837937,scrambled_array_coordinate
scrambled,10,41,7,0.06675941320611177,scrambled_array_coordinate
scrambled,13,41,7,-0.07364808007979888,scrambled_array_coordinate
scrambled,15,41,7,-0.047135065167229047,scrambled_array_coordinate
scrambled,18,41,7,0.075540589611688996,scrambled_array_coordinate
scrambled,20,41,7,-0.042559253974730094,scrambled_array_coordinate
scrambled,23,41,7,-0.060092473229513825,scrambled_array_coordinate
scrambled,24,41,7,0.084996413227386922,scrambled_array_coordinate
scrambled,25,41,7,-0.044950520537082879,scrambled_array_coordinate
scrambled,26,41,7,0.048752894439229033,scrambled_array_coordinate
scrambled,29,41,7,0.061543631355773308,scrambled_array_coordinate
scrambled,30,41,7,-0.051604177693809435,scrambled_array_coordinate
scrambled,31,41,7,0.039276467546978444,scrambled_array_coordinate
scrambled,32,41,7,0.068374185328246906,scrambled_array_coordinate
scrambled,34,41,7,-0.059599508737166781,scrambled_array_coordinate
scrambled,39,41,7,-0.054043066169948771,scrambled_array_coordinate
scrambled,40,41,7,-0.039140293263469447,scrambled_array_coordinate
scrambled,46,41,7,-0.068029231792399933,scrambled_array_coordinate
scrambled,47,41,7,0.045962702338733272,scrambled_array_coordinate
scrambled,48,41,7,-0.063261852560410017,scrambled_array_coordinate
scrambled,1,42,7,0.082900127458778561,scrambled_array_coordinate
scrambled,4,42,7,0.057700451679751158,scrambled_array_coordinate
scrambled,9,42,7,-0.061190669443476974,scrambled_array_coordinate
scrambled,10,42,7,-0.040030982953638237,scrambled_array_coordinate
scrambled,13,42,7,0.047802275749246996,scrambled_array_coordinate
scrambled,15,42,7,0.038418497398963622,scrambled_array_coordinate
scrambled,18,42,7,-0.054341895016306936,scrambled_array_coordinate
scrambled,49,42,7,-0.04086820710043447,scrambled_array_coordinate
scrambled,0,43,7,0.046495374379790802,scrambled_array_coordinate
scrambled,1,43,7,0.04352718620345751,scrambled_array_coordinate
scrambled,2,43,7,-0.055232339884834454,scrambled_array_coordinate
scrambled,3,43,7,-0.044923501767382232,scrambled_array_coordinate
scrambled,7,43,7,-0.047273426110195617,scrambled_array_coordinate
scrambled,8,43,7,0.036066480721172307,scrambled_array_coordinate
scrambled,16,43,7,0.040860498787954412,scrambled_array_coordinate
scrambled,20,43,7,0.067658862478668411,scrambled_array_coordinate
scrambled,25,43,7,0.08763690797724609,scrambled_array_coordinate
scrambled,29,43,7,0.060443809093561077,scrambled_array_coordinate
scrambled,36,43,7,-0.047535795514682566,scrambled_array_coordinate
scrambled,40,43,7,-0.053731866159905627,scrambled_array_coordinate
scrambled,46,43,7,-0.074582648497034956,scrambled_array_coordinate
scrambled,8,44,7,-0.04083240551037811,scrambled_array_coordinate
scrambled,11,44,7,0.03764622977286685,scrambled_array_coordinate
scrambled,20,44,7,-0.040023657308664189,scrambled_array_coordinate
scrambled,22,44,7,0.037944922902889283,scrambled_array_coordinate
scrambled,23,44,7,0.041723987274438427,scrambled_array_coordinate
scrambled,26,44,7,-0.03762555392837548,scrambled_array_coordinate
scrambled,48,44,7,0.03868271189800402,scrambled_array_coordinate
scrambled,0,45,7,-0.043272208161811411,scrambled_array_coordinate
scrambled,1,45,7,-0.073515611438355069,scrambled_array_coordinate
scrambled,3,45,7,0.036472447757797954,scrambled_array_coordinate
scrambled,25,45,7,-0.050317251452606675,scrambled_array_coordinate
scrambled,36,45,7,0.041657109365833965,scrambled_array_coordinate
scrambled,41,45,7,-0.038978166980792629,scrambled_array_coordinate
scrambled,46,45,7,0.04403901419146794,scrambled_array_coordinate
scrambled,5,47,7,-0.037675325874323595,scrambled_array_coordinate
scrambled,10,47,7,0.047176302779925745,scrambled_array_coordinate
scrambled,25,47,7,0.044851727619135806,scrambled_array_coordinate
scrambled,41,47,7,0.051934328527589821,scrambled_array_coordinate
scrambled,42,47,7,0.036857860748500969,scrambled_array_coordinate
scrambled,44,47,7,0.037780147070175622,scrambled_array_coordinate
scrambled,46,47,7,-0.052015995090038313,scrambled_array_coordinate
scrambled,47,47,7,0.048756760241811276,scrambled_array_coordinate
scrambled,11,49,7,0.03620827069093964,scrambled_array_coordinate
scrambled,6,0,8,0.045321287429894386,scrambled_array_coordinate
scrambled,10,0,8,-0.047446190918368741,scrambled_array_coordinate
scrambled,29,0,8,-0.047787579120394177,scrambled_array_coordinate
scrambled,41,0,8,-0.036105594927010064,scrambled_array_coordinate
scrambled,46,0,8,0.062221305597229624,scrambled_array_coordinate
scrambled,22,1,8,0.040865380717690213,scrambled_array_coordinate
scrambled,40,1,8,-0.038049580013631429,scrambled_array_coordinate
scrambled,15,2,8,-0.037926471641061651,scrambled_array_coordinate
scrambled,35,2,8,0.036460761433909826,scrambled_array_coordinate
scrambled,29,3,8,-0.043498077046948178,scrambled_array_coordinate
scrambled,35,3,8,-0.041355105000445945,scrambled_array_coordinate
scrambled,47,3,8,-0.036678574265668694,scrambled_array_coordinate
scrambled,0,4,8,0.063316342661761643,scrambled_array_coordinate
scrambled,22,4,8,-0.042269467160987215,scrambled_array_coordinate
scrambled,42,4,8,0.047443934744224862,scrambled_array_coordinate
scrambled,20,6,8,-0.044764583042809933,scrambled_array_coordinate
scrambled,2,7,8,-0.039773762451347242,scrambled_array_coordinate
scrambled,13,7,8,0.045830840552188279,scrambled_array_coordinate
scrambled,19,7,8,-0.048963544493514241,scrambled_array_coordinate
scrambled,22,7,8,0.03920610999463614,scrambled_array_coordinate
scrambled,24,7,8,-0.038454261164477595,scrambled_array_coordinate
scrambled,0,8,8,0.050610970986663381,scrambled_array_coordinate
scrambled,1,8,8,0.044863911345207085,scrambled_array_coordinate
scrambled,3,8,8,-0.041058286574341435,scrambled_array_coordinate
scrambled,5,8,8,-0.039127128298797095,scrambled_array_coordinate
scrambled,13,8,8,-0.054265520572681497,scrambled_array_coordinate
scrambled,19,8,8,0.048494877047933871,scrambled_array_coordinate
scrambled,24,8,8,0.050771369153465355,scrambled_array_coordinate
scrambled,25,8,8,0.039508374286990174,scrambled_array_coordinate
scrambled,36,8,8,-0.06708001575728692,scrambled_array_coordinate
scrambled,37,8,8,0.041775423133273933,scrambled_array_coordinate
scrambled,40,8,8,-0.036622607042004984,scrambled_array_coordinate
scrambled,41,8,8,0.053941559018816872,scrambled_array_coordinate
scrambled,42,8,8,0.04266589373617688,scrambled_array_coordinate
scrambled,46,8,8,-0.12729539431528766,scrambled_array_coordinate
scrambled,49,8,8,-0.042034668839576697,scrambled_array_coordinate
scrambled,18,9,8,0.036344023634591022,scrambled_array_coordinate
scrambled,24,9,8,0.038256805985153165,scrambled_array_coordinate
scrambled,20,10,8,0.044584761836179827,scrambled_array_coordinate
scrambled,40,10,8,0.043120538778278532,scrambled_array_coordinate
scrambled,44,10,8,-0.036926531434455651,scrambled_array_coordinate
scrambled,45,10,8,-0.037215798693195426,scrambled_array_coordinate
scrambled,49,10,8,0.042947654540516252,scrambled_array_coordinate
scrambled,25,12,8,0.040087512541646352,scrambled_array_coordinate
scrambled,46,12,8,-0.039430798249668657,scrambled_array_coordinate
scrambled,4,13,8,0.038898311976185262,scrambled_array_coordinate
scrambled,11,13,8,-0.044005649855335567,scrambled_array_coordinate
scrambled,20,13,8,0.038016833090328793,scrambled_array_coordinate
scrambled,41,13,8,-0.046878632365694485,scrambled_array_coordinate
scrambled,45,13,8,0.03635619336459104,scrambled_array_coordinate
scrambled,46,13,8,0.098314422026726064,scrambled_array_coordinate
scrambled,49,13,8,0.062853978705482219,scrambled_array_coordinate
scrambled,0,14,8,-0.049216813632568718,scrambled_array_coordinate
scrambled,27,14,8,0.037562809744572462,scrambled_array_coordinate
scrambled,37,14,8,0.040221645735554978,scrambled_array_coordinate
scrambled,46,14,8,0.038438962594570136,scrambled_array_coordinate
scrambled,18,15,8,0.041706935191497929,scrambled_array_coordinate
scrambled,23,15,8,-0.05006922805784525,scrambled_array_coordinate
scrambled,24,15,8,0.047806729564150302,scrambled_array_coordinate
scrambled,26,15,8,0.043365721905222865,scrambled_array_coordinate
scrambled,30,15,8,-0.039430103693421724,scrambled_array_coordinate
scrambled,31,15,8,0.036537607283620668,scrambled_array_coordinate
scrambled,48,15,8,-0.050394439193153374,scrambled_array_coordinate
scrambled,0,16,8,0.042973009114633573,scrambled_array_coordinate
scrambled,3,16,8,-0.056177865916011503,scrambled_array_coordinate
scrambled,18,16,8,-0.041332895798349804,scrambled_array_coordinate
scrambled,22,16,8,-0.037042682015585901,scrambled_array_coordinate
scrambled,25,16,8,0.045121924221886323,scrambled_array_coordinate
scrambled,42,16,8,0.039395773561994661,scrambled_array_coordinate
scrambled,0,17,8,0.045644017033597717,scrambled_array_coordinate
scrambled,1,17,8,-0.057094973265556653,scrambled_array_coordinate
scrambled,13,17,8,-0.045809606686164447,scrambled_array_coordinate
scrambled,15,17,8,0.037432110212342218,scrambled_array_coordinate
scrambled,22,17,8,-0.047777674035588476,scrambled_array_coordinate
scrambled,25,17,8,-0.060644541843575747,scrambled_array_coordinate
scrambled,29,17,8,-0.042941119102289128,scrambled_array_coordinate
scrambled,31,17,8,0.043971041013247246,scrambled_array_coordinate
scrambled,35,17,8,-0.043061570694517631,scrambled_array_coordinate
scrambled,46,17,8,0.075463853527739377,scrambled_array_coordinate
scrambled,47,17,8,-0.037673666922135272,scrambled_array_coordinate
scrambled,1,18,8,0.037210583444011083,scrambled_array_coordinate
scrambled,11,18,8,0.036837175114420605,scrambled_array_coordinate
scrambled,30,18,8,0.037924836921525373,scrambled_array_coordinate
scrambled,49,18,8,-0.045909931686414836,scrambled_array_coordinate
scrambled,20,19,8,0.051052693906498137,scrambled_array_coordinate
scrambled,24,19,8,-0.049382911666057308,scrambled_array_coordinate
scrambled,32,19,8,-0.036330798598428277,scrambled_array_coordinate
scrambled,39,19,8,0.038150918222871519,scrambled_array_coordinate
scrambled,41,19,8,-0.03826164543915693,scrambled_array_coordinate
scrambled,46,19,8,0.053356827028732165,scrambled_array_coordinate
scrambled,49,19,8,0.040557482482487847,scrambled_array_coordinate
scrambled,7,20,8,-0.037114629492661769,scrambled_array_coordinate
scrambled,20,20,8,-0.047354152738418025,scrambled_array_coordinate
scrambled,36,20,8,-0.05096679581548786,scrambled_array_coordinate
scrambled,41,20,8,0.038408847085267803,scrambled_array_coordinate
scrambled,46,20,8,-0.06731689429308825,scrambled_array_coordinate
scrambled,49,20,8,-0.047285742094022268,scrambled_array_coordinate
scrambled,1,21,8,-0.058381543587626393,scrambled_array_coordinate
scrambled,2,21,8,0.03983269334971893,scrambled_array_coordinate
scrambled,4,21,8,-0.038216572883867254,scrambled_array_coordinate
scrambled,13,21,8,-0.064313980041697763,scrambled_array_coordinate
scrambled,19,21,8,0.061187949784754656,scrambled_array_coordinate
scrambled,20,21,8,-0.057343142161952854,scrambled_array_coordinate
scrambled,21,21,8,-0.051355009054113325,scrambled_array_coordinate
scrambled,1,23,8,-0.042221291560885964,scrambled_array_coordinate
scrambled,13,23,8,-0.044228935924673994,scrambled_array_coordinate
scrambled,20,23,8,0.041598132762123374,scrambled_array_coordinate
scrambled,22,23,8,-0.038613519286499913,scrambled_array_coordinate
scrambled,46,23,8,0.043984193933528051,scrambled_array_coordinate
scrambled,49,23,8,0.036567286935386412,scrambled_array_coordinate
scrambled,5,24,8,-0.041266738793300693,scrambled_array_coordinate
scrambled,21,24,8,0.037679524568485979,scrambled_array_coordinate
scrambled,37,24,8,0.037124565435894319,scrambled_array_coordinate
scrambled,42,24,8,0.038209999740633313,scrambled_array_coordinate
scrambled,47,24,8,0.0493453330569434,scrambled_array_coordinate
scrambled,49,24,8,0.047338087080574624,scrambled_array_coordinate
scrambled,6,25,8,0.048644782422945593,scrambled_array_coordinate
scrambled,10,25,8,-0.044728020036248491,scrambled_array_coordinate
scrambled,15,25,8,0.036801534215309059,scrambled_array_coordinate
scrambled,18,25,8,-0.039208363684104158,scrambled_array_coordinate
scrambled,20,25,8,0.03720926336507914,scrambled_array_coordinate
scrambled,24,25,8,-0.040700896234813017,scrambled_array_coordinate
scrambled,39,25,8,0.049726273173926326,scrambled_array_coordinate
scrambled,46,25,8,0.079979158501152892,scrambled_array_coordinate
scrambled,1,26,8,-0.055745538046864579,scrambled_array_coordinate
scrambled,24,26,8,-0.05625491449884585,scrambled_array_coordinate
scrambled,37,26,8,-0.037210657057096419,scrambled_array_coordinate
scrambled,41,26,8,-0.053501767295206337,scrambled_array_coordinate
scrambled,46,26,8,0.063830301900941439,scrambled_array_coordinate
scrambled,49,26,8,0.045637620119580835,scrambled_array_coordinate
scrambled,6,27,8,-0.036297656722456557,scrambled_array_coordinate
scrambled,7,27,8,0.038051090859797042,scrambled_array_coordinate
scrambled,13,27,8,-0.044299579065009746,scrambled_array_coordinate
scrambled,15,27,8,-0.051437863002267638,scrambled_array_coordinate
scrambled,23,27,8,-0.044225533984445835,scrambled_array_coordinate
scrambled,24,27,8,0.05849321543480112,scrambled_array_coordinate
scrambled,26,27,8,0.036081457027543222,scrambled_array_coordinate
scrambled,30,27,8,-0.042034869244750236,scrambled_array_coordinate
scrambled,34,27,8,-0.040467935105540073,scrambled_array_coordinate
scrambled,46,27,8,-0.047785222020479842,scrambled_array_coordinate
scrambled,47,27,8,0.037772233599763005,scrambled_array_coordinate
scrambled,46,28,8,-0.041945201641507598,scrambled_array_coordinate
scrambled,24,29,8,0.04236952469858421,scrambled_array_coordinate
scrambled,46,29,8,-0.051400133809869311,scrambled_array_coordinate
scrambled,3,30,8,-0.037590191720512041,scrambled_array_coordinate
scrambled,31,30,8,-0.035896832932065165,scrambled_array_coordinate
scrambled,42,30,8,-0.035988544363904543,scrambled_array_coordinate
scrambled,45,30,8,0.040001468525613454,scrambled_array_coordinate
scrambled,2,31,8,-0.037393130886357394,scrambled_array_coordinate
scrambled,10,31,8,0.057620044551913913,scrambled_array_coordinate
scrambled,27,31,8,-0.038032864520736481,scrambled_array_coordinate
scrambled,46,31,8,-0.038036763222465408,scrambled_array_coordinate
scrambled,41,32,8,0.041584294156885568,scrambled_array_coordinate
scrambled,46,32,8,-0.037758392081050349,scrambled_array_coordinate
scrambled,49,32,8,-0.046458635002358077,scrambled_array_coordinate
scrambled,0,33,8,-0.051509233432361405,scrambled_array_coordinate
scrambled,15,33,8,-0.035845135346682107,scrambled_array_coordinate
scrambled,1,34,8,0.045641003458443727,scrambled_array_coordinate
scrambled,22,34,8,0.051864017935647155,scrambled_array_coordinate
scrambled,25,34,8,0.049168778687790952,scrambled_array_coordinate
scrambled,27,34,8,-0.040262668707002167,scrambled_array_coordinate
scrambled,29,34,8,0.046448595140840231,scrambled_array_coordinate
scrambled,38,34,8,-0.041506661532771015,scrambled_array_coordinate
scrambled,46,34,8,-0.10214998133322303,scrambled_array_coordinate
scrambled,1,35,8,0.055515846163224636,scrambled_array_coordinate
scrambled,8,35,8,-0.044079388686965003,scrambled_array_coordinate
scrambled,15,35,8,-0.036498716705695926,scrambled_array_coordinate
scrambled,20,35,8,-0.04906611548965753,scrambled_array_coordinate
scrambled,22,35,8,0.063154263532088195,scrambled_array_coordinate
scrambled,24,35,8,0.051354199656824008,scrambled_array_coordinate
scrambled,31,35,8,-0.044194831248973304,scrambled_array_coordinate
scrambled,36,35,8,-0.060613361634761879,scrambled_array_coordinate
scrambled,38,35,8,-0.044639151296396826,scrambled_array_coordinate
scrambled,41,35,8,0.052020940879007084,scrambled_array_coordinate
scrambled,46,35,8,-0.10330107183811885,scrambled_array_coordinate
scrambled,47,35,8,0.047098605108762001,scrambled_array_coordinate
scrambled,49,35,8,-0.054854371498833772,scrambled_array_coordinate
scrambled,0,37,8,-0.041828402870865214,scrambled_array_coordinate
scrambled,41,37,8,-0.042515457471624087,scrambled_array_coordinate
scrambled,46,37,8,0.044346492727628035,scrambled_array_coordinate
scrambled,0,39,8,-0.040234249265422711,scrambled_array_coordinate
scrambled,1,39,8,-0.061172986446740296,scrambled_array_coordinate
scrambled,9,39,8,0.040726666061058008,scrambled_array_coordinate
scrambled,15,39,8,-0.045950838447931248,scrambled_array_coordinate
scrambled,41,39,8,-0.061416495776807314,scrambled_array_coordinate
scrambled,44,39,8,-0.037080553761834979,scrambled_array_coordinate
scrambled,46,39,8,0.038090697777142753,scrambled_array_coordinate
scrambled,49,39,8,0.052347469963016167,scrambled_array_coordinate
scrambled,1,41,8,-0.055891448574129678,scrambled_array_coordinate
scrambled,29,41,8,-0.053159552654142773,scrambled_array_coordinate
scrambled,41,41,8,-0.053189294273219015,scrambled_array_coordinate
scrambled,46,41,8,0.076359574974344327,scrambled_array_coordinate
scrambled,49,41,8,0.04747554712549714,scrambled_array_coordinate
scrambled,1,42,8,0.054859419369801141,scrambled_array_coordinate
scrambled,41,42,8,0.036420802867552282,scrambled_array_coordinate
scrambled,1,43,8,0.051380695655113953,scrambled_array_coordinate
scrambled,3,43,8,-0.051520100121816098,scrambled_array_coordinate
scrambled,10,43,8,-0.039455798309994683,scrambled_array_coordinate
scrambled,20,43,8,0.051943041237176885,scrambled_array_coordinate
scrambled,25,43,8,0.046697338220000335,scrambled_array_coordinate
scrambled,36,43,8,-0.036982672992878989,scrambled_array_coordinate
scrambled,37,43,8,0.038737789064888291,scrambled_array_coordinate
scrambled,1,44,8,-0.040729101313884075,scrambled_array_coordinate
scrambled,4,44,8,-0.043654256633099513,scrambled_array_coordinate
scrambled,15,44,8,-0.038391103505947564,scrambled_array_coordinate
scrambled,28,44,8,-0.038193848593664571,scrambled_array_coordinate
scrambled,30,44,8,-0.049653719519394506,scrambled_array_coordinate
scrambled,42,44,8,-0.046624767491762399,scrambled_array_coordinate
scrambled,4,45,8,-0.049518979986710343,scrambled_array_coordinate
scrambled,13,45,8,-0.041532679943439801,scrambled_array_coordinate
scrambled,14,45,8,0.037985792878108292,scrambled_array_coordinate
scrambled,20,45,8,-0.041950984625916614,scrambled_array_coordinate
scrambled,46,45,8,-0.072015593583664064,scrambled_array_coordinate
scrambled,49,45,8,-0.045922875221753326,scrambled_array_coordinate
scrambled,0,46,8,-0.038632430519569119,scrambled_array_coordinate
scrambled,6,47,8,0.044737539952982269,scrambled_array_coordinate
scrambled,8,47,8,0.038194370232467731,scrambled_array_coordinate
scrambled,20,47,8,0.07458370997793963,scrambled_array_coordinate
scrambled,22,47,8,-0.058210743055968295,scrambled_array_coordinate
scrambled,29,47,8,-0.045736839969000007,scrambled_array_coordinate
scrambled,30,47,8,0.052721667930391881,scrambled_array_coordinate
scrambled,41,47,8,-0.055070302658306348,scrambled_array_coordinate
scrambled,44,47,8,-0.040901700850176789,scrambled_array_coordinate
scrambled,46,47,8,0.10542920202327979,scrambled_array_coordinate
scrambled,47,47,8,-0.038085053779529421,scrambled_array_coordinate
scrambled,49,47,8,0.058893705505685241,scrambled_array_coordinate
scrambled,6,48,8,0.047859752762016025,scrambled_array_coordinate
scrambled,10,48,8,-0.042310512654561129,scrambled_array_coordinate
scrambled,24,48,8,-0.035858722489724881,scrambled_array_coordinate
scrambled,39,48,8,0.044335851891385301,scrambled_array_coordinate
scrambled,46,48,8,0.048940368075487441,scrambled_array_coordinate
scrambled,25,49,8,0.040790861735191461,scrambled_array_coordinate
scrambled,46,0,9,0.045170509884937128,scrambled_array_coordinate
scrambled,0,1,9,-0.095870698967065432,scrambled_array_coordinate
scrambled,12,1,9,0.05034509683854449,scrambled_array_coordinate
scrambled,15,1,9,-0.054515426836837459,scrambled_array_coordinate
scrambled,25,1,9,0.035842875785807866,scrambled_array_coordinate
scrambled,28,1,9,-0.054569094674201207,scrambled_array_coordinate
scrambled,41,1,9,-0.07084326582907105,scrambled_array_coordinate
scrambled,46,1,9,0.044036502054894511,scrambled_array_coordinate
scrambled,4,2,9,0.041897258324401054,scrambled_array_coordinate
scrambled,10,2,9,-0.041471092832311762,scrambled_array_coordinate
scrambled,22,2,9,0.038161094904438947,scrambled_array_coordinate
scrambled,6,3,9,-0.050076511459206149,scrambled_array_coordinate
scrambled,9,3,9,0.04665272659989992,scrambled_array_coordinate
scrambled,46,3,9,-0.036513091804274936,scrambled_array_coordinate
scrambled,1,4,9,-0.05295511440095934,scrambled_array_coordinate
scrambled,3,4,9,0.037150539636738381,scrambled_array_coordinate
scrambled,22,4,9,-0.037152914679901408,scrambled_array_coordinate
scrambled,24,4,9,-0.05210182520086179,scrambled_array_coordinate
scrambled,31,4,9,0.044032433181472465,scrambled_array_coordinate
scrambled,35,4,9,-0.043390308741929666,scrambled_array_coordinate
scrambled,36,4,9,0.05908524523464391,scrambled_array_coordinate
scrambled,37,4,9,-0.053143871651786613,scrambled_array_coordinate
scrambled,41,4,9,-0.074025361860757588,scrambled_array_coordinate
scrambled,46,4,9,0.074910972183531988,scrambled_array_coordinate
scrambled,49,4,9,0.036941506720108791,scrambled_array_coordinate
scrambled,2,6,9,-0.040028463654247705,scrambled_array_coordinate
scrambled,4,6,9,-0.03593965113909995,scrambled_array_coordinate
scrambled,9,6,9,0.03869437510215655,scrambled_array_coordinate
scrambled,35,6,9,-0.042963903573257793,scrambled_array_coordinate
scrambled,39,6,9,-0.039199185035974006,scrambled_array_coordinate
scrambled,46,6,9,-0.052460422134305712,scrambled_array_coordinate
scrambled,0,7,9,0.040510650370854669,scrambled_array_coordinate
scrambled,1,7,9,-0.068448382120279677,scrambled_array_coordinate
scrambled,10,7,9,0.036188923936889064,scrambled_array_coordinate
scrambled,12,7,9,-0.052204234401894409,scrambled_array_coordinate
scrambled,13,7,9,-0.0390217557047009,scrambled_array_coordinate
scrambled,19,7,9,0.056461419284849886,scrambled_array_coordinate
scrambled,21,7,9,-0.039662172105795403,scrambled_array_coordinate
scrambled,25,7,9,-0.06984939565437405,scrambled_array_coordinate
scrambled,32,7,9,0.046687957147187709,scrambled_array_coordinate
scrambled,34,7,9,-0.038658499552310877,scrambled_array_coordinate
scrambled,41,7,9,0.040043798353794742,scrambled_array_coordinate
scrambled,0,8,9,-0.039139351461561868,scrambled_array_coordinate
scrambled,3,8,9,0.050817581434114786,scrambled_array_coordinate
scrambled,6,8,9,-0.042074496045117267,scrambled_array_coordinate
scrambled,17,8,9,-0.038515736011778698,scrambled_array_coordinate
scrambled,19,8,9,-0.049437890126136814,scrambled_array_coordinate
scrambled,21,8,9,0.059027942208739567,scrambled_array_coordinate
scrambled,28,8,9,-0.040908386489130311,scrambled_array_coordinate
scrambled,31,8,9,0.047886626496617082,scrambled_array_coordinate
scrambled,36,8,9,0.072175164254936905,scrambled_array_coordinate
scrambled,37,8,9,-0.03792421360685426,scrambled_array_coordinate
scrambled,40,8,9,0.047871629412471139,scrambled_array_coordinate
scrambled,44,8,9,0.036577201429227185,scrambled_array_coordinate
scrambled,46,8,9,0.048594336643499568,scrambled_array_coordinate
scrambled,0,9,9,-0.036185346553150484,scrambled_array_coordinate
scrambled,11,9,9,0.041893778674907095,scrambled_array_coordinate
scrambled,25,9,9,0.044275932707548295,scrambled_array_coordinate
scrambled,31,9,9,-0.047573122561066231,scrambled_array_coordinate
scrambled,40,9,9,-0.042916716569212726,scrambled_array_coordinate
scrambled,41,9,9,-0.039044426320956734,scrambled_array_coordinate
scrambled,44,9,9,-0.044235294366326172,scrambled_array_coordinate
scrambled,0,10,9,0.046596762740252741,scrambled_array_coordinate
scrambled,12,10,9,-0.043781809556475176,scrambled_array_coordinate
scrambled,22,10,9,0.042445214283058461,scrambled_array_coordinate
scrambled,25,10,9,-0.048559223220122898,scrambled_array_coordinate
scrambled,41,10,9,0.0915611044825589,scrambled_array_coordinate
scrambled,46,10,9,-0.073279379266116981,scrambled_array_coordinate
scrambled,49,10,9,-0.046747153311328726,scrambled_array_coordinate
scrambled,0,11,9,-0.035926626260837466,scrambled_array_coordinate
scrambled,40,11,9,0.03871682092726212,scrambled_array_coordinate
scrambled,3,12,9,0.038173385203329788,scrambled_array_coordinate
scrambled,11,12,9,-0.048850388123963737,scrambled_array_coordinate
scrambled,25,12,9,-0.04931002321485508,scrambled_array_coordinate
scrambled,31,12,9,0.059868002305506117,scrambled_array_coordinate
scrambled,40,12,9,0.042167906992194304,scrambled_array_coordinate
scrambled,46,12,9,0.05926431462411836,scrambled_array_coordinate
scrambled,0,13,9,-0.047172944910305499,scrambled_array_coordinate
scrambled,41,13,9,-0.039755872637658729,scrambled_array_coordinate
scrambled,46,13,9,0.060020888443460915,scrambled_array_coordinate
scrambled,20,14,9,0.036124624999087536,scrambled_array_coordinate
scrambled,46,14,9,0.038966244488548442,scrambled_array_coordinate
scrambled,1,15,9,0.038329890224118597,scrambled_array_coordinate
scrambled,13,15,9,0.039066373724919522,scrambled_array_coordinate
scrambled,23,15,9,0.040138999708548014,scrambled_array_coordinate
scrambled,3,16,9,0.04331086071131568,scrambled_array_coordinate
scrambled,6,16,9,-0.039144515202713989,scrambled_array_coordinate
scrambled,10,16,9,0.037543282949629254,scrambled_array_coordinate
scrambled,13,16,9,-0.036948698822507196,scrambled_array_coordinate
scrambled,36,16,9,0.03610645641894733,scrambled_array_coordinate
scrambled,49,16,9,-0.040999978129851816,scrambled_array_coordinate
scrambled,1,17,9,0.047662096381991911,scrambled_array_coordinate
scrambled,12,17,9,0.056975816919941483,scrambled_array_coordinate
scrambled,18,17,9,-0.039496276344673391,scrambled_array_coordinate
scrambled,19,17,9,-0.056131586729048707,scrambled_array_coordinate
scrambled,21,17,9,0.041304105746833623,scrambled_array_coordinate
scrambled,23,17,9,0.03589357694235451,scrambled_array_coordinate
scrambled,24,17,9,-0.054305612908831985,scrambled_array_coordinate
scrambled,25,17,9,0.07328004162870759,scrambled_array_coordinate
scrambled,32,17,9,-0.052042088842993453,scrambled_array_coordinate
scrambled,34,17,9,0.045531377167849781,scrambled_array_coordinate
scrambled,35,17,9,-0.044007646850366913,scrambled_array_coordinate
scrambled,41,17,9,-0.060321332229583233,scrambled_array_coordinate
scrambled,45,17,9,-0.044671470223649846,scrambled_array_coordinate
scrambled,48,17,9,0.042442097181195258,scrambled_array_coordinate
scrambled,0,18,9,-0.066524573090440547,scrambled_array_coordinate
scrambled,15,18,9,-0.037570871644199998,scrambled_array_coordinate
scrambled,23,18,9,-0.037083832095484721,scrambled_array_coordinate
scrambled,28,18,9,-0.042416000592436449,scrambled_array_coordinate
scrambled,41,18,9,-0.044533270795041574,scrambled_array_coordinate
scrambled,46,18,9,0.049053658427009789,scrambled_array_coordinate
scrambled,25,19,9,-0.050099068306312521,scrambled_array_coordinate
scrambled,41,19,9,0.054830475695386988,scrambled_array_coordinate
scrambled,6,20,9,-0.053426041887229658,scrambled_array_coordinate
scrambled,30,20,9,-0.040371296167169682,scrambled_array_coordinate
scrambled,0,21,9,-0.039574669100367825,scrambled_array_coordinate
scrambled,1,21,9,0.093142493535032483,scrambled_array_coordinate
scrambled,3,21,9,0.045875918148923348,scrambled_array_coordinate
scrambled,7,21,9,-0.036343816951281499,scrambled_array_coordinate
scrambled,11,21,9,-0.051060315546038008,scrambled_array_coordinate
scrambled,12,21,9,0.059421451612973498,scrambled_array_coordinate
scrambled,13,21,9,0.042476731081825779,scrambled_array_coordinate
scrambled,17,21,9,-0.053644494019775328,scrambled_array_coordinate
scrambled,19,21,9,-0.083675105665617824,scrambled_array_coordinate
scrambled,20,21,9,0.038573970915630224,scrambled_array_coordinate
scrambled,21,21,9,0.083248478361791209,scrambled_array_coordinate
scrambled,24,21,9,-0.051613990687046599,scrambled_array_coordinate
scrambled,26,21,9,-0.043905224717346904,scrambled_array_coordinate
scrambled,31,21,9,0.044278600740929819,scrambled_array_coordinate
scrambled,32,21,9,-0.036257890149849342,scrambled_array_coordinate
scrambled,33,21,9,0.048974348791945656,scrambled_array_coordinate
scrambled,34,21,9,0.060398896918939869,scrambled_array_coordinate
scrambled,39,21,9,0.036577099384666356,scrambled_array_coordinate
scrambled,40,21,9,0.070430105083783251,scrambled_array_coordinate
scrambled,44,21,9,0.058012437847305358,scrambled_array_coordinate
scrambled,45,21,9,-0.038616346028442633,scrambled_array_coordinate
scrambled,46,21,9,0.059446801355766785,scrambled_array_coordinate
scrambled,48,21,9,0.042726027698446217,scrambled_array_coordinate
scrambled,1,23,9,0.041677568002279022,scrambled_array_coordinate
scrambled,13,23,9,0.039779608804883806,scrambled_array_coordinate
scrambled,25,23,9,0.043104206774162934,scrambled_array_coordinate
scrambled,21,24,9,-0.038440904954498395,scrambled_array_coordinate
scrambled,46,24,9,-0.046953111985462349,scrambled_array_coordinate
scrambled,49,24,9,-0.03717979582206473,scrambled_array_coordinate
scrambled,28,25,9,-0.036961738875954775,scrambled_array_coordinate
scrambled,41,25,9,-0.05144180252740551,scrambled_array_coordinate
scrambled,0,26,9,0.059998263718046341,scrambled_array_coordinate
scrambled,15,26,9,0.037023753560919963,scrambled_array_coordinate
scrambled,22,26,9,-0.036517248638970837,scrambled_array_coordinate
scrambled,24,26,9,-0.052902780935451373,scrambled_array_coordinate
scrambled,31,26,9,0.045180502718016491,scrambled_array_coordinate
scrambled,1,27,9,0.061627704427200364,scrambled_array_coordinate
scrambled,4,27,9,0.045031659379012517,scrambled_array_coordinate
scrambled,9,27,9,-0.035823622244960732,scrambled_array_coordinate
scrambled,10,27,9,-0.038939703270028186,scrambled_array_coordinate
scrambled,13,27,9,0.040271969627734883,scrambled_array_coordinate
scrambled,22,27,9,0.05521002788723605,scrambled_array_coordinate
scrambled,41,27,9,0.048553328795028723,scrambled_array_coordinate
scrambled,22,29,9,0.042340552720296069,scrambled_array_coordinate
scrambled,24,29,9,0.05330804328076677,scrambled_array_coordinate
scrambled,31,29,9,-0.037865831429924078,scrambled_array_coordinate
scrambled,36,29,9,-0.054823331400907067,scrambled_array_coordinate
scrambled,41,29,9,0.054994176395348607,scrambled_array_coordinate
scrambled,46,29,9,-0.080163683522031473,scrambled_array_coordinate
scrambled,2,30,9,0.036107659269007913,scrambled_array_coordinate
scrambled,35,30,9,0.043437449016796699,scrambled_array_coordinate
scrambled,41,30,9,0.056343594881033632,scrambled_array_coordinate
scrambled,0,31,9,0.10020713817489861,scrambled_array_coordinate
scrambled,12,31,9,-0.057024631036930583,scrambled_array_coordinate
scrambled,15,31,9,0.036329225355526178,scrambled_array_coordinate
scrambled,22,31,9,0.036360665232068996,scrambled_array_coordinate
scrambled,25,31,9,-0.047883895935407789,scrambled_array_coordinate
scrambled,28,31,9,0.055270068179236638,scrambled_array_coordinate
scrambled,36,31,9,-0.045908536137672679,scrambled_array_coordinate
scrambled,41,31,9,0.12217078278139781,scrambled_array_coordinate
scrambled,44,31,9,0.041710171209527309,scrambled_array_coordinate
scrambled,46,31,9,-0.094774971498180413,scrambled_array_coordinate
scrambled,49,31,9,-0.045065681504007138,scrambled_array_coordinate
scrambled,46,32,9,-0.045006462948150298,scrambled_array_coordinate
scrambled,1,33,9,0.037530568201412901,scrambled_array_coordinate
scrambled,36,33,9,-0.039029551362794963,scrambled_array_coordinate
scrambled,37,33,9,0.04077775624493226,scrambled_array_coordinate
scrambled,1,34,9,-0.061803033448303658,scrambled_array_coordinate
scrambled,25,34,9,-0.040804405238142973,scrambled_array_coordinate
scrambled,6,35,9,-0.035839480285428015,scrambled_array_coordinate
scrambled,18,35,9,0.036090320333716314,scrambled_array_coordinate
scrambled,22,35,9,0.037705867577519321,scrambled_array_coordinate
scrambled,24,35,9,0.045178862492617412,scrambled_array_coordinate
scrambled,35,35,9,0.048252970299552424,scrambled_array_coordinate
scrambled,41,35,9,0.081636040890661135,scrambled_array_coordinate
scrambled,46,35,9,-0.054423311489262376,scrambled_array_coordinate
scrambled,49,35,9,-0.048166772466750093,scrambled_array_coordinate
scrambled,20,36,9,-0.049017071653619383,scrambled_array_coordinate
scrambled,41,36,9,0.061362660636952782,scrambled_array_coordinate
scrambled,46,36,9,-0.05076275380158593,scrambled_array_coordinate
scrambled,49,36,9,-0.043712811084368176,scrambled_array_coordinate
scrambled,46,37,9,0.040480248637937102,scrambled_array_coordinate
scrambled,0,39,9,0.061279649756060824,scrambled_array_coordinate
scrambled,1,39,9,0.036350678547257688,scrambled_array_coordinate
scrambled,5,39,9,-0.039745663810928707,scrambled_array_coordinate
scrambled,9,39,9,-0.045186199167355619,scrambled_array_coordinate
scrambled,12,39,9,-0.042880154492233688,scrambled_array_coordinate
scrambled,22,39,9,0.063595471974894874,scrambled_array_coordinate
scrambled,24,39,9,0.042782931470723408,scrambled_array_coordinate
scrambled,25,39,9,-0.04940885718137087,scrambled_array_coordinate
scrambled,28,39,9,0.05617824543412421,scrambled_array_coordinate
scrambled,32,39,9,0.035889435973120727,scrambled_array_coordinate
scrambled,35,39,9,0.036344247399889951,scrambled_array_coordinate
scrambled,36,39,9,-0.056926031319159749,scrambled_array_coordinate
scrambled,38,39,9,-0.039160597615873011,scrambled_array_coordinate
scrambled,41,39,9,0.11790935379469787,scrambled_array_coordinate
scrambled,44,39,9,0.049528523537748392,scrambled_array_coordinate
scrambled,46,39,9,-0.07869412400617555,scrambled_array_coordinate
scrambled,49,39,9,-0.064279071306682575,scrambled_array_coordinate
scrambled,0,40,9,0.047237000152634032,scrambled_array_coordinate
scrambled,40,40,9,-0.050199366666413447,scrambled_array_coordinate
scrambled,46,40,9,-0.037869793983545584,scrambled_array_coordinate
scrambled,0,41,9,-0.046281305525304094,scrambled_array_coordinate
scrambled,3,41,9,0.03923881041303845,scrambled_array_coordinate
scrambled,19,41,9,-0.036360478134618422,scrambled_array_coordinate
scrambled,31,41,9,0.035841763960007891,scrambled_array_coordinate
scrambled,36,41,9,0.041317186523351361,scrambled_array_coordinate
scrambled,41,41,9,-0.043482830449437647,scrambled_array_coordinate
scrambled,46,41,9,0.098505430543927019,scrambled_array_coordinate
scrambled,1,42,9,-0.041946609152204502,scrambled_array_coordinate
scrambled,22,42,9,-0.044092512911102014,scrambled_array_coordinate
scrambled,41,42,9,-0.044292203565676952,scrambled_array_coordinate
scrambled,46,42,9,0.035803259284249822,scrambled_array_coordinate
scrambled,0,43,9,-0.07597695771596881,scrambled_array_coordinate
scrambled,27,43,9,0.038231439915098399,scrambled_array_coordinate
scrambled,28,43,9,-0.038240591256059768,scrambled_array_coordinate
scrambled,36,43,9,0.054742638760011411,scrambled_array_coordinate
scrambled,41,43,9,-0.03649127306532407,scrambled_array_coordinate
scrambled,45,43,9,0.039099957282481057,scrambled_array_coordinate
scrambled,46,43,9,0.10539998048776551,scrambled_array_coordinate
scrambled,0,44,9,0.074002105100886187,scrambled_array_coordinate
scrambled,6,44,9,0.036361762824113755,scrambled_array_coordinate
scrambled,9,44,9,-0.037654300085300269,scrambled_array_coordinate
scrambled,12,44,9,-0.046390796277183906,scrambled_array_coordinate
scrambled,15,44,9,0.052538779615454376,scrambled_array_coordinate
scrambled,28,44,9,0.05841722262398532,scrambled_array_coordinate
scrambled,36,44,9,-0.050991928811458288,scrambled_array_coordinate
scrambled,41,44,9,0.067270439552561748,scrambled_array_coordinate
scrambled,31,45,9,0.04095230873393315,scrambled_array_coordinate
scrambled,13,48,9,-0.038015075699263393,scrambled_array_coordinate
scrambled,24,48,9,0.040053845887719881,scrambled_array_coordinate
scrambled,25,49,9,-0.046660550040958371,scrambled_array_coordinate
scrambled,10,2,10,-0.041195797690038755,scrambled_array_coordinate
scrambled,15,2,10,0.045873242402767592,scrambled_array_coordinate
scrambled,40,2,10,-0.037082789045436056,scrambled_array_coordinate
scrambled,46,2,10,0.043720019598626716,scrambled_array_coordinate
scrambled,23,3,10,-0.041198954364117357,scrambled_array_coordinate
scrambled,24,3,10,0.050418416069112008,scrambled_array_coordinate
scrambled,26,3,10,0.050804056766701036,scrambled_array_coordinate
scrambled,39,3,10,-0.036163457763616298,scrambled_array_coordinate
scrambled,44,3,10,-0.043025747792932688,scrambled_array_coordinate
scrambled,49,3,10,0.036109455563781798,scrambled_array_coordinate
scrambled,10,6,10,-0.038568967366591544,scrambled_array_coordinate
scrambled,49,6,10,0.039994054500613281,scrambled_array_coordinate
scrambled,2,8,10,0.036306057894291754,scrambled_array_coordinate
scrambled,4,8,10,-0.058280090164471408,scrambled_array_coordinate
scrambled,14,8,10,0.036037804996088364,scrambled_array_coordinate
scrambled,15,8,10,-0.040377834944894032,scrambled_array_coordinate
scrambled,16,8,10,0.036333764081187617,scrambled_array_coordinate
scrambled,2,9,10,-0.038522709511501906,scrambled_array_coordinate
scrambled,4,10,10,-0.046235788884333794,scrambled_array_coordinate
scrambled,6,10,10,-0.040085029282247303,scrambled_array_coordinate
scrambled,8,10,10,-0.052212659534727833,scrambled_array_coordinate
scrambled,13,10,10,-0.042908151661846423,scrambled_array_coordinate
scrambled,18,10,10,0.040320434533594719,scrambled_array_coordinate
scrambled,20,10,10,-0.066448021693985337,scrambled_array_coordinate
scrambled,24,10,10,0.05878640784829095,scrambled_array_coordinate
scrambled,30,10,10,-0.045333868189475206,scrambled_array_coordinate
scrambled,41,10,10,0.037953728719084409,scrambled_array_coordinate
scrambled,46,10,10,-0.068439621237009141,scrambled_array_coordinate
scrambled,49,10,10,-0.05823922322314784,scrambled_array_coordinate
scrambled,6,11,10,-0.057699944538086079,scrambled_array_coordinate
scrambled,10,11,10,0.04299260391809382,scrambled_array_coordinate
scrambled,15,11,10,-0.036140630017060867,scrambled_array_coordinate
scrambled,22,11,10,-0.038349327752290482,scrambled_array_coordinate
scrambled,35,11,10,0.048366672633901354,scrambled_array_coordinate
scrambled,2,12,10,0.040223649838285053,scrambled_array_coordinate
scrambled,13,12,10,0.038114804656226624,scrambled_array_coordinate
scrambled,22,12,10,-0.047030390485594147,scrambled_array_coordinate
scrambled,23,12,10,0.038374364920994969,scrambled_array_coordinate
scrambled,24,12,10,-0.058995351222943311,scrambled_array_coordinate
scrambled,25,12,10,0.04774267161050115,scrambled_array_coordinate
scrambled,26,12,10,-0.045319697852375343,scrambled_array_coordinate
scrambled,27,12,10,0.042446107199407036,scrambled_array_coordinate
scrambled,33,12,10,0.040034024828285497,scrambled_array_coordinate
scrambled,39,12,10,0.04292655827097127,scrambled_array_coordinate
scrambled,40,12,10,0.039635862705065597,scrambled_array_coordinate
scrambled,43,12,10,-0.05021106526355773,scrambled_array_coordinate
scrambled,46,12,10,0.05314646047023254,scrambled_array_coordinate
scrambled,49,12,10,0.038753433763526961,scrambled_array_coordinate
scrambled,24,13,10,-0.059838141642358518,scrambled_array_coordinate
scrambled,26,13,10,-0.036188912948425175,scrambled_array_coordinate
scrambled,29,13,10,-0.038463304800037353,scrambled_array_coordinate
scrambled,40,13,10,0.048806912492548586,scrambled_array_coordinate
scrambled,46,13,10,0.052843932031601031,scrambled_array_coordinate
scrambled,6,15,10,0.042972846969803004,scrambled_array_coordinate
scrambled,10,15,10,-0.041162644368684054,scrambled_array_coordinate
scrambled,13,15,10,0.044298431146415948,scrambled_array_coordinate
scrambled,18,15,10,-0.042775800643548349,scrambled_array_coordinate
scrambled,46,15,10,0.043998640825436766,scrambled_array_coordinate
scrambled,2,16,10,0.038568211537385565,scrambled_array_coordinate
scrambled,20,16,10,-0.050663848233311236,scrambled_array_coordinate
scrambled,30,16,10,-0.045186101574794267,scrambled_array_coordinate
scrambled,35,17,10,0.037358818874123845,scrambled_array_coordinate
scrambled,40,17,10,0.037449240820629302,scrambled_array_coordinate
scrambled,1,19,10,-0.037205102752728106,scrambled_array_coordinate
scrambled,4,19,10,-0.048428073555162335,scrambled_array_coordinate
scrambled,49,20,10,0.037739901000520742,scrambled_array_coordinate
scrambled,13,21,10,0.057927207874030918,scrambled_array_coordinate
scrambled,23,21,10,0.037311981157404937,scrambled_array_coordinate
scrambled,24,21,10,-0.038085756301117858,scrambled_array_coordinate
scrambled,25,21,10,0.087215122934958353,scrambled_array_coordinate
scrambled,40,21,10,0.04628775088010282,scrambled_array_coordinate
scrambled,41,21,10,0.04247614384645787,scrambled_array_coordinate
scrambled,43,21,10,-0.062995584169840274,scrambled_array_coordinate
scrambled,46,22,10,-0.037349740802162433,scrambled_array_coordinate
scrambled,40,23,10,-0.042302998005229332,scrambled_array_coordinate
scrambled,46,23,10,-0.059056891027317718,scrambled_array_coordinate
scrambled,8,24,10,-0.061436271815559225,scrambled_array_coordinate
scrambled,20,24,10,-0.061340548529794162,scrambled_array_coordinate
scrambled,30,24,10,-0.056436937582532327,scrambled_array_coordinate
scrambled,40,24,10,0.04452055762072897,scrambled_array_coordinate
scrambled,49,24,10,-0.04221691797366528,scrambled_array_coordinate
scrambled,23,25,10,-0.039686551563110295,scrambled_array_coordinate
scrambled,24,25,10,0.043386401355260854,scrambled_array_coordinate
scrambled,25,25,10,-0.045069491193153524,scrambled_array_coordinate
scrambled,26,25,10,0.042219620853961429,scrambled_array_coordinate
scrambled,40,25,10,-0.037661286030662745,scrambled_array_coordinate
scrambled,16,26,10,0.037741280799210686,scrambled_array_coordinate
scrambled,25,30,10,0.042176572655647719,scrambled_array_coordinate
scrambled,33,30,10,0.038087718141922008,scrambled_array_coordinate
scrambled,49,30,10,0.039467713562263203,scrambled_array_coordinate
scrambled,33,31,10,0.038605524060071846,scrambled_array_coordinate
scrambled,46,34,10,0.057530360062331302,scrambled_array_coordinate
scrambled,20,36,10,0.038652590223223905,scrambled_array_coordinate
scrambled,24,36,10,-0.043230684227625542,scrambled_array_coordinate
scrambled,46,36,10,0.063009687189619482,scrambled_array_coordinate
scrambled,2,40,10,-0.038673290764661465,scrambled_array_coordinate
scrambled,10,40,10,-0.037474400149174331,scrambled_array_coordinate
scrambled,14,40,10,-0.035952483363497122,scrambled_array_coordinate
scrambled,22,40,10,0.038899376574121132,scrambled_array_coordinate
scrambled,23,40,10,-0.038383177245868517,scrambled_array_coordinate
scrambled,24,40,10,0.054101334885314441,scrambled_array_coordinate
scrambled,25,40,10,-0.048877726515001774,scrambled_array_coordinate
scrambled,26,40,10,0.041582104781108263,scrambled_array_coordinate
scrambled,35,40,10,-0.039537981291796614,scrambled_array_coordinate
scrambled,40,40,10,-0.040109419892416329,scrambled_array_coordinate
scrambled,43,40,10,0.054686711667195929,scrambled_array_coordinate
scrambled,13,41,10,0.03667235328922628,scrambled_array_coordinate
scrambled,11,42,10,-0.040807125089367423,scrambled_array_coordinate
scrambled,16,42,10,-0.042147860886707883,scrambled_array_coordinate
scrambled,23,42,10,-0.035932388720790659,scrambled_array_coordinate
scrambled,1,43,10,-0.056523966762463372,scrambled_array_coordinate
scrambled,4,43,10,-0.036920410807675406,scrambled_array_coordinate
scrambled,9,43,10,0.036485168294103358,scrambled_array_coordinate
scrambled,16,43,10,0.040579889089448519,scrambled_array_coordinate
scrambled,49,43,10,0.058805286786902361,scrambled_array_coordinate
scrambled,27,44,10,0.045978205517650229,scrambled_array_coordinate
scrambled,20,45,10,0.041719576302078301,scrambled_array_coordinate
scrambled,2,47,10,0.042551510949529046,scrambled_array_coordinate
scrambled,6,47,10,-0.054591488901708993,scrambled_array_coordinate
scrambled,10,47,10,0.035897479928233209,scrambled_array_coordinate
scrambled,20,47,10,-0.050152121379772478,scrambled_array_coordinate
scrambled,30,47,10,-0.052290104314080002,scrambled_array_coordinate
scrambled,35,47,10,0.040196065741601748,scrambled_array_coordinate
scrambled,40,47,10,0.036372550983777716,scrambled_array_coordinate
scrambled,41,47,10,0.047104482639772273,scrambled_array_coordinate
scrambled,43,47,10,-0.042435647119788866,scrambled_array_coordinate
scrambled,49,49,10,0.036291441357896574,scrambled_array_coordinate
scrambled,23,0,11,-0.036632777466135663,scrambled_array_coordinate
scrambled,24,0,11,0.053121733184315893,scrambled_array_coordinate
scrambled,26,0,11,0.036909638335223816,scrambled_array_coordinate
scrambled,39,0,11,-0.042469387396636832,scrambled_array_coordinate
scrambled,46,0,11,-0.04356003379173138,scrambled_array_coordinate
scrambled,0,1,11,-0.052899403902935828,scrambled_array_coordinate
scrambled,2,1,11,-0.039646693374222074,scrambled_array_coordinate
scrambled,8,1,11,0.042046603042740625,scrambled_array_coordinate
scrambled,11,1,11,-0.042121611751407599,scrambled_array_coordinate
scrambled,21,1,11,0.037414751695545249,scrambled_array_coordinate
scrambled,24,1,11,-0.044237514153815619,scrambled_array_coordinate
scrambled,28,1,11,-0.05453947127271299,scrambled_array_coordinate
scrambled,31,1,11,0.042540099226087105,scrambled_array_coordinate
scrambled,36,1,11,0.054319512053295368,scrambled_array_coordinate
scrambled,41,1,11,-0.066802894301011648,scrambled_array_coordinate
scrambled,46,1,11,0.053722661453997081,scrambled_array_coordinate
scrambled,49,1,11,0.044361389067263141,scrambled_array_coordinate
scrambled,0,2,11,0.046030871909448871,scrambled_array_coordinate
scrambled,11,2,11,0.037763129539079475,scrambled_array_coordinate
scrambled,15,2,11,0.039497165396544541,scrambled_array_coordinate
scrambled,20,2,11,-0.045923364606831864,scrambled_array_coordinate
scrambled,22,2,11,0.072224878898148645,scrambled_array_coordinate
scrambled,25,2,11,-0.039427819717669316,scrambled_array_coordinate
scrambled,28,2,11,0.036910709416152064,scrambled_array_coordinate
scrambled,36,2,11,-0.042286201671051023,scrambled_array_coordinate
scrambled,40,2,11,-0.040755095043207082,scrambled_array_coordinate
scrambled,46,2,11,-0.044582424010362894,scrambled_array_coordinate
scrambled,11,3,11,0.04438198772042036,scrambled_array_coordinate
scrambled,24,3,11,0.049731806783811922,scrambled_array_coordinate
scrambled,26,3,11,0.037164340587954099,scrambled_array_coordinate
scrambled,35,3,11,-0.035808950643487526,scrambled_array_coordinate
scrambled,39,3,11,-0.049242163048653767,scrambled_array_coordinate
scrambled,41,3,11,-0.040092653203607546,scrambled_array_coordinate
scrambled,46,3,11,-0.039811402807405208,scrambled_array_coordinate
scrambled,0,4,11,-0.038181953169824423,scrambled_array_coordinate
scrambled,10,4,11,-0.044365368805072296,scrambled_array_coordinate
scrambled,36,4,11,0.036190814296725021,scrambled_array_coordinate
scrambled,41,4,11,-0.068544391811889871,scrambled_array_coordinate
scrambled,43,4,11,0.052200779232090398,scrambled_array_coordinate
scrambled,46,4,11,0.048293385271537523,scrambled_array_coordinate
scrambled,0,6,11,-0.044462625086287497,scrambled_array_coordinate
scrambled,2,6,11,-0.03656064792573685,scrambled_array_coordinate
scrambled,11,6,11,0.045623475837806259,scrambled_array_coordinate
scrambled,19,6,11,-0.03659665197837518,scrambled_array_coordinate
scrambled,21,6,11,0.043981807036772229,scrambled_array_coordinate
scrambled,22,6,11,0.04470562451921669,scrambled_array_coordinate
scrambled,24,6,11,0.04104708601950019,scrambled_array_coordinate
scrambled,28,6,11,-0.037791190272714478,scrambled_array_coordinate
scrambled,29,6,11,0.045687349571068292,scrambled_array_coordinate
scrambled,40,6,11,-0.036844353120443908,scrambled_array_coordinate
scrambled,0,7,11,0.046898396658986721,scrambled_array_coordinate
scrambled,1,7,11,-0.04734676043118529,scrambled_array_coordinate
scrambled,2,7,11,0.041931125420628122,scrambled_array_coordinate
scrambled,10,7,11,0.043714436400335718,scrambled_array_coordinate
scrambled,12,7,11,-0.047077457200569904,scrambled_array_coordinate
scrambled,13,7,11,-0.053849062954586212,scrambled_array_coordinate
scrambled,19,7,11,0.047349557386400801,scrambled_array_coordinate
scrambled,25,7,11,-0.054020467548088681,scrambled_array_coordinate
scrambled,41,7,11,0.058566116745561579,scrambled_array_coordinate
scrambled,0,8,11,-0.078412429006090176,scrambled_array_coordinate
scrambled,1,8,11,-0.070598312726781312,scrambled_array_coordinate
scrambled,6,8,11,0.037309161879622139,scrambled_array_coordinate
scrambled,12,8,11,0.038844557520159383,scrambled_array_coordinate
scrambled,17,8,11,0.03883658784830734,scrambled_array_coordinate
scrambled,24,8,11,-0.067466130930346729,scrambled_array_coordinate
scrambled,28,8,11,-0.039296658785652402,scrambled_array_coordinate
scrambled,30,8,11,0.042209329634649663,scrambled_array_coordinate
scrambled,36,8,11,0.060229378645022785,scrambled_array_coordinate
scrambled,41,8,11,-0.10732640826304493,scrambled_array_coordinate
scrambled,42,8,11,-0.059581856689875527,scrambled_array_coordinate
scrambled,44,8,11,-0.049489698277863814,scrambled_array_coordinate
scrambled,46,8,11,0.075553430122624027,scrambled_array_coordinate
scrambled,13,9,11,0.035916360030452045,scrambled_array_coordinate
scrambled,19,9,11,-0.043389777983615874,scrambled_array_coordinate
scrambled,22,9,11,0.037297053224470821,scrambled_array_coordinate
scrambled,1,10,11,-0.045999109785052769,scrambled_array_coordinate
scrambled,21,10,11,-0.050333376538732266,scrambled_array_coordinate
scrambled,25,10,11,-0.04878415116221519,scrambled_array_coordinate
scrambled,29,10,11,-0.036505743607917314,scrambled_array_coordinate
scrambled,46,10,11,0.041614040021802821,scrambled_array_coordinate
scrambled,47,10,11,-0.046560319875294173,scrambled_array_coordinate
scrambled,0,11,11,-0.035961725503674623,scrambled_array_coordinate
scrambled,6,11,11,-0.045355084622277629,scrambled_array_coordinate
scrambled,10,11,11,0.048168786449273936,scrambled_array_coordinate
scrambled,11,11,11,-0.045944821827758227,scrambled_array_coordinate
scrambled,15,11,11,-0.042973001715066968,scrambled_array_coordinate
scrambled,22,11,11,-0.083807637692503753,scrambled_array_coordinate
scrambled,25,11,11,0.048827195838412274,scrambled_array_coordinate
scrambled,28,11,11,-0.044860005803645624,scrambled_array_coordinate
scrambled,31,11,11,0.037857100570714286,scrambled_array_coordinate
scrambled,36,11,11,0.042427031235531126,scrambled_array_coordinate
scrambled,2,12,11,0.036692782043798645,scrambled_array_coordinate
scrambled,10,12,11,0.04148674315600008,scrambled_array_coordinate
scrambled,19,12,11,0.0459891550574099,scrambled_array_coordinate
scrambled,22,12,11,-0.052516829198336633,scrambled_array_coordinate
scrambled,25,12,11,0.036676589268595065,scrambled_array_coordinate
scrambled,4,13,11,-0.041619351862798665,scrambled_array_coordinate
scrambled,8,13,11,-0.054970537231243809,scrambled_array_coordinate
scrambled,20,13,11,-0.067986402767061874,scrambled_array_coordinate
scrambled,22,13,11,0.036338851638153383,scrambled_array_coordinate
scrambled,23,13,11,0.04463380240354467,scrambled_array_coordinate
scrambled,33,13,11,0.053869725558560254,scrambled_array_coordinate
scrambled,34,13,11,0.038951718292823019,scrambled_array_coordinate
scrambled,49,13,11,-0.052489613937785298,scrambled_array_coordinate
scrambled,8,14,11,0.04216976184954823,scrambled_array_coordinate
scrambled,22,14,11,-0.042594645590766582,scrambled_array_coordinate
scrambled,49,14,11,0.050709952455955692,scrambled_array_coordinate
scrambled,1,15,11,0.061771688044627376,scrambled_array_coordinate
scrambled,8,15,11,-0.042881776493695775,scrambled_array_coordinate
scrambled,10,15,11,-0.036910563929904369,scrambled_array_coordinate
scrambled,20,15,11,-0.053830241509171158,scrambled_array_coordinate
scrambled,22,15,11,0.099667604381824454,scrambled_array_coordinate
scrambled,23,15,11,0.052071184248042204,scrambled_array_coordinate
scrambled,31,15,11,-0.039678541294877037,scrambled_array_coordinate
scrambled,49,15,11,-0.045192057243685649,scrambled_array_coordinate
scrambled,0,16,11,-0.064337064580431633,scrambled_array_coordinate
scrambled,1,16,11,-0.052386197148237702,scrambled_array_coordinate
scrambled,4,16,11,-0.046159699156246514,scrambled_array_coordinate
scrambled,7,16,11,0.037660961870397448,scrambled_array_coordinate
scrambled,13,16,11,-0.043939880933161722,scrambled_array_coordinate
scrambled,15,16,11,-0.044022199325017476,scrambled_array_coordinate
scrambled,20,16,11,-0.070974457679392866,scrambled_array_coordinate
scrambled,25,16,11,-0.041289538804671934,scrambled_array_coordinate
scrambled,28,16,11,-0.037977981677038183,scrambled_array_coordinate
scrambled,30,16,11,-0.038087284206522104,scrambled_array_coordinate
scrambled,36,16,11,0.042337624382658187,scrambled_array_coordinate
scrambled,42,16,11,-0.048669360928234096,scrambled_array_coordinate
scrambled,49,16,11,-0.043333400562440956,scrambled_array_coordinate
scrambled,0,17,11,-0.073366013016899476,scrambled_array_coordinate
scrambled,1,17,11,0.064542262107027612,scrambled_array_coordinate
scrambled,12,17,11,0.070853021185512219,scrambled_array_coordinate
scrambled,19,17,11,-0.04705561697894918,scrambled_array_coordinate
scrambled,24,17,11,-0.039441863415859625,scrambled_array_coordinate
scrambled,25,17,11,0.081636589456490022,scrambled_array_coordinate
scrambled,33,17,11,0.036805023868864181,scrambled_array_coordinate
scrambled,34,17,11,0.042143548856809127,scrambled_array_coordinate
scrambled,21,18,11,0.04258457285295883,scrambled_array_coordinate
scrambled,22,18,11,-0.03788194318094177,scrambled_array_coordinate
scrambled,28,18,11,-0.046113823296499185,scrambled_array_coordinate
scrambled,36,18,11,0.038620218382409657,scrambled_array_coordinate
scrambled,41,18,11,-0.0472261963764493,scrambled_array_coordinate
scrambled,1,19,11,-0.055898198264572513,scrambled_array_coordinate
scrambled,13,19,11,-0.041631586294749098,scrambled_array_coordinate
scrambled,19,19,11,0.041362458866157803,scrambled_array_coordinate
scrambled,20,19,11,-0.047314770364556918,scrambled_array_coordinate
scrambled,10,20,11,0.049682737900010841,scrambled_array_coordinate
scrambled,13,20,11,-0.048890003109212814,scrambled_array_coordinate
scrambled,15,20,11,-0.038132688110907684,scrambled_array_coordinate
scrambled,26,20,11,0.039925843145295334,scrambled_array_coordinate
scrambled,29,20,11,0.04001179217228526,scrambled_array_coordinate
scrambled,46,20,11,-0.05660885136935679,scrambled_array_coordinate
scrambled,47,20,11,0.042106531556282009,scrambled_array_coordinate
scrambled,0,21,11,-0.054215858427368667,scrambled_array_coordinate
scrambled,1,21,11,0.054701390618616175,scrambled_array_coordinate
scrambled,7,21,11,-0.052369696606658113,scrambled_array_coordinate
scrambled,12,21,11,0.061842446292967014,scrambled_array_coordinate
scrambled,13,21,11,0.053317840351055155,scrambled_array_coordinate
scrambled,18,21,11,-0.036936167336855646,scrambled_array_coordinate
scrambled,22,21,11,-0.040341257395436675,scrambled_array_coordinate
scrambled,23,21,11,0.041219362996002422,scrambled_array_coordinate
scrambled,24,21,11,-0.076859026144097786,scrambled_array_coordinate
scrambled,25,21,11,0.1258964359992765,scrambled_array_coordinate
scrambled,26,21,11,-0.040212485744966171,scrambled_array_coordinate
scrambled,30,21,11,0.046206252464193104,scrambled_array_coordinate
scrambled,32,21,11,-0.048114461280754695,scrambled_array_coordinate
scrambled,34,21,11,0.038734051465553102,scrambled_array_coordinate
scrambled,41,21,11,-0.060038356242032312,scrambled_array_coordinate
scrambled,46,22,11,-0.037450872999562713,scrambled_array_coordinate
scrambled,2,23,11,-0.0388627970601126,scrambled_array_coordinate
scrambled,6,23,11,0.038174682281271667,scrambled_array_coordinate
scrambled,8,23,11,0.039607978478501941,scrambled_array_coordinate
scrambled,10,23,11,-0.037080879929226873,scrambled_array_coordinate
scrambled,13,23,11,0.038249916805356526,scrambled_array_coordinate
scrambled,18,23,11,-0.035850332863945719,scrambled_array_coordinate
scrambled,20,23,11,0.050507459836121676,scrambled_array_coordinate
scrambled,32,23,11,-0.038231070406128879,scrambled_array_coordinate
scrambled,41,23,11,-0.063015434221159891,scrambled_array_coordinate
scrambled,46,23,11,0.045424220576466799,scrambled_array_coordinate
scrambled,49,23,11,0.057175587721300963,scrambled_array_coordinate
scrambled,20,24,11,-0.063588078037655454,scrambled_array_coordinate
scrambled,22,24,11,0.04834502926427052,scrambled_array_coordinate
scrambled,23,24,11,0.036818565893307821,scrambled_array_coordinate
scrambled,24,24,11,-0.056170830374055555,scrambled_array_coordinate
scrambled,26,24,11,-0.056339326915215704,scrambled_array_coordinate
scrambled,29,24,11,-0.053568335007916017,scrambled_array_coordinate
scrambled,40,24,11,0.048748452997867363,scrambled_array_coordinate
scrambled,46,24,11,0.043125186805151101,scrambled_array_coordinate
scrambled,49,24,11,-0.036671637363309778,scrambled_array_coordinate
scrambled,5,25,11,0.03953197843605312,scrambled_array_coordinate
scrambled,7,25,11,0.042824674698216894,scrambled_array_coordinate
scrambled,9,25,11,0.03937073158967512,scrambled_array_coordinate
scrambled,13,25,11,-0.03986972654375201,scrambled_array_coordinate
scrambled,24,25,11,0.044171476126116375,scrambled_array_coordinate
scrambled,25,25,11,-0.037176765345080472,scrambled_array_coordinate
scrambled,26,25,11,0.03747535784362109,scrambled_array_coordinate
scrambled,28,25,11,-0.052844426795001447,scrambled_array_coordinate
scrambled,36,25,11,0.044086295273388192,scrambled_array_coordinate
scrambled,40,25,11,-0.042416191326457582,scrambled_array_coordinate
scrambled,41,25,11,-0.055481051600871689,scrambled_array_coordinate
scrambled,3,26,11,-0.036393016854697952,scrambled_array_coordinate
scrambled,16,26,11,0.03773794663321569,scrambled_array_coordinate
scrambled,20,26,11,0.043630518544153479,scrambled_array_coordinate
scrambled,49,26,11,0.055323828335362986,scrambled_array_coordinate
scrambled,6,27,11,0.052309028800378986,scrambled_array_coordinate
scrambled,10,27,11,-0.051763091031619538,scrambled_array_coordinate
scrambled,13,27,11,0.062464736695443668,scrambled_array_coordinate
scrambled,18,27,11,-0.052078701061031921,scrambled_array_coordinate
scrambled,24,27,11,-0.039689571711194589,scrambled_array_coordinate
scrambled,47,27,11,-0.044188957833062752,scrambled_array_coordinate
scrambled,22,28,11,-0.040262040621971397,scrambled_array_coordinate
scrambled,24,28,11,-0.035948455984941459,scrambled_array_coordinate
scrambled,41,28,11,-0.037529597977818199,scrambled_array_coordinate
scrambled,46,28,11,0.049907895596156916,scrambled_array_coordinate
scrambled,49,28,11,0.054819923559016513,scrambled_array_coordinate
scrambled,0,29,11,0.050884658517803966,scrambled_array_coordinate
scrambled,36,29,11,-0.040786447100714787,scrambled_array_coordinate
scrambled,41,29,11,0.065592181906893268,scrambled_array_coordinate
scrambled,46,29,11,-0.071615106873053752,scrambled_array_coordinate
scrambled,8,30,11,-0.03583075077379283,scrambled_array_coordinate
scrambled,10,30,11,0.05171600062194056,scrambled_array_coordinate
scrambled,19,30,11,0.051060522591519525,scrambled_array_coordinate
scrambled,30,30,11,-0.038910727809942973,scrambled_array_coordinate
scrambled,46,30,11,-0.075911176180433998,scrambled_array_coordinate
scrambled,0,31,11,0.039623222972295008,scrambled_array_coordinate
scrambled,3,31,11,-0.044906150837106133,scrambled_array_coordinate
scrambled,12,31,11,-0.043330126948650204,scrambled_array_coordinate
scrambled,19,31,11,0.042136659253174294,scrambled_array_coordinate
scrambled,21,31,11,-0.038748277747118684,scrambled_array_coordinate
scrambled,28,31,11,0.040276049459781263,scrambled_array_coordinate
scrambled,31,31,11,-0.04223854167602873,scrambled_array_coordinate
scrambled,36,31,11,-0.076710564524753833,scrambled_array_coordinate
scrambled,40,31,11,-0.03735377071438347,scrambled_array_coordinate
scrambled,41,31,11,0.071147505120714286,scrambled_array_coordinate
scrambled,46,31,11,-0.052867926236974658,scrambled_array_coordinate
scrambled,2,32,11,-0.039492681884529077,scrambled_array_coordinate
scrambled,46,32,11,-0.040762424007134153,scrambled_array_coordinate
scrambled,0,33,11,0.040416469408014292,scrambled_array_coordinate
scrambled,4,33,11,0.049081331574579577,scrambled_array_coordinate
scrambled,42,33,11,0.039321819862696415,scrambled_array_coordinate
scrambled,1,34,11,-0.052878424192058605,scrambled_array_coordinate
scrambled,25,34,11,-0.058816461933288711,scrambled_array_coordinate
scrambled,46,34,11,0.038966824093780786,scrambled_array_coordinate
scrambled,20,35,11,-0.049064608499418273,scrambled_array_coordinate
scrambled,36,35,11,-0.036726583209411384,scrambled_array_coordinate
scrambled,41,35,11,0.043888743287470354,scrambled_array_coordinate
scrambled,46,35,11,-0.061293220141165818,scrambled_array_coordinate
scrambled,0,36,11,0.039295716901630653,scrambled_array_coordinate
scrambled,4,36,11,-0.035820867458885679,scrambled_array_coordinate
scrambled,6,36,11,-0.057428246261437874,scrambled_array_coordinate
scrambled,8,36,11,-0.0489340072128071,scrambled_array_coordinate
scrambled,10,36,11,0.036529018316211144,scrambled_array_coordinate
scrambled,13,36,11,-0.058987962463812917,scrambled_array_coordinate
scrambled,20,36,11,-0.060069771305173977,scrambled_array_coordinate
scrambled,24,36,11,0.054639412811208217,scrambled_array_coordinate
scrambled,36,36,11,-0.041007673547622754,scrambled_array_coordinate
scrambled,39,36,11,-0.035804968112658132,scrambled_array_coordinate
scrambled,41,36,11,0.082477913803538222,scrambled_array_coordinate
scrambled,46,36,11,-0.10938863285419333,scrambled_array_coordinate
scrambled,49,36,11,-0.090895387576886588,scrambled_array_coordinate
scrambled,46,37,11,0.036879829571285876,scrambled_array_coordinate
scrambled,0,39,11,0.074187378584503971,scrambled_array_coordinate
scrambled,1,39,11,0.056836011294033296,scrambled_array_coordinate
scrambled,3,39,11,-0.047068287587029398,scrambled_array_coordinate
scrambled,5,39,11,-0.037109886404726088,scrambled_array_coordinate
scrambled,8,39,11,-0.04340044641084221,scrambled_array_coordinate
scrambled,20,39,11,-0.052151517163038077,scrambled_array_coordinate
scrambled,21,39,11,-0.038992177491461361,scrambled_array_coordinate
scrambled,22,39,11,0.058479082227077456,scrambled_array_coordinate
scrambled,24,39,11,0.037659037181422703,scrambled_array_coordinate
scrambled,28,39,11,0.064406444578199537,scrambled_array_coordinate
scrambled,31,39,11,-0.062790063088522072,scrambled_array_coordinate
scrambled,33,39,11,-0.046791475603512524,scrambled_array_coordinate
scrambled,36,39,11,-0.10863997497183503,scrambled_array_coordinate
scrambled,37,39,11,0.048975696454315334,scrambled_array_coordinate
scrambled,38,39,11,-0.037335193598866626,scrambled_array_coordinate
scrambled,41,39,11,0.076056442692655768,scrambled_array_coordinate
scrambled,46,39,11,-0.10236504104340077,scrambled_array_coordinate
scrambled,49,39,11,-0.058490464909990568,scrambled_array_coordinate
scrambled,10,40,11,-0.042433980387370604,scrambled_array_coordinate
scrambled,23,40,11,-0.036982107321660046,scrambled_array_coordinate
scrambled,24,40,11,0.066104125394604835,scrambled_array_coordinate
scrambled,25,40,11,-0.055482011928214621,scrambled_array_coordinate
scrambled,26,40,11,0.038901212580904183,scrambled_array_coordinate
scrambled,40,40,11,-0.042787747501137376,scrambled_array_coordinate
scrambled,1,41,11,0.041932337643837067,scrambled_array_coordinate
scrambled,10,41,11,-0.055095041152208181,scrambled_array_coordinate
scrambled,13,41,11,0.048424754355153879,scrambled_array_coordinate
scrambled,19,41,11,-0.039010384433026596,scrambled_array_coordinate
scrambled,23,41,11,0.051732022477589554,scrambled_array_coordinate
scrambled,25,41,11,0.040268429858943584,scrambled_array_coordinate
scrambled,26,41,11,-0.05035624516890079,scrambled_array_coordinate
scrambled,30,41,11,0.037108413795851218,scrambled_array_coordinate
scrambled,41,41,11,-0.047823343330015138,scrambled_array_coordinate
scrambled,43,41,11,0.043189914945954977,scrambled_array_coordinate
scrambled,48,41,11,0.039702818256899641,scrambled_array_coordinate
scrambled,1,42,11,-0.040403580695949806,scrambled_array_coordinate
scrambled,11,42,11,-0.041988948580725827,scrambled_array_coordinate
scrambled,16,42,11,-0.038520324641213383,scrambled_array_coordinate
scrambled,23,42,11,-0.042727536456657528,scrambled_array_coordinate
scrambled,25,42,11,-0.064369726778115741,scrambled_array_coordinate
scrambled,30,42,11,-0.036714986523438242,scrambled_array_coordinate
scrambled,36,42,11,0.049719329148059779,scrambled_array_coordinate
scrambled,46,42,11,0.063596704881872357,scrambled_array_coordinate
scrambled,1,43,11,-0.075323254867960002,scrambled_array_coordinate
scrambled,4,43,11,-0.068221443362778314,scrambled_array_coordinate
scrambled,5,43,11,0.067231444761482267,scrambled_array_coordinate
scrambled,11,43,11,0.040525023290119221,scrambled_array_coordinate
scrambled,20,43,11,-0.050547347918698131,scrambled_array_coordinate
scrambled,35,43,11,-0.049348736396285495,scrambled_array_coordinate
scrambled,36,43,11,0.062827055226970213,scrambled_array_coordinate
scrambled,39,43,11,-0.04007955952344372,scrambled_array_coordinate
scrambled,41,43,11,-0.070454736266771747,scrambled_array_coordinate
scrambled,42,43,11,-0.055507982213074208,scrambled_array_coordinate
scrambled,44,43,11,-0.040434845478091848,scrambled_array_coordinate
scrambled,0,44,11,0.065944891368916944,scrambled_array_coordinate
scrambled,3,44,11,-0.042386486116748404,scrambled_array_coordinate
scrambled,12,44,11,-0.041092067419223312,scrambled_array_coordinate
scrambled,28,44,11,0.04411580239694278,scrambled_array_coordinate
scrambled,36,44,11,-0.069423776760075648,scrambled_array_coordinate
scrambled,41,44,11,0.0594688167280907,scrambled_array_coordinate
scrambled,8,45,11,0.038585869857074191,scrambled_array_coordinate
scrambled,20,45,11,0.054244462991524058,scrambled_array_coordinate
scrambled,22,45,11,-0.035949526424892207,scrambled_array_coordinate
scrambled,30,45,11,0.047987719052633042,scrambled_array_coordinate
scrambled,46,45,11,0.042184393645070484,scrambled_array_coordinate
scrambled,0,46,11,0.043187478715133787,scrambled_array_coordinate
scrambled,4,47,11,-0.046658887952604602,scrambled_array_coordinate
scrambled,24,47,11,-0.039021554630754345,scrambled_array_coordinate
scrambled,40,47,11,0.061919704859915235,scrambled_array_coordinate
scrambled,1,48,11,-0.044013040816592269,scrambled_array_coordinate
scrambled,7,48,11,0.039674151848639198,scrambled_array_coordinate
scrambled,9,48,11,0.037343768266662129,scrambled_array_coordinate
scrambled,13,48,11,-0.044077920782967336,scrambled_array_coordinate
scrambled,28,48,11,-0.047014508153633824,scrambled_array_coordinate
scrambled,29,48,11,0.036032684295143939,scrambled_array_coordinate
scrambled,30,48,11,-0.03915426513099611,scrambled_array_coordinate
scrambled,41,48,11,-0.03814201881918098,scrambled_array_coordinate
scrambled,1,49,11,-0.042033966042728063,scrambled_array_coordinate
scrambled,3,0,12,-0.041631053028472399,scrambled_array_coordinate
scrambled,5,0,12,-0.043289805362327904,scrambled_array_coordinate
scrambled,7,0,12,-0.07747679234285311,scrambled_array_coordinate
scrambled,11,0,12,-0.073292161394861249,scrambled_array_coordinate
scrambled,20,0,12,0.055822412764851663,scrambled_array_coordinate
scrambled,22,0,12,-0.075812872246146107,scrambled_array_coordinate
scrambled,25,0,12,0.10719735310389179,scrambled_array_coordinate
scrambled,42,0,12,0.059303220747284585,scrambled_array_coordinate
scrambled,0,1,12,0.044497148836142718,scrambled_array_coordinate
scrambled,1,1,12,0.059597180321858782,scrambled_array_coordinate
scrambled,10,1,12,-0.04944988986939889,scrambled_array_coordinate
scrambled,16,1,12,0.036957622159427592,scrambled_array_coordinate
scrambled,24,1,12,0.047630659554835628,scrambled_array_coordinate
scrambled,36,1,12,-0.059726434755184937,scrambled_array_coordinate
scrambled,41,1,12,0.047527616379976656,scrambled_array_coordinate
scrambled,46,1,12,-0.038824547369826726,scrambled_array_coordinate
scrambled,0,2,12,-0.042038358709710427,scrambled_array_coordinate
scrambled,2,2,12,0.050055473605471766,scrambled_array_coordinate
scrambled,4,2,12,-0.044502504252174925,scrambled_array_coordinate
scrambled,15,2,12,-0.045743951778739911,scrambled_array_coordinate
scrambled,20,2,12,-0.040272315846902641,scrambled_array_coordinate
scrambled,24,2,12,-0.059685022884092033,scrambled_array_coordinate
scrambled,26,2,12,-0.049243285687999988,scrambled_array_coordinate
scrambled,29,2,12,-0.045780469165695892,scrambled_array_coordinate
scrambled,36,2,12,0.039107268589237638,scrambled_array_coordinate
scrambled,40,2,12,0.054229521631484916,scrambled_array_coordinate
scrambled,46,2,12,0.045141905666871388,scrambled_array_coordinate
scrambled,2,3,12,0.039985017880605621,scrambled_array_coordinate
scrambled,5,3,12,-0.045238939576109444,scrambled_array_coordinate
scrambled,7,3,12,-0.057411344143725895,scrambled_array_coordinate
scrambled,11,3,12,-0.073873333523107959,scrambled_array_coordinate
scrambled,24,3,12,-0.052902028058925729,scrambled_array_coordinate
scrambled,28,3,12,0.038542862101273528,scrambled_array_coordinate
scrambled,29,3,12,-0.047353984775991627,scrambled_array_coordinate
scrambled,33,3,12,0.041512706860265071,scrambled_array_coordinate
scrambled,34,3,12,0.04501370900942972,scrambled_array_coordinate
scrambled,40,3,12,0.04974938431646217,scrambled_array_coordinate
scrambled,41,3,12,0.038934024349077584,scrambled_array_coordinate
scrambled,43,3,12,-0.049973167042935515,scrambled_array_coordinate
scrambled,46,3,12,0.048949846364631247,scrambled_array_coordinate
scrambled,2,4,12,0.049702871124112445,scrambled_array_coordinate
scrambled,4,4,12,-0.036021601671903339,scrambled_array_coordinate
scrambled,21,4,12,-0.045060555517115027,scrambled_array_coordinate
scrambled,23,4,12,0.080391187076723325,scrambled_array_coordinate
scrambled,24,4,12,-0.055644051346530152,scrambled_array_coordinate
scrambled,26,4,12,-0.069420446618878598,scrambled_array_coordinate
scrambled,28,4,12,0.069917992107588131,scrambled_array_coordinate
scrambled,39,4,12,0.038393112193423298,scrambled_array_coordinate
scrambled,41,4,12,0.038193410885511141,scrambled_array_coordinate
scrambled,48,4,12,0.040072751743752744,scrambled_array_coordinate
scrambled,1,5,12,-0.037103573501219074,scrambled_array_coordinate
scrambled,7,5,12,0.04917115292981615,scrambled_array_coordinate
scrambled,9,5,12,0.038623364175942608,scrambled_array_coordinate
scrambled,20,5,12,-0.040680471504443858,scrambled_array_coordinate
scrambled,25,5,12,-0.053445155909071167,scrambled_array_coordinate
scrambled,2,6,12,0.04574934808466647,scrambled_array_coordinate
scrambled,11,6,12,-0.061195437503116505,scrambled_array_coordinate
scrambled,19,6,12,0.037387587225712789,scrambled_array_coordinate
scrambled,22,6,12,-0.039940175170207877,scrambled_array_coordinate
scrambled,24,6,12,-0.044798684694616356,scrambled_array_coordinate
scrambled,29,6,12,-0.064006990294409191,scrambled_array_coordinate
scrambled,42,6,12,0.03785157433849521,scrambled_array_coordinate
scrambled,43,6,12,-0.036050368459400482,scrambled_array_coordinate
scrambled,44,6,12,0.036717590909382723,scrambled_array_coordinate
scrambled,46,6,12,0.037452685348895211,scrambled_array_coordinate
scrambled,49,6,12,-0.040317173323378405,scrambled_array_coordinate
scrambled,1,7,12,0.04968527502520334,scrambled_array_coordinate
scrambled,2,7,12,-0.065434427585653487,scrambled_array_coordinate
scrambled,4,7,12,0.055503879690698171,scrambled_array_coordinate
scrambled,6,7,12,0.042999186196273881,scrambled_array_coordinate
scrambled,10,7,12,-0.046935380551135393,scrambled_array_coordinate
scrambled,13,7,12,0.068650854886552468,scrambled_array_coordinate
scrambled,19,7,12,-0.057974325695891234,scrambled_array_coordinate
scrambled,20,7,12,0.060004676205177319,scrambled_array_coordinate
scrambled,25,7,12,0.04138004193582652,scrambled_array_coordinate
scrambled,30,7,12,0.054122801783736144,scrambled_array_coordinate
scrambled,32,7,12,-0.044709410042593635,scrambled_array_coordinate
scrambled,43,7,12,0.041736069383758616,scrambled_array_coordinate
scrambled,48,7,12,0.040560632683481181,scrambled_array_coordinate
scrambled,2,8,12,0.053540831378658144,scrambled_array_coordinate
scrambled,4,8,12,-0.043149466537872015,scrambled_array_coordinate
scrambled,8,8,12,-0.053995251683348337,scrambled_array_coordinate
scrambled,10,8,12,0.041953075455021603,scrambled_array_coordinate
scrambled,13,8,12,-0.043538875961649341,scrambled_array_coordinate
scrambled,19,8,12,0.047820751132423768,scrambled_array_coordinate
scrambled,20,8,12,-0.05402584425007026,scrambled_array_coordinate
scrambled,21,8,12,-0.078156785249013122,scrambled_array_coordinate
scrambled,22,8,12,0.045108871836140603,scrambled_array_coordinate
scrambled,27,8,12,-0.066702311074141513,scrambled_array_coordinate
scrambled,28,8,12,0.064924924261777525,scrambled_array_coordinate
scrambled,31,8,12,-0.07074289179364833,scrambled_array_coordinate
scrambled,36,8,12,-0.041887037996181445,scrambled_array_coordinate
scrambled,37,8,12,0.03673290793011464,scrambled_array_coordinate
scrambled,41,8,12,0.042300781881240042,scrambled_array_coordinate
scrambled,43,8,12,-0.048407006422636269,scrambled_array_coordinate
scrambled,49,8,12,-0.048690072395437919,scrambled_array_coordinate
scrambled,1,9,12,0.040135499064556039,scrambled_array_coordinate
scrambled,4,9,12,0.058786884590827121,scrambled_array_coordinate
scrambled,9,9,12,-0.046154454722340893,scrambled_array_coordinate
scrambled,11,9,12,-0.038904516323327185,scrambled_array_coordinate
scrambled,29,9,12,-0.037230619286810679,scrambled_array_coordinate
scrambled,40,9,12,0.042867386370600287,scrambled_array_coordinate
scrambled,0,10,12,-0.061527641345032497,scrambled_array_coordinate
scrambled,11,10,12,0.04950688049839945,scrambled_array_coordinate
scrambled,15,10,12,-0.047964960106977317,scrambled_array_coordinate
scrambled,18,10,12,-0.040210655119368464,scrambled_array_coordinate
scrambled,22,10,12,0.04828143362517217,scrambled_array_coordinate
scrambled,24,10,12,-0.04703972323562567,scrambled_array_coordinate
scrambled,27,10,12,-0.04108539341573033,scrambled_array_coordinate
scrambled,31,10,12,-0.049544475641751566,scrambled_array_coordinate
scrambled,42,10,12,-0.053031596184206824,scrambled_array_coordinate
scrambled,46,10,12,-0.037863122594700892,scrambled_array_coordinate
scrambled,48,10,12,0.045240923832453823,scrambled_array_coordinate
scrambled,0,11,12,0.053837563941218726,scrambled_array_coordinate
scrambled,3,11,12,-0.036713827273540986,scrambled_array_coordinate
scrambled,8,11,12,0.039312827045748906,scrambled_array_coordinate
scrambled,22,11,12,-0.038450018880023223,scrambled_array_coordinate
scrambled,23,11,12,-0.047778397469484792,scrambled_array_coordinate
scrambled,24,11,12,0.078995820783797743,scrambled_array_coordinate
scrambled,26,11,12,0.049736820686859473,scrambled_array_coordinate
scrambled,28,11,12,-0.037043440480475975,scrambled_array_coordinate
scrambled,29,11,12,0.041694827856924029,scrambled_array_coordinate
scrambled,32,11,12,0.035965109631392517,scrambled_array_coordinate
scrambled,33,11,12,-0.058883561062190531,scrambled_array_coordinate
scrambled,34,11,12,-0.054775053492759677,scrambled_array_coordinate
scrambled,40,11,12,-0.091600802837306441,scrambled_array_coordinate
scrambled,42,11,12,0.046175516044411835,scrambled_array_coordinate
scrambled,43,11,12,0.036340281240263582,scrambled_array_coordinate
scrambled,48,11,12,-0.075327756655796135,scrambled_array_coordinate
scrambled,1,12,12,0.047320855189527333,scrambled_array_coordinate
scrambled,2,12,12,-0.036034074992423212,scrambled_array_coordinate
scrambled,3,12,12,-0.047495808505076044,scrambled_array_coordinate
scrambled,4,12,12,0.042638707743785115,scrambled_array_coordinate
scrambled,10,12,12,-0.042829193343389846,scrambled_array_coordinate
scrambled,13,12,12,0.056205862282201015,scrambled_array_coordinate
scrambled,17,12,12,0.045968698550906469,scrambled_array_coordinate
scrambled,25,12,12,0.052422203831017387,scrambled_array_coordinate
scrambled,31,12,12,-0.044921008936557406,scrambled_array_coordinate
scrambled,33,12,12,-0.039067794140502494,scrambled_array_coordinate
scrambled,35,12,12,-0.039254410527226419,scrambled_array_coordinate
scrambled,36,12,12,-0.042512879841697819,scrambled_array_coordinate
scrambled,37,12,12,0.036651643984595514,scrambled_array_coordinate
scrambled,40,12,12,-0.064067989894524183,scrambled_array_coordinate
scrambled,41,12,12,-0.040175510207993946,scrambled_array_coordinate
scrambled,42,12,12,0.03647446081021443,scrambled_array_coordinate
scrambled,43,12,12,0.040612709323017818,scrambled_array_coordinate
scrambled,5,13,12,0.048905164794089864,scrambled_array_coordinate
scrambled,6,13,12,0.049899892065871608,scrambled_array_coordinate
scrambled,7,13,12,0.046367308182845852,scrambled_array_coordinate
scrambled,8,13,12,-0.041162751522912266,scrambled_array_coordinate
scrambled,10,13,12,-0.072967726924896892,scrambled_array_coordinate
scrambled,11,13,12,0.047865448895815642,scrambled_array_coordinate
scrambled,15,13,12,0.045464582771685531,scrambled_array_coordinate
scrambled,18,13,12,-0.039063067196095425,scrambled_array_coordinate
scrambled,22,13,12,0.06093058333682555,scrambled_array_coordinate
scrambled,24,13,12,0.038577929827798667,scrambled_array_coordinate
scrambled,25,13,12,-0.056462635086455548,scrambled_array_coordinate
scrambled,35,13,12,-0.065688956061237841,scrambled_array_coordinate
scrambled,41,13,12,-0.069765514912863896,scrambled_array_coordinate
scrambled,42,13,12,-0.04357411401037177,scrambled_array_coordinate
scrambled,43,13,12,0.046988969250148692,scrambled_array_coordinate
scrambled,44,13,12,-0.037095516178292966,scrambled_array_coordinate
scrambled,46,13,12,0.048391590492667946,scrambled_array_coordinate
scrambled,47,13,12,-0.039868274610244982,scrambled_array_coordinate
scrambled,1,14,12,0.056451176573805384,scrambled_array_coordinate
scrambled,3,14,12,-0.051101245762227326,scrambled_array_coordinate
scrambled,7,14,12,-0.042386366140413662,scrambled_array_coordinate
scrambled,13,14,12,0.053894690900708919,scrambled_array_coordinate
scrambled,25,14,12,0.072093373292257942,scrambled_array_coordinate
scrambled,36,14,12,-0.039620147161957983,scrambled_array_coordinate
scrambled,42,14,12,0.045353436572955118,scrambled_array_coordinate
scrambled,46,14,12,-0.04682414026105243,scrambled_array_coordinate
scrambled,1,15,12,-0.039391808063546134,scrambled_array_coordinate
scrambled,2,15,12,0.047676988546716877,scrambled_array_coordinate
scrambled,7,15,12,0.036233430596675643,scrambled_array_coordinate
scrambled,8,15,12,-0.044948641882913774,scrambled_array_coordinate
scrambled,20,15,12,-0.055693540190744274,scrambled_array_coordinate
scrambled,25,15,12,-0.078278418676793735,scrambled_array_coordinate
scrambled,29,15,12,-0.049749610815885366,scrambled_array_coordinate
scrambled,42,15,12,-0.044480332733620911,scrambled_array_coordinate
scrambled,46,15,12,0.068585335116287269,scrambled_array_coordinate
scrambled,47,15,12,-0.037376951220780594,scrambled_array_coordinate
scrambled,48,15,12,0.037291828228274371,scrambled_array_coordinate
scrambled,2,16,12,0.055620158476467139,scrambled_array_coordinate
scrambled,4,16,12,-0.051855541094423953,scrambled_array_coordinate
scrambled,7,16,12,0.040129172032353659,scrambled_array_coordinate
scrambled,16,16,12,-0.0403780562005999,scrambled_array_coordinate
scrambled,18,16,12,-0.037326190511402249,scrambled_array_coordinate
scrambled,20,16,12,-0.06752236164988995,scrambled_array_coordinate
scrambled,21,16,12,-0.055990622661570365,scrambled_array_coordinate
scrambled,23,16,12,0.039439018077068753,scrambled_array_coordinate
scrambled,24,16,12,-0.050936143014454691,scrambled_array_coordinate
scrambled,26,16,12,-0.043677196369474661,scrambled_array_coordinate
scrambled,29,16,12,-0.041117032175945034,scrambled_array_coordinate
scrambled,31,16,12,-0.04370153997071434,scrambled_array_coordinate
scrambled,46,16,12,0.036794035442386172,scrambled_array_coordinate
scrambled,0,17,12,0.037405107712040787,scrambled_array_coordinate
scrambled,1,17,12,-0.038187562173466846,scrambled_array_coordinate
scrambled,13,17,12,-0.071534997128502753,scrambled_array_coordinate
scrambled,15,17,12,0.037235514298694906,scrambled_array_coordinate
scrambled,24,17,12,0.059667199774998583,scrambled_array_coordinate
scrambled,25,17,12,-0.081533878406621602,scrambled_array_coordinate
scrambled,26,17,12,0.045028257750012034,scrambled_array_coordinate
scrambled,35,17,12,-0.048565558838813375,scrambled_array_coordinate
scrambled,38,17,12,0.041081399619608279,scrambled_array_coordinate
scrambled,40,17,12,-0.069445664720593506,scrambled_array_coordinate
scrambled,47,17,12,-0.036442194764260992,scrambled_array_coordinate
scrambled,1,18,12,0.043810164079300787,scrambled_array_coordinate
scrambled,3,18,12,-0.061444075392919233,scrambled_array_coordinate
scrambled,7,18,12,-0.043686429558025104,scrambled_array_coordinate
scrambled,11,18,12,-0.04432564934813861,scrambled_array_coordinate
scrambled,22,18,12,-0.038032669589922442,scrambled_array_coordinate
scrambled,25,18,12,0.048787692209116218,scrambled_array_coordinate
scrambled,27,18,12,0.056427460212559892,scrambled_array_coordinate
scrambled,36,18,12,-0.055265913376947307,scrambled_array_coordinate
scrambled,41,18,12,0.046621270198495948,scrambled_array_coordinate
scrambled,42,18,12,0.052022260772121111,scrambled_array_coordinate
scrambled,48,18,12,-0.036845913400724919,scrambled_array_coordinate
scrambled,0,19,12,-0.043983847726489493,scrambled_array_coordinate
scrambled,16,19,12,-0.044217086616134361,scrambled_array_coordinate
scrambled,24,19,12,-0.036637138726473957,scrambled_array_coordinate
scrambled,41,19,12,-0.042483904860224672,scrambled_array_coordinate
scrambled,1,20,12,-0.037386168313448577,scrambled_array_coordinate
scrambled,21,20,12,-0.045771894299742176,scrambled_array_coordinate
scrambled,22,20,12,-0.042925331323210053,scrambled_array_coordinate
scrambled,46,20,12,0.038018943782494895,scrambled_array_coordinate
scrambled,47,20,12,-0.037401020661575093,scrambled_array_coordinate
scrambled,0,21,12,0.043035465192674108,scrambled_array_coordinate
scrambled,3,21,12,-0.055072865101594246,scrambled_array_coordinate
scrambled,17,21,12,0.042107511425210804,scrambled_array_coordinate
scrambled,19,21,12,0.06274050389417575,scrambled_array_coordinate
scrambled,21,21,12,-0.055191678810065377,scrambled_array_coordinate
scrambled,22,21,12,-0.036198472861257151,scrambled_array_coordinate
scrambled,26,21,12,0.036797266911603767,scrambled_array_coordinate
scrambled,36,21,12,-0.043235636611256775,scrambled_array_coordinate
scrambled,39,21,12,-0.036407360569590208,scrambled_array_coordinate
scrambled,40,21,12,-0.055898199187834445,scrambled_array_coordinate
scrambled,48,21,12,-0.053725932201113921,scrambled_array_coordinate
scrambled,7,22,12,-0.040001485416697298,scrambled_array_coordinate
scrambled,11,22,12,-0.049993627917549646,scrambled_array_coordinate
scrambled,20,22,12,0.048110389065538467,scrambled_array_coordinate
scrambled,25,22,12,0.038395821982988458,scrambled_array_coordinate
scrambled,2,23,12,0.037206940948390693,scrambled_array_coordinate
scrambled,6,23,12,-0.042122015234009789,scrambled_array_coordinate
scrambled,10,23,12,0.038077455618845617,scrambled_array_coordinate
scrambled,22,23,12,-0.039602811494845312,scrambled_array_coordinate
scrambled,25,23,12,0.058205437593811464,scrambled_array_coordinate
scrambled,43,23,12,-0.038533138189018525,scrambled_array_coordinate
scrambled,46,23,12,-0.036722772396664535,scrambled_array_coordinate
scrambled,1,24,12,0.06448749822075335,scrambled_array_coordinate
scrambled,2,24,12,-0.039695275747521401,scrambled_array_coordinate
scrambled,3,24,12,0.035759651256776159,scrambled_array_coordinate
scrambled,6,24,12,0.047289906796915089,scrambled_array_coordinate
scrambled,7,24,12,0.049651947080399869,scrambled_array_coordinate
scrambled,10,24,12,-0.086097841125101313,scrambled_array_coordinate
scrambled,11,24,12,0.11142853606229242,scrambled_array_coordinate
scrambled,13,24,12,0.058736170732948664,scrambled_array_coordinate
scrambled,15,24,12,0.036334663602713244,scrambled_array_coordinate
scrambled,18,24,12,-0.072911761788953644,scrambled_array_coordinate
scrambled,19,24,12,-0.069374193389802052,scrambled_array_coordinate
scrambled,20,24,12,-0.055444902416273568,scrambled_array_coordinate
scrambled,22,24,12,0.15723403451235721,scrambled_array_coordinate
scrambled,23,24,12,0.045729572937505722,scrambled_array_coordinate
scrambled,25,24,12,-0.049528442503794859,scrambled_array_coordinate
scrambled,26,24,12,-0.045382554655475506,scrambled_array_coordinate
scrambled,31,24,12,-0.057897954210975704,scrambled_array_coordinate
scrambled,35,24,12,-0.045627980455246034,scrambled_array_coordinate
scrambled,37,24,12,0.040915438815331877,scrambled_array_coordinate
scrambled,42,24,12,-0.063039194443365101,scrambled_array_coordinate
scrambled,48,24,12,0.077731128708879438,scrambled_array_coordinate
scrambled,2,25,12,0.059000453597416222,scrambled_array_coordinate
scrambled,4,25,12,-0.038998885411375431,scrambled_array_coordinate
scrambled,6,25,12,-0.044070401633833765,scrambled_array_coordinate
scrambled,10,25,12,0.063670782585140362,scrambled_array_coordinate
scrambled,11,25,12,-0.039819943538862819,scrambled_array_coordinate
scrambled,13,25,12,-0.049901246884564043,scrambled_array_coordinate
scrambled,19,25,12,0.040073448020193601,scrambled_array_coordinate
scrambled,22,25,12,-0.061269989955820538,scrambled_array_coordinate
scrambled,33,25,12,0.036726179653793663,scrambled_array_coordinate
scrambled,36,25,12,0.03782418840816653,scrambled_array_coordinate
scrambled,40,25,12,0.051467654777902064,scrambled_array_coordinate
scrambled,43,25,12,-0.046533712508231115,scrambled_array_coordinate
scrambled,46,25,12,0.036076823322409329,scrambled_array_coordinate
scrambled,6,26,12,-0.045462491080446622,scrambled_array_coordinate
scrambled,10,26,12,0.03820865735652744,scrambled_array_coordinate
scrambled,11,26,12,-0.050382278702141493,scrambled_array_coordinate
scrambled,12,26,12,0.039765693395204325,scrambled_array_coordinate
scrambled,16,26,12,-0.035782637236001412,scrambled_array_coordinate
scrambled,22,26,12,-0.057473029748613604,scrambled_array_coordinate
scrambled,26,26,12,0.038546927222225011,scrambled_array_coordinate
scrambled,47,26,12,0.039038067912283564,scrambled_array_coordinate
scrambled,0,27,12,-0.04288003405353942,scrambled_array_coordinate
scrambled,1,27,12,-0.052731563263949871,scrambled_array_coordinate
scrambled,2,27,12,0.045695846038512192,scrambled_array_coordinate
scrambled,4,27,12,-0.05978269051986896,scrambled_array_coordinate
scrambled,6,27,12,-0.049573067515639911,scrambled_array_coordinate
scrambled,10,27,12,0.072133814412234681,scrambled_array_coordinate
scrambled,15,27,12,-0.071109280385666343,scrambled_array_coordinate
scrambled,19,27,12,0.045336602878188609,scrambled_array_coordinate
scrambled,20,27,12,-0.074709945803584157,scrambled_array_coordinate
scrambled,30,27,12,-0.064793743891734479,scrambled_array_coordinate
scrambled,40,27,12,0.046813971953970614,scrambled_array_coordinate
scrambled,43,27,12,-0.05029684677034095,scrambled_array_coordinate
scrambled,10,28,12,0.039872697081172075,scrambled_array_coordinate
scrambled,23,28,12,-0.037970485822926371,scrambled_array_coordinate
scrambled,26,28,12,0.051242818159146698,scrambled_array_coordinate
scrambled,46,28,12,-0.048667571220816039,scrambled_array_coordinate
scrambled,47,28,12,0.037533799398228644,scrambled_array_coordinate
scrambled,4,29,12,0.070539450527008399,scrambled_array_coordinate
scrambled,10,29,12,-0.039238882547543694,scrambled_array_coordinate
scrambled,13,29,12,0.071553887021786222,scrambled_array_coordinate
scrambled,20,29,12,0.035927541466012451,scrambled_array_coordinate
scrambled,1,30,12,-0.084005369759025283,scrambled_array_coordinate
scrambled,5,30,12,0.038614893693817973,scrambled_array_coordinate
scrambled,11,30,12,-0.0404827950724106,scrambled_array_coordinate
scrambled,14,30,12,-0.061486986139849771,scrambled_array_coordinate
scrambled,19,30,12,0.046337956545395381,scrambled_array_coordinate
scrambled,22,30,12,-0.049190983376482499,scrambled_array_coordinate
scrambled,23,30,12,-0.062380261008926026,scrambled_array_coordinate
scrambled,26,30,12,0.055159192721752792,scrambled_array_coordinate
scrambled,28,30,12,-0.049059122475080326,scrambled_array_coordinate
scrambled,30,30,12,-0.038482378696885602,scrambled_array_coordinate
scrambled,36,30,12,0.042665950484070521,scrambled_array_coordinate
scrambled,41,30,12,-0.082198915481720494,scrambled_array_coordinate
scrambled,44,30,12,-0.042491388188783043,scrambled_array_coordinate
scrambled,45,30,12,0.038301516476920712,scrambled_array_coordinate
scrambled,46,30,12,0.062092587785047004,scrambled_array_coordinate
scrambled,48,30,12,-0.064486322145387354,scrambled_array_coordinate
scrambled,8,31,12,0.046267214018441701,scrambled_array_coordinate
scrambled,15,31,12,-0.039014472774056903,scrambled_array_coordinate
scrambled,17,31,12,0.037095437484905652,scrambled_array_coordinate
scrambled,22,31,12,-0.036538485993620543,scrambled_array_coordinate
scrambled,24,31,12,-0.063288058147444121,scrambled_array_coordinate
scrambled,33,31,12,-0.036456560572093712,scrambled_array_coordinate
scrambled,1,32,12,-0.041406781330896751,scrambled_array_coordinate
scrambled,2,32,12,0.051474948124082105,scrambled_array_coordinate
scrambled,10,32,12,0.049885496285754803,scrambled_array_coordinate
scrambled,11,32,12,-0.043065331306138314,scrambled_array_coordinate
scrambled,19,32,12,0.054769867033033784,scrambled_array_coordinate
scrambled,22,32,12,-0.047554845383363714,scrambled_array_coordinate
scrambled,43,32,12,-0.049271430378948697,scrambled_array_coordinate
scrambled,46,32,12,0.041135606495527527,scrambled_array_coordinate
scrambled,15,33,12,-0.038926091871879891,scrambled_array_coordinate
scrambled,25,33,12,0.047458044394688474,scrambled_array_coordinate
scrambled,11,34,12,0.0443410581409402,scrambled_array_coordinate
scrambled,14,34,12,0.037752473512842298,scrambled_array_coordinate
scrambled,18,34,12,-0.038027194596410845,scrambled_array_coordinate
scrambled,25,34,12,0.040955234273522552,scrambled_array_coordinate
scrambled,26,34,12,-0.038492523751835268,scrambled_array_coordinate
scrambled,46,34,12,-0.070783437454260495,scrambled_array_coordinate
scrambled,9,35,12,-0.039106638402292108,scrambled_array_coordinate
scrambled,26,35,12,0.037516072231063458,scrambled_array_coordinate
scrambled,46,36,12,0.061822663912374932,scrambled_array_coordinate
scrambled,26,37,12,0.039494951811295718,scrambled_array_coordinate
scrambled,39,37,12,-0.039397659388724984,scrambled_array_coordinate
scrambled,46,37,12,-0.044244295587334337,scrambled_array_coordinate
scrambled,47,37,12,0.036248960186113906,scrambled_array_coordinate
scrambled,24,38,12,0.043752259579650309,scrambled_array_coordinate
scrambled,25,38,12,0.044675195513031882,scrambled_array_coordinate
scrambled,46,38,12,-0.043327043348948151,scrambled_array_coordinate
scrambled,0,39,12,-0.053388853757791434,scrambled_array_coordinate
scrambled,7,39,12,-0.043863077908236903,scrambled_array_coordinate
scrambled,13,39,12,0.081944895836996975,scrambled_array_coordinate
scrambled,23,39,12,0.052668095596137887,scrambled_array_coordinate
scrambled,24,39,12,-0.082824715887805364,scrambled_array_coordinate
scrambled,25,39,12,0.10455288017756505,scrambled_array_coordinate
scrambled,26,39,12,-0.05215638775628828,scrambled_array_coordinate
scrambled,30,39,12,0.047721923570105185,scrambled_array_coordinate
scrambled,32,39,12,-0.036424340335581291,scrambled_array_coordinate
scrambled,48,39,12,0.036091542546452395,scrambled_array_coordinate
scrambled,49,39,12,0.041976324965521908,scrambled_array_coordinate
scrambled,6,40,12,-0.05320855823585325,scrambled_array_coordinate
scrambled,10,40,12,0.074164349747733144,scrambled_array_coordinate
scrambled,11,40,12,-0.052448633634695853,scrambled_array_coordinate
scrambled,13,40,12,-0.04068792874472052,scrambled_array_coordinate
scrambled,15,40,12,-0.05062085450150814,scrambled_array_coordinate
scrambled,22,40,12,-0.054859811351490706,scrambled_array_coordinate
scrambled,31,40,12,0.049064387195525,scrambled_array_coordinate
scrambled,35,40,12,0.053435228770435508,scrambled_array_coordinate
scrambled,36,40,12,0.046724583424760914,scrambled_array_coordinate
scrambled,37,40,12,-0.039907841735425678,scrambled_array_coordinate
scrambled,40,40,12,0.074583342817653969,scrambled_array_coordinate
scrambled,43,40,12,-0.041643727792372888,scrambled_array_coordinate
scrambled,1,41,12,0.12608575313751846,scrambled_array_coordinate
scrambled,3,41,12,-0.048793077774904825,scrambled_array_coordinate
scrambled,5,41,12,-0.037745074458680576,scrambled_array_coordinate
scrambled,7,41,12,-0.058379450016136085,scrambled_array_coordinate
scrambled,10,41,12,-0.038316058073662257,scrambled_array_coordinate
scrambled,13,41,12,0.079638616305174326,scrambled_array_coordinate
scrambled,18,41,12,-0.053701166094793772,scrambled_array_coordinate
scrambled,21,41,12,-0.041605357730827533,scrambled_array_coordinate
scrambled,22,41,12,0.041095730887725418,scrambled_array_coordinate
scrambled,23,41,12,0.11363009246318498,scrambled_array_coordinate
scrambled,24,41,12,-0.089212719461592316,scrambled_array_coordinate
scrambled,25,41,12,0.078115994215725404,scrambled_array_coordinate
scrambled,26,41,12,-0.10772152775562975,scrambled_array_coordinate
scrambled,28,41,12,0.086043889313629038,scrambled_array_coordinate
scrambled,29,41,12,-0.073588246889849607,scrambled_array_coordinate
scrambled,31,41,12,-0.067332543194746908,scrambled_array_coordinate
scrambled,32,41,12,-0.052738915507741929,scrambled_array_coordinate
scrambled,34,41,12,0.037420964980518431,scrambled_array_coordinate
scrambled,36,41,12,-0.060940989521192417,scrambled_array_coordinate
scrambled,37,41,12,0.049742638053160919,scrambled_array_coordinate
scrambled,48,41,12,0.052101845319947958,scrambled_array_coordinate
scrambled,1,42,12,-0.057404940218510066,scrambled_array_coordinate
scrambled,5,42,12,0.050606297902804347,scrambled_array_coordinate
scrambled,7,42,12,0.045426472907019427,scrambled_array_coordinate
scrambled,9,42,12,0.042480859696277844,scrambled_array_coordinate
scrambled,11,42,12,0.060822581437936125,scrambled_array_coordinate
scrambled,12,42,12,-0.0431497695740913,scrambled_array_coordinate
scrambled,13,42,12,-0.04084678225877663,scrambled_array_coordinate
scrambled,18,42,12,0.052392895720438523,scrambled_array_coordinate
scrambled,24,42,12,0.063633912812823157,scrambled_array_coordinate
scrambled,25,42,12,-0.052561574299319409,scrambled_array_coordinate
scrambled,27,42,12,0.052339106137668852,scrambled_array_coordinate
scrambled,28,42,12,-0.037868186699906554,scrambled_array_coordinate
scrambled,29,42,12,0.046241117082436466,scrambled_array_coordinate
scrambled,31,42,12,0.05407398896874769,scrambled_array_coordinate
scrambled,36,42,12,0.036579065617144267,scrambled_array_coordinate
scrambled,0,43,12,-0.042228258379113003,scrambled_array_coordinate
scrambled,2,43,12,0.063184987407886112,scrambled_array_coordinate
scrambled,4,43,12,-0.054208467233951493,scrambled_array_coordinate
scrambled,8,43,12,-0.069900576178362941,scrambled_array_coordinate
scrambled,10,43,12,0.059205647491800163,scrambled_array_coordinate
scrambled,13,43,12,-0.074191415531659533,scrambled_array_coordinate
scrambled,16,43,12,-0.043541208083983637,scrambled_array_coordinate
scrambled,19,43,12,0.050868606121830078,scrambled_array_coordinate
scrambled,20,43,12,-0.096393332815560756,scrambled_array_coordinate
scrambled,21,43,12,-0.043246217547122337,scrambled_array_coordinate
scrambled,25,43,12,-0.05459254276160546,scrambled_array_coordinate
scrambled,27,43,12,-0.046783863054189988,scrambled_array_coordinate
scrambled,30,43,12,-0.046036628744558536,scrambled_array_coordinate
scrambled,31,43,12,-0.04146511428405808,scrambled_array_coordinate
scrambled,40,43,12,0.038147619787908975,scrambled_array_coordinate
scrambled,49,43,12,-0.070069211139426962,scrambled_array_coordinate
scrambled,1,44,12,-0.040153580936993984,scrambled_array_coordinate
scrambled,6,44,12,-0.075415219787855203,scrambled_array_coordinate
scrambled,10,44,12,0.058496613588758073,scrambled_array_coordinate
scrambled,15,44,12,-0.044639256895035971,scrambled_array_coordinate
scrambled,16,44,12,-0.048494458605859304,scrambled_array_coordinate
scrambled,18,44,12,0.037603819513856114,scrambled_array_coordinate
scrambled,22,44,12,-0.056186015541434882,scrambled_array_coordinate
scrambled,23,44,12,-0.043327008318756695,scrambled_array_coordinate
scrambled,26,44,12,0.036203208635985473,scrambled_array_coordinate
scrambled,28,44,12,-0.074748725781588338,scrambled_array_coordinate
scrambled,29,44,12,0.0525902924026726,scrambled_array_coordinate
scrambled,30,44,12,-0.041322196090608318,scrambled_array_coordinate
scrambled,33,44,12,-0.036499680603523765,scrambled_array_coordinate
scrambled,36,44,12,0.042720535470201181,scrambled_array_coordinate
scrambled,46,44,12,-0.044169051330435326,scrambled_array_coordinate
scrambled,47,44,12,0.039226196781022543,scrambled_array_coordinate
scrambled,48,44,12,-0.047008190710567631,scrambled_array_coordinate
scrambled,0,45,12,0.036678469992436659,scrambled_array_coordinate
scrambled,1,45,12,0.065456640938782992,scrambled_array_coordinate
scrambled,5,45,12,-0.038389141411160635,scrambled_array_coordinate
scrambled,7,45,12,-0.040168174868566199,scrambled_array_coordinate
scrambled,25,45,12,0.052470238473161505,scrambled_array_coordinate
scrambled,30,45,12,0.04320874558491665,scrambled_array_coordinate
scrambled,36,45,12,-0.06470076906420319,scrambled_array_coordinate
scrambled,41,45,12,0.053774996735469212,scrambled_array_coordinate
scrambled,42,45,12,0.040143806229586118,scrambled_array_coordinate
scrambled,46,45,12,-0.074261762779903998,scrambled_array_coordinate
scrambled,10,46,12,0.037757181564258849,scrambled_array_coordinate
scrambled,15,46,12,-0.046675195996443659,scrambled_array_coordinate
scrambled,40,46,12,0.051745858829317953,scrambled_array_coordinate
scrambled,6,47,12,0.039082208632129266,scrambled_array_coordinate
scrambled,7,47,12,0.042298701298133318,scrambled_array_coordinate
scrambled,10,47,12,-0.048412870171366057,scrambled_array_coordinate
scrambled,11,47,12,0.049479023891399326,scrambled_array_coordinate
scrambled,18,47,12,-0.037466688107008997,scrambled_array_coordinate
scrambled,22,47,12,0.044334819689913985,scrambled_array_coordinate
scrambled,25,47,12,-0.036853278062343439,scrambled_array_coordinate
scrambled,35,47,12,-0.051555049977855642,scrambled_array_coordinate
scrambled,40,47,12,-0.064536708505623042,scrambled_array_coordinate
scrambled,41,47,12,-0.082257168115197607,scrambled_array_coordinate
scrambled,43,47,12,0.063563237461704863,scrambled_array_coordinate
scrambled,44,47,12,-0.039304509956150722,scrambled_array_coordinate
scrambled,2,48,12,0.036964396253633361,scrambled_array_coordinate
scrambled,24,48,12,-0.040163627046795936,scrambled_array_coordinate
scrambled,4,49,12,-0.036035314598018377,scrambled_array_coordinate
scrambled,10,49,12,0.052067420090711886,scrambled_array_coordinate
scrambled,15,49,12,-0.038277214288005325,scrambled_array_coordinate
scrambled,25,49,12,0.053111573358992289,scrambled_array_coordinate
scrambled,40,49,12,0.050617088995487017,scrambled_array_coordinate
scrambled,43,49,12,-0.045555562555956441,scrambled_array_coordinate
scrambled,30,0,13,0.039691547339152956,scrambled_array_coordinate
scrambled,40,0,13,-0.070196063273396975,scrambled_array_coordinate
scrambled,49,0,13,-0.038678707192640722,scrambled_array_coordinate
scrambled,21,2,13,0.03898134941969833,scrambled_array_coordinate
scrambled,23,2,13,-0.046570920605586014,scrambled_array_coordinate
scrambled,24,2,13,0.067433617938780152,scrambled_array_coordinate
scrambled,26,2,13,0.035904806544104356,scrambled_array_coordinate
scrambled,29,2,13,0.036987875506095266,scrambled_array_coordinate
scrambled,30,2,13,-0.040832310815516977,scrambled_array_coordinate
scrambled,39,2,13,-0.035901107313278079,scrambled_array_coordinate
scrambled,0,3,13,0.044908999126783623,scrambled_array_coordinate
scrambled,13,3,13,-0.037898815800516052,scrambled_array_coordinate
scrambled,15,3,13,0.057190426062508355,scrambled_array_coordinate
scrambled,20,3,13,0.044991019740353196,scrambled_array_coordinate
scrambled,25,3,13,-0.040110012932277526,scrambled_array_coordinate
scrambled,30,3,13,0.058815911863324084,scrambled_array_coordinate
scrambled,38,3,13,0.042649294631747971,scrambled_array_coordinate
scrambled,40,3,13,-0.090910283566716502,scrambled_array_coordinate
scrambled,47,3,13,-0.052264202540668069,scrambled_array_coordinate
scrambled,0,4,13,0.042207477326629293,scrambled_array_coordinate
scrambled,46,4,13,-0.051385842532160726,scrambled_array_coordinate
scrambled,40,5,13,0.041156163452689146,scrambled_array_coordinate
scrambled,0,6,13,0.050388575767267962,scrambled_array_coordinate
scrambled,13,6,13,-0.043137010315808272,scrambled_array_coordinate
scrambled,15,6,13,0.050934290299845981,scrambled_array_coordinate
scrambled,25,6,13,-0.042453212356973691,scrambled_array_coordinate
scrambled,40,6,13,-0.078238280061103768,scrambled_array_coordinate
scrambled,13,7,13,0.044945165599435018,scrambled_array_coordinate
scrambled,25,7,13,0.043558917256193375,scrambled_array_coordinate
scrambled,40,7,13,0.041085997394933828,scrambled_array_coordinate
scrambled,3,8,13,-0.049618663887296764,scrambled_array_coordinate
scrambled,19,8,13,0.039644365554364493,scrambled_array_coordinate
scrambled,24,8,13,0.043766146076962054,scrambled_array_coordinate
scrambled,36,8,13,-0.058505647106827048,scrambled_array_coordinate
scrambled,37,8,13,0.037250338701995733,scrambled_array_coordinate
scrambled,46,8,13,-0.068021186806761044,scrambled_array_coordinate
scrambled,8,10,13,0.046575501776925057,scrambled_array_coordinate
scrambled,20,10,13,0.064563776809997739,scrambled_array_coordinate
scrambled,22,10,13,-0.044640040328448344,scrambled_array_coordinate
scrambled,24,10,13,-0.036718006198001543,scrambled_array_coordinate
scrambled,41,10,13,-0.050041900110626612,scrambled_array_coordinate
scrambled,46,10,13,0.050049253095004222,scrambled_array_coordinate
scrambled,49,10,13,0.064142911716317808,scrambled_array_coordinate
scrambled,20,11,13,-0.041120893562718266,scrambled_array_coordinate
scrambled,29,11,13,-0.039078811618313516,scrambled_array_coordinate
scrambled,33,11,13,0.037073306829988072,scrambled_array_coordinate
scrambled,23,12,13,0.040098338490091368,scrambled_array_coordinate
scrambled,25,12,13,0.039435582104799478,scrambled_array_coordinate
scrambled,46,12,13,-0.058350387156735191,scrambled_array_coordinate
scrambled,49,12,13,-0.036856541648327183,scrambled_array_coordinate
scrambled,20,13,13,0.036505096949686594,scrambled_array_coordinate
scrambled,22,13,13,-0.048954507880564886,scrambled_array_coordinate
scrambled,3,14,13,0.045612545133280467,scrambled_array_coordinate
scrambled,9,14,13,0.058999340270860574,scrambled_array_coordinate
scrambled,13,14,13,-0.04927623307395123,scrambled_array_coordinate
scrambled,14,14,13,0.067675372413505006,scrambled_array_coordinate
scrambled,15,14,13,0.04140648403333206,scrambled_array_coordinate
scrambled,17,14,13,0.037378537286348539,scrambled_array_coordinate
scrambled,19,14,13,-0.03776806687886352,scrambled_array_coordinate
scrambled,20,14,13,0.062597111350733564,scrambled_array_coordinate
scrambled,23,14,13,0.040266124868054476,scrambled_array_coordinate
scrambled,24,14,13,-0.047752877118523503,scrambled_array_coordinate
scrambled,30,14,13,0.044607512898847478,scrambled_array_coordinate
scrambled,32,14,13,-0.050550861623733248,scrambled_array_coordinate
scrambled,39,14,13,0.042621768125945911,scrambled_array_coordinate
scrambled,40,14,13,-0.091872640846313067,scrambled_array_coordinate
scrambled,44,14,13,0.037952017441269151,scrambled_array_coordinate
scrambled,48,14,13,0.038864627408798924,scrambled_array_coordinate
scrambled,49,14,13,-0.038952429470897096,scrambled_array_coordinate
scrambled,0,15,13,0.039851680442559032,scrambled_array_coordinate
scrambled,6,15,13,-0.049574756400458823,scrambled_array_coordinate
scrambled,9,15,13,0.047451054076614499,scrambled_array_coordinate
scrambled,10,15,13,0.04458657848366241,scrambled_array_coordinate
scrambled,13,15,13,-0.072667391433173398,scrambled_array_coordinate
scrambled,14,15,13,0.036097501310032497,scrambled_array_coordinate
scrambled,20,15,13,0.035937224768606335,scrambled_array_coordinate
scrambled,22,15,13,-0.044307012119613111,scrambled_array_coordinate
scrambled,29,15,13,0.04014874592103277,scrambled_array_coordinate
scrambled,40,15,13,-0.063561331265650542,scrambled_array_coordinate
scrambled,0,16,13,0.040567442334901185,scrambled_array_coordinate
scrambled,1,16,13,0.036047548867877408,scrambled_array_coordinate
scrambled,8,16,13,0.039334449629073474,scrambled_array_coordinate
scrambled,15,16,13,0.046657188974269945,scrambled_array_coordinate
scrambled,20,16,13,0.058101511129715122,scrambled_array_coordinate
scrambled,30,16,13,0.041420010431520542,scrambled_array_coordinate
scrambled,40,16,13,-0.03607160081654455,scrambled_array_coordinate
scrambled,42,16,13,0.041769865729793486,scrambled_array_coordinate
scrambled,1,17,13,-0.050400352567700958,scrambled_array_coordinate
scrambled,11,17,13,-0.038880858830270322,scrambled_array_coordinate
scrambled,13,17,13,-0.041905187291485235,scrambled_array_coordinate
scrambled,19,17,13,0.054511396814607191,scrambled_array_coordinate
scrambled,21,17,13,-0.036207108859349475,scrambled_array_coordinate
scrambled,22,17,13,-0.036919271538461841,scrambled_array_coordinate
scrambled,25,17,13,-0.039651632642290248,scrambled_array_coordinate
scrambled,31,17,13,0.038083853325221094,scrambled_array_coordinate
scrambled,32,17,13,0.042074453473836725,scrambled_array_coordinate
scrambled,46,17,13,0.049611462560234583,scrambled_array_coordinate
scrambled,9,18,13,-0.037039987198998037,scrambled_array_coordinate
scrambled,22,18,13,0.036757203414492304,scrambled_array_coordinate
scrambled,49,18,13,-0.042051700260485311,scrambled_array_coordinate
scrambled,6,19,13,0.039134621944251456,scrambled_array_coordinate
scrambled,13,19,13,0.055771415346897113,scrambled_array_coordinate
scrambled,25,19,13,0.046888849793675413,scrambled_array_coordinate
scrambled,41,19,13,-0.051897877902057729,scrambled_array_coordinate
scrambled,49,19,13,0.061278898215073707,scrambled_array_coordinate
scrambled,36,20,13,-0.042907656371646084,scrambled_array_coordinate
scrambled,41,20,13,0.036727704926808172,scrambled_array_coordinate
scrambled,46,20,13,-0.055649428082102201,scrambled_array_coordinate
scrambled,49,20,13,-0.038285710201692857,scrambled_array_coordinate
scrambled,1,21,13,-0.071649333237981644,scrambled_array_coordinate
scrambled,13,21,13,-0.080617122298893645,scrambled_array_coordinate
scrambled,19,21,13,0.052843582827283318,scrambled_array_coordinate
scrambled,21,21,13,-0.051767505013541985,scrambled_array_coordinate
scrambled,25,21,13,-0.055012121750674832,scrambled_array_coordinate
scrambled,40,21,13,-0.053670757093539585,scrambled_array_coordinate
scrambled,0,23,13,-0.042897862964194997,scrambled_array_coordinate
scrambled,6,23,13,0.05427782188286831,scrambled_array_coordinate
scrambled,13,23,13,0.038145641697038622,scrambled_array_coordinate
scrambled,14,23,13,-0.07401763067586567,scrambled_array_coordinate
scrambled,41,23,13,-0.051999392693478245,scrambled_array_coordinate
scrambled,44,23,13,-0.048863411228997955,scrambled_array_coordinate
scrambled,46,23,13,0.059919242748950066,scrambled_array_coordinate
scrambled,49,23,13,0.063276913663749615,scrambled_array_coordinate
scrambled,6,24,13,-0.06270416719254561,scrambled_array_coordinate
scrambled,8,24,13,0.058126997138216376,scrambled_array_coordinate
scrambled,9,24,13,0.058000852894347296,scrambled_array_coordinate
scrambled,10,24,13,0.050895444410288988,scrambled_array_coordinate
scrambled,11,24,13,-0.049807004767913651,scrambled_array_coordinate
scrambled,13,24,13,-0.039548236162768771,scrambled_array_coordinate
scrambled,14,24,13,0.068162838760020342,scrambled_array_coordinate
scrambled,20,24,13,0.086081375543991645,scrambled_array_coordinate
scrambled,22,24,13,-0.08220496211988168,scrambled_array_coordinate
scrambled,24,24,13,-0.046422255441593646,scrambled_array_coordinate
scrambled,33,24,13,-0.038889975605985727,scrambled_array_coordinate
scrambled,35,24,13,0.050360555861494564,scrambled_array_coordinate
scrambled,39,24,13,0.047316550138714511,scrambled_array_coordinate
scrambled,40,24,13,-0.040936687912637416,scrambled_array_coordinate
scrambled,42,24,13,0.039739102930193275,scrambled_array_coordinate
scrambled,44,24,13,0.042647087255304451,scrambled_array_coordinate
scrambled,6,25,13,0.05466838742847778,scrambled_array_coordinate
scrambled,10,25,13,-0.060042780591384723,scrambled_array_coordinate
scrambled,13,25,13,0.036326734029285164,scrambled_array_coordinate
scrambled,46,25,13,0.042853447625299301,scrambled_array_coordinate
scrambled,1,26,13,-0.038065225119113331,scrambled_array_coordinate
scrambled,9,26,13,0.043645652478569712,scrambled_array_coordinate
scrambled,37,26,13,-0.037329499564752587,scrambled_array_coordinate
scrambled,1,27,13,-0.04166859952125173,scrambled_array_coordinate
scrambled,7,27,13,0.038108907050498124,scrambled_array_coordinate
scrambled,9,27,13,0.036477163173853161,scrambled_array_coordinate
scrambled,13,27,13,-0.047936053111439739,scrambled_array_coordinate
scrambled,23,27,13,-0.037022811657151482,scrambled_array_coordinate
scrambled,33,27,13,-0.039140036976254809,scrambled_array_coordinate
scrambled,40,27,13,-0.040351449190126995,scrambled_array_coordinate
scrambled,40,28,13,-0.037248446941444843,scrambled_array_coordinate
scrambled,14,30,13,0.048100641593339558,scrambled_array_coordinate
scrambled,23,30,13,0.03746752236466204,scrambled_array_coordinate
scrambled,31,30,13,-0.037691698255088009,scrambled_array_coordinate
scrambled,40,30,13,-0.052528212693346905,scrambled_array_coordinate
scrambled,49,30,13,-0.041416120536256151,scrambled_array_coordinate
scrambled,13,31,13,0.038691139169253534,scrambled_array_coordinate
scrambled,41,31,13,-0.047975523459141557,scrambled_array_coordinate
scrambled,44,31,13,-0.039892676696017752,scrambled_array_coordinate
scrambled,49,31,13,0.045390788305284681,scrambled_array_coordinate
scrambled,1,34,13,0.04711293535105706,scrambled_array_coordinate
scrambled,14,34,13,0.03715522744035335,scrambled_array_coordinate
scrambled,36,34,13,-0.036193142365903062,scrambled_array_coordinate
scrambled,41,34,13,0.04896091576923494,scrambled_array_coordinate
scrambled,46,34,13,-0.065449103558314362,scrambled_array_coordinate
scrambled,14,35,13,0.049643684486735555,scrambled_array_coordinate
scrambled,40,35,13,-0.039376160905862087,scrambled_array_coordinate
scrambled,41,35,13,0.039553895656692324,scrambled_array_coordinate
scrambled,46,35,13,-0.061669079392242421,scrambled_array_coordinate
scrambled,1,36,13,0.046693802553581749,scrambled_array_coordinate
scrambled,9,36,13,-0.043131404044451975,scrambled_array_coordinate
scrambled,13,36,13,0.058816527652080841,scrambled_array_coordinate
scrambled,25,36,13,0.063966106234500192,scrambled_array_coordinate
scrambled,40,36,13,0.057846585263452738,scrambled_array_coordinate
scrambled,9,37,13,0.035856517594500335,scrambled_array_coordinate
scrambled,14,38,13,0.039059423316141692,scrambled_array_coordinate
scrambled,24,38,13,-0.039946144166537988,scrambled_array_coordinate
scrambled,30,38,13,0.045050686303897199,scrambled_array_coordinate
scrambled,49,38,13,-0.043639097058797469,scrambled_array_coordinate
scrambled,0,39,13,-0.03905338104664631,scrambled_array_coordinate
scrambled,23,39,13,-0.037341777628657487,scrambled_array_coordinate
scrambled,28,39,13,-0.050510603166908905,scrambled_array_coordinate
scrambled,41,39,13,-0.073039644280659399,scrambled_array_coordinate
scrambled,44,39,13,-0.039741203646947103,scrambled_array_coordinate
scrambled,46,39,13,0.044549815019561886,scrambled_array_coordinate
scrambled,49,39,13,0.045500468834967521,scrambled_array_coordinate
scrambled,19,40,13,-0.043863904434674361,scrambled_array_coordinate
scrambled,1,41,13,-0.046895835078813647,scrambled_array_coordinate
scrambled,13,41,13,-0.047443079585536035,scrambled_array_coordinate
scrambled,40,41,13,-0.043509060397646453,scrambled_array_coordinate
scrambled,0,42,13,0.03955875572268646,scrambled_array_coordinate
scrambled,1,42,13,0.040949297490126456,scrambled_array_coordinate
scrambled,14,42,13,0.03647195367421828,scrambled_array_coordinate
scrambled,15,42,13,0.037706430905838431,scrambled_array_coordinate
scrambled,23,42,13,0.036746668297059908,scrambled_array_coordinate
scrambled,41,42,13,0.038603624409362505,scrambled_array_coordinate
scrambled,44,42,13,0.048042761039319058,scrambled_array_coordinate
scrambled,49,42,13,-0.053822523627904642,scrambled_array_coordinate
scrambled,1,43,13,0.056873442564432809,scrambled_array_coordinate
scrambled,3,43,13,-0.037255692436248898,scrambled_array_coordinate
scrambled,10,43,13,-0.043348928978520808,scrambled_array_coordinate
scrambled,24,43,13,0.038718639795411611,scrambled_array_coordinate
scrambled,25,43,13,0.051409064720119815,scrambled_array_coordinate
scrambled,36,43,13,-0.049234056953716986,scrambled_array_coordinate
scrambled,46,43,13,-0.045426079185487134,scrambled_array_coordinate
scrambled,4,44,13,-0.03894748812386991,scrambled_array_coordinate
scrambled,9,44,13,0.036251878610672784,scrambled_array_coordinate
scrambled,15,44,13,-0.048474867643607034,scrambled_array_coordinate
scrambled,20,44,13,-0.042070952652183365,scrambled_array_coordinate
scrambled,28,44,13,-0.041434117409188266,scrambled_array_coordinate
scrambled,30,44,13,-0.04004966639767981,scrambled_array_coordinate
scrambled,42,44,13,-0.039290083262064623,scrambled_array_coordinate
scrambled,8,45,13,-0.045781529633967429,scrambled_array_coordinate
scrambled,9,45,13,-0.037207216439816074,scrambled_array_coordinate
scrambled,14,45,13,-0.043418697985193627,scrambled_array_coordinate
scrambled,20,45,13,-0.096264514971620474,scrambled_array_coordinate
scrambled,22,45,13,0.048315869688950339,scrambled_array_coordinate
scrambled,24,45,13,0.045028386333615382,scrambled_array_coordinate
scrambled,30,45,13,-0.051164105512303576,scrambled_array_coordinate
scrambled,32,45,13,0.051026631554039539,scrambled_array_coordinate
scrambled,38,45,13,-0.048773296890388347,scrambled_array_coordinate
scrambled,39,45,13,-0.045444136722527083,scrambled_array_coordinate
scrambled,40,45,13,0.058607364020830797,scrambled_array_coordinate
scrambled,46,45,13,-0.041701871782092899,scrambled_array_coordinate
scrambled,40,46,13,-0.038178578960627048,scrambled_array_coordinate
scrambled,11,47,13,-0.042419858181345346,scrambled_array_coordinate
scrambled,20,47,13,0.055572045866798842,scrambled_array_coordinate
scrambled,22,47,13,-0.055734284575728821,scrambled_array_coordinate
scrambled,24,47,13,-0.044750667440599204,scrambled_array_coordinate
scrambled,29,47,13,-0.038936629571748232,scrambled_array_coordinate
scrambled,30,47,13,0.03911431414667936,scrambled_array_coordinate
scrambled,46,47,13,0.079371706469896011,scrambled_array_coordinate
scrambled,4,48,13,0.039903759341545088,scrambled_array_coordinate
scrambled,6,48,13,0.056220524388808396,scrambled_array_coordinate
scrambled,10,48,13,-0.055745375508285608,scrambled_array_coordinate
scrambled,13,48,13,0.044760436028068361,scrambled_array_coordinate
scrambled,46,48,13,0.042575515393699775,scrambled_array_coordinate
scrambled,9,49,13,0.042085755662073322,scrambled_array_coordinate
scrambled,14,49,13,0.040437859802090366,scrambled_array_coordinate
scrambled,31,49,13,-0.037936763635440955,scrambled_array_coordinate
scrambled,32,49,13,-0.042677879372918101,scrambled_array_coordinate
scrambled,33,49,13,-0.039730524811996057,scrambled_array_coordinate
scrambled,40,49,13,-0.069625761366814046,scrambled_array_coordinate
scrambled,41,0,14,0.036621343639362071,scrambled_array_coordinate
scrambled,46,6,14,0.045330322899420204,scrambled_array_coordinate
scrambled,13,7,14,0.052014726673856176,scrambled_array_coordinate
scrambled,10,8,14,-0.043344852973844175,scrambled_array_coordinate
scrambled,15,8,14,0.045513380878316217,scrambled_array_coordinate
scrambled,20,8,14,0.051605574146682848,scrambled_array_coordinate
scrambled,27,8,14,0.053377311267251787,scrambled_array_coordinate
scrambled,31,8,14,0.063788210577898879,scrambled_array_coordinate
scrambled,33,8,14,0.041426080378370166,scrambled_array_coordinate
scrambled,36,8,14,0.044910733441645437,scrambled_array_coordinate
scrambled,39,8,14,0.042563265244383718,scrambled_array_coordinate
scrambled,46,8,14,0.10481865843292643,scrambled_array_coordinate
scrambled,49,8,14,0.041448157135821416,scrambled_array_coordinate
scrambled,22,9,14,-0.037255746681049806,scrambled_array_coordinate
scrambled,41,9,14,-0.063184148341393381,scrambled_array_coordinate
scrambled,46,9,14,0.05390653024679215,scrambled_array_coordinate
scrambled,13,10,14,0.040937129914334298,scrambled_array_coordinate
scrambled,22,12,14,0.039782820409461898,scrambled_array_coordinate
scrambled,41,12,14,0.038498300523332751,scrambled_array_coordinate
scrambled,24,13,14,0.040150591129888759,scrambled_array_coordinate
scrambled,29,13,14,0.051447653274149949,scrambled_array_coordinate
scrambled,41,13,14,0.036020749222130971,scrambled_array_coordinate
scrambled,46,13,14,-0.088926424587594893,scrambled_array_coordinate
scrambled,1,15,14,-0.038098160798662781,scrambled_array_coordinate
scrambled,13,17,14,-0.040532897316919898,scrambled_array_coordinate
scrambled,22,19,14,0.043963469826762032,scrambled_array_coordinate
scrambled,41,19,14,0.055226346153543687,scrambled_array_coordinate
scrambled,46,19,14,-0.04463349829148975,scrambled_array_coordinate
scrambled,31,20,14,0.037694071253403051,scrambled_array_coordinate
scrambled,39,20,14,0.039971018850689009,scrambled_array_coordinate
scrambled,41,20,14,-0.036637404297768614,scrambled_array_coordinate
scrambled,46,20,14,0.10219942709171609,scrambled_array_coordinate
scrambled,49,20,14,0.052831515943110564,scrambled_array_coordinate
scrambled,3,21,14,0.037600423194996548,scrambled_array_coordinate
scrambled,5,21,14,0.035806548662690486,scrambled_array_coordinate
scrambled,25,21,14,-0.063774940206077477,scrambled_array_coordinate
scrambled,27,21,14,0.038729914175355186,scrambled_array_coordinate
scrambled,31,21,14,0.064790681599948136,scrambled_array_coordinate
scrambled,36,21,14,0.040126541655209964,scrambled_array_coordinate
scrambled,46,21,14,0.057555309587314314,scrambled_array_coordinate
scrambled,46,22,14,0.078058172289168337,scrambled_array_coordinate
scrambled,36,25,14,-0.041878383566973001,scrambled_array_coordinate
scrambled,46,25,14,-0.044200467105227757,scrambled_array_coordinate
scrambled,20,26,14,-0.043512627838613496,scrambled_array_coordinate
scrambled,22,26,14,0.045921047440711564,scrambled_array_coordinate
scrambled,29,26,14,0.038862708996779169,scrambled_array_coordinate
scrambled,30,26,14,-0.03629702814352613,scrambled_array_coordinate
scrambled,41,26,14,0.05317531153603456,scrambled_array_coordinate
scrambled,46,26,14,-0.067919699111624834,scrambled_array_coordinate
scrambled,46,27,14,0.043892257684237233,scrambled_array_coordinate
scrambled,1,29,14,-0.039040966313219919,scrambled_array_coordinate
scrambled,22,29,14,-0.036565405760363483,scrambled_array_coordinate
scrambled,29,29,14,-0.040195567472492928,scrambled_array_coordinate
scrambled,41,29,14,-0.058621153144777539,scrambled_array_coordinate
scrambled,46,29,14,0.088206486349770727,scrambled_array_coordinate
scrambled,22,32,14,-0.038958517733746784,scrambled_array_coordinate
scrambled,29,32,14,-0.041205227741735781,scrambled_array_coordinate
scrambled,41,32,14,-0.044765087307403376,scrambled_array_coordinate
scrambled,46,32,14,0.090553756134108446,scrambled_array_coordinate
scrambled,8,35,14,0.040409520731032017,scrambled_array_coordinate
scrambled,11,35,14,-0.039017372990370031,scrambled_array_coordinate
scrambled,24,35,14,-0.039781060088478988,scrambled_array_coordinate
scrambled,36,35,14,0.037943781958985991,scrambled_array_coordinate
scrambled,39,35,14,0.03946788951254375,scrambled_array_coordinate
scrambled,41,35,14,-0.046585951143662395,scrambled_array_coordinate
scrambled,46,35,14,0.10860422636071582,scrambled_array_coordinate
scrambled,49,35,14,0.052650428225844724,scrambled_array_coordinate
scrambled,11,37,14,0.03822062110005988,scrambled_array_coordinate
scrambled,22,37,14,0.044624062321495836,scrambled_array_coordinate
scrambled,29,37,14,0.038137972198241298,scrambled_array_coordinate
scrambled,41,37,14,0.060399686271129738,scrambled_array_coordinate
scrambled,46,37,14,-0.077497512255295928,scrambled_array_coordinate
scrambled,46,40,14,-0.043676728548786931,scrambled_array_coordinate
scrambled,24,41,14,0.043801246705433582,scrambled_array_coordinate
scrambled,41,41,14,0.069594290270894477,scrambled_array_coordinate
scrambled,46,41,14,-0.079403976557125999,scrambled_array_coordinate
scrambled,49,41,14,-0.041100898953739487,scrambled_array_coordinate
scrambled,1,43,14,0.050633017482804112,scrambled_array_coordinate
scrambled,41,43,14,0.063698920034325632,scrambled_array_coordinate
scrambled,46,43,14,-0.072801630110646845,scrambled_array_coordinate
scrambled,49,43,14,-0.036017900650304836,scrambled_array_coordinate
scrambled,20,44,14,-0.035812138354723036,scrambled_array_coordinate
scrambled,46,44,14,-0.037254596578192127,scrambled_array_coordinate
scrambled,46,47,14,-0.066704448460843127,scrambled_array_coordinate
scrambled,2,0,15,-0.068299805268539654,scrambled_array_coordinate
scrambled,4,0,15,0.079070364543349911,scrambled_array_coordinate
scrambled,8,0,15,0.0742802965510094,scrambled_array_coordinate
scrambled,13,0,15,0.036717327689604617,scrambled_array_coordinate
scrambled,15,0,15,0.036781402686176072,scrambled_array_coordinate
scrambled,20,0,15,0.07390951230823864,scrambled_array_coordinate
scrambled,26,0,15,0.03859192345668077,scrambled_array_coordinate
scrambled,29,0,15,0.046592670533682552,scrambled_array_coordinate
scrambled,33,0,15,-0.049930184160207988,scrambled_array_coordinate
scrambled,40,0,15,-0.076373000575314112,scrambled_array_coordinate
scrambled,42,0,15,0.051884096828925405,scrambled_array_coordinate
scrambled,43,0,15,0.038104733949186217,scrambled_array_coordinate
scrambled,49,0,15,0.053846767304236862,scrambled_array_coordinate
scrambled,1,1,15,0.045501528671971984,scrambled_array_coordinate
scrambled,11,1,15,-0.045608698615698148,scrambled_array_coordinate
scrambled,12,1,15,0.049876249636954882,scrambled_array_coordinate
scrambled,20,1,15,0.062189416952516799,scrambled_array_coordinate
scrambled,22,1,15,-0.087977605254534089,scrambled_array_coordinate
scrambled,25,1,15,0.059410059656891751,scrambled_array_coordinate
scrambled,29,1,15,-0.048119021768640427,scrambled_array_coordinate
scrambled,41,1,15,-0.040184285869693859,scrambled_array_coordinate
scrambled,7,2,15,0.066257229927891417,scrambled_array_coordinate
scrambled,10,2,15,-0.055528230462842283,scrambled_array_coordinate
scrambled,11,2,15,0.065518752142824141,scrambled_array_coordinate
scrambled,13,2,15,0.049651167678299704,scrambled_array_coordinate
scrambled,16,2,15,-0.037225414764481067,scrambled_array_coordinate
scrambled,18,2,15,-0.054609253935681411,scrambled_array_coordinate
scrambled,20,2,15,-0.036639529681606629,scrambled_array_coordinate
scrambled,22,2,15,0.080652982844467064,scrambled_array_coordinate
scrambled,25,2,15,-0.048548382924614303,scrambled_array_coordinate
scrambled,31,2,15,-0.037140107755200415,scrambled_array_coordinate
scrambled,33,2,15,-0.036462740788533593,scrambled_array_coordinate
scrambled,34,2,15,-0.044382884462460893,scrambled_array_coordinate
scrambled,42,2,15,-0.050756172980857904,scrambled_array_coordinate
scrambled,47,2,15,-0.036264034123219629,scrambled_array_coordinate
scrambled,1,3,15,0.036815020990958826,scrambled_array_coordinate
scrambled,2,3,15,-0.045297601704328373,scrambled_array_coordinate
scrambled,5,3,15,0.041050854631285189,scrambled_array_coordinate
scrambled,9,3,15,0.04128128449448154,scrambled_array_coordinate
scrambled,10,3,15,-0.053371268926909306,scrambled_array_coordinate
scrambled,15,3,15,0.048239031665789911,scrambled_array_coordinate
scrambled,24,3,15,0.049010582229352569,scrambled_array_coordinate
scrambled,29,3,15,0.050511497851022685,scrambled_array_coordinate
scrambled,35,3,15,-0.036294367321769182,scrambled_array_coordinate
scrambled,40,3,15,-0.10084646714849549,scrambled_array_coordinate
scrambled,41,3,15,-0.044954527187490531,scrambled_array_coordinate
scrambled,43,3,15,0.073784848469704817,scrambled_array_coordinate
scrambled,49,3,15,0.037285762171203739,scrambled_array_coordinate
scrambled,0,4,15,-0.042715712878070772,scrambled_array_coordinate
scrambled,6,4,15,0.083408775933214233,scrambled_array_coordinate
scrambled,10,4,15,-0.079601891963378926,scrambled_array_coordinate
scrambled,15,4,15,0.037165011263945585,scrambled_array_coordinate
scrambled,18,4,15,-0.064964074726272469,scrambled_array_coordinate
scrambled,19,4,15,-0.038731821505001186,scrambled_array_coordinate
scrambled,22,4,15,0.056946792038811894,scrambled_array_coordinate
scrambled,25,4,15,-0.047354809524348486,scrambled_array_coordinate
scrambled,30,4,15,0.0385411505413829,scrambled_array_coordinate
scrambled,32,4,15,-0.039949030031086782,scrambled_array_coordinate
scrambled,35,4,15,-0.07580601346434615,scrambled_array_coordinate
scrambled,41,4,15,-0.080224256418718387,scrambled_array_coordinate
scrambled,46,4,15,0.10478992332916423,scrambled_array_coordinate
scrambled,47,4,15,-0.048181654407266142,scrambled_array_coordinate
scrambled,48,4,15,0.039323219352710499,scrambled_array_coordinate
scrambled,49,4,15,0.047575127707008301,scrambled_array_coordinate
scrambled,20,5,15,-0.051404648946675131,scrambled_array_coordinate
scrambled,30,5,15,-0.052275903657789273,scrambled_array_coordinate
scrambled,1,6,15,0.046572026373962572,scrambled_array_coordinate
scrambled,5,6,15,0.057714885744773493,scrambled_array_coordinate
scrambled,9,6,15,0.04947373303064112,scrambled_array_coordinate
scrambled,10,6,15,-0.070187326758043858,scrambled_array_coordinate
scrambled,11,6,15,0.055876904235043975,scrambled_array_coordinate
scrambled,19,6,15,-0.038136393464245799,scrambled_array_coordinate
scrambled,21,6,15,0.045370856986092375,scrambled_array_coordinate
scrambled,23,6,15,0.045930459389001747,scrambled_array_coordinate
scrambled,24,6,15,0.05484291249797163,scrambled_array_coordinate
scrambled,26,6,15,-0.035766063447392478,scrambled_array_coordinate
scrambled,27,6,15,0.059890114730908425,scrambled_array_coordinate
scrambled,40,6,15,-0.06630467822909282,scrambled_array_coordinate
scrambled,41,6,15,-0.055329561551133249,scrambled_array_coordinate
scrambled,43,6,15,0.081016998770533463,scrambled_array_coordinate
scrambled,5,7,15,-0.048205823850740133,scrambled_array_coordinate
scrambled,13,7,15,0.081400602738167516,scrambled_array_coordinate
scrambled,14,7,15,0.03695689154865224,scrambled_array_coordinate
scrambled,24,7,15,-0.04411307690219101,scrambled_array_coordinate
scrambled,25,7,15,0.043328440866593182,scrambled_array_coordinate
scrambled,40,7,15,0.042168632369817223,scrambled_array_coordinate
scrambled,41,7,15,0.059955313393958244,scrambled_array_coordinate
scrambled,43,7,15,-0.070100451812216108,scrambled_array_coordinate
scrambled,47,7,15,-0.044285695371374591,scrambled_array_coordinate
scrambled,1,8,15,0.04471958323263113,scrambled_array_coordinate
scrambled,2,8,15,0.050048822982703543,scrambled_array_coordinate
scrambled,3,8,15,0.036504417308717028,scrambled_array_coordinate
scrambled,4,8,15,-0.056660460355350425,scrambled_array_coordinate
scrambled,5,8,15,0.077012109954785732,scrambled_array_coordinate
scrambled,8,8,15,-0.036675358459332112,scrambled_array_coordinate
scrambled,10,8,15,-0.039889898031517705,scrambled_array_coordinate
scrambled,12,8,15,0.044674962765294993,scrambled_array_coordinate
scrambled,13,8,15,-0.04370540190124176,scrambled_array_coordinate
scrambled,14,8,15,-0.051778575557431962,scrambled_array_coordinate
scrambled,17,8,15,-0.038089802503564217,scrambled_array_coordinate
scrambled,20,8,15,-0.038782029136643921,scrambled_array_coordinate
scrambled,33,8,15,0.086333041410964595,scrambled_array_coordinate
scrambled,35,8,15,-0.0782072637156494,scrambled_array_coordinate
scrambled,36,8,15,0.063595281776177667,scrambled_array_coordinate
scrambled,38,8,15,0.052541471724843115,scrambled_array_coordinate
scrambled,41,8,15,-0.099721377520688756,scrambled_array_coordinate
scrambled,43,8,15,0.05194069328535917,scrambled_array_coordinate
scrambled,46,8,15,0.11708750474511274,scrambled_array_coordinate
scrambled,6,9,15,0.046452098870599888,scrambled_array_coordinate
scrambled,10,9,15,-0.046630346006470633,scrambled_array_coordinate
scrambled,11,9,15,0.045871855041248591,scrambled_array_coordinate
scrambled,16,9,15,0.043322560615085728,scrambled_array_coordinate
scrambled,23,9,15,0.041754095486083595,scrambled_array_coordinate
scrambled,25,9,15,0.05358335259463895,scrambled_array_coordinate
scrambled,27,9,15,0.047267383187772641,scrambled_array_coordinate
scrambled,30,9,15,0.046557145748968416,scrambled_array_coordinate
scrambled,40,9,15,-0.039950712496238376,scrambled_array_coordinate
scrambled,41,9,15,-0.038578359304542925,scrambled_array_coordinate
scrambled,47,9,15,-0.03801072322463557,scrambled_array_coordinate
scrambled,48,9,15,0.037134423572226925,scrambled_array_coordinate
scrambled,20,10,15,-0.076519124701614941,scrambled_array_coordinate
scrambled,22,10,15,0.075586808448936435,scrambled_array_coordinate
scrambled,25,10,15,-0.06231064844964309,scrambled_array_coordinate
scrambled,30,10,15,-0.043543738533796117,scrambled_array_coordinate
scrambled,41,10,15,0.039919828027049221,scrambled_array_coordinate
scrambled,2,11,15,0.044579394637954364,scrambled_array_coordinate
scrambled,6,11,15,-0.050687486854031967,scrambled_array_coordinate
scrambled,7,11,15,-0.04079780227899886,scrambled_array_coordinate
scrambled,10,11,15,0.055752244193012522,scrambled_array_coordinate
scrambled,11,11,15,-0.082685187174307048,scrambled_array_coordinate
scrambled,13,11,15,-0.04161392188252374,scrambled_array_coordinate
scrambled,15,11,15,-0.036851885528884097,scrambled_array_coordinate
scrambled,18,11,15,0.079417033295873254,scrambled_array_coordinate
scrambled,20,11,15,0.037376735883555369,scrambled_array_coordinate
scrambled,22,11,15,-0.12186695697648621,scrambled_array_coordinate
scrambled,25,11,15,0.047330376686988196,scrambled_array_coordinate
scrambled,27,11,15,0.057393234297461675,scrambled_array_coordinate
scrambled,31,11,15,0.082282659043588863,scrambled_array_coordinate
scrambled,32,11,15,0.038225051252802004,scrambled_array_coordinate
scrambled,33,11,15,0.043026179086660246,scrambled_array_coordinate
scrambled,35,11,15,0.03847947713366983,scrambled_array_coordinate
scrambled,40,11,15,0.053908281412649292,scrambled_array_coordinate
scrambled,42,11,15,0.059756253500001223,scrambled_array_coordinate
scrambled,46,11,15,0.039386422599829246,scrambled_array_coordinate
scrambled,47,11,15,0.0519268282366235,scrambled_array_coordinate
scrambled,48,11,15,-0.044166584544267022,scrambled_array_coordinate
scrambled,6,12,15,-0.038709743148542211,scrambled_array_coordinate
scrambled,13,12,15,0.044993019704517412,scrambled_array_coordinate
scrambled,24,12,15,-0.037281224194733849,scrambled_array_coordinate
scrambled,25,12,15,0.043537327063118136,scrambled_array_coordinate
scrambled,35,12,15,0.043213252049442576,scrambled_array_coordinate
scrambled,40,12,15,0.059229000907627741,scrambled_array_coordinate
scrambled,41,12,15,0.067890046362277218,scrambled_array_coordinate
scrambled,43,12,15,-0.063429907638135524,scrambled_array_coordinate
scrambled,2,13,15,0.047013395469642519,scrambled_array_coordinate
scrambled,3,13,15,0.036705416658660388,scrambled_array_coordinate
scrambled,4,13,15,-0.044489413625382786,scrambled_array_coordinate
scrambled,15,13,15,-0.035970407257621087,scrambled_array_coordinate
scrambled,21,13,15,-0.042533319464519846,scrambled_array_coordinate
scrambled,24,13,15,-0.083383180259669065,scrambled_array_coordinate
scrambled,26,13,15,-0.041762484788701371,scrambled_array_coordinate
scrambled,28,13,15,0.041321578469911843,scrambled_array_coordinate
scrambled,29,13,15,-0.063155623799668922,scrambled_array_coordinate
scrambled,35,13,15,0.042269575897408013,scrambled_array_coordinate
scrambled,40,13,15,0.08483355877573559,scrambled_array_coordinate
scrambled,41,13,15,0.044113586548918005,scrambled_array_coordinate
scrambled,42,13,15,-0.06389086804695511,scrambled_array_coordinate
scrambled,43,13,15,-0.060452177447674012,scrambled_array_coordinate
scrambled,48,13,15,0.056745798890092618,scrambled_array_coordinate
scrambled,49,13,15,-0.056726404010597704,scrambled_array_coordinate
scrambled,0,14,15,0.037672407057601817,scrambled_array_coordinate
scrambled,4,14,15,0.05106607702317259,scrambled_array_coordinate
scrambled,15,14,15,0.048724267098742148,scrambled_array_coordinate
scrambled,20,14,15,0.062116059375775995,scrambled_array_coordinate
scrambled,37,14,15,-0.035791629707316662,scrambled_array_coordinate
scrambled,40,14,15,-0.070811226950134282,scrambled_array_coordinate
scrambled,42,14,15,0.051518368107350554,scrambled_array_coordinate
scrambled,44,14,15,0.03704985498436085,scrambled_array_coordinate
scrambled,3,15,15,0.040271945503069319,scrambled_array_coordinate
scrambled,5,15,15,0.037889827664289707,scrambled_array_coordinate
scrambled,7,15,15,0.045399584313873989,scrambled_array_coordinate
scrambled,11,15,15,0.058787198285488999,scrambled_array_coordinate
scrambled,18,15,15,-0.049293035904002434,scrambled_array_coordinate
scrambled,22,15,15,0.041786553987822814,scrambled_array_coordinate
scrambled,23,15,15,0.042551146984476748,scrambled_array_coordinate
scrambled,26,15,15,-0.046048658637555223,scrambled_array_coordinate
scrambled,31,15,15,-0.048791175479331865,scrambled_array_coordinate
scrambled,36,15,15,0.036422244605647837,scrambled_array_coordinate
scrambled,42,15,15,-0.060003251509260176,scrambled_array_coordinate
scrambled,48,15,15,0.069471667395198208,scrambled_array_coordinate
scrambled,49,15,15,-0.038198278230043792,scrambled_array_coordinate
scrambled,2,16,15,0.047408623242881823,scrambled_array_coordinate
scrambled,3,16,15,0.063219469236788423,scrambled_array_coordinate
scrambled,4,16,15,-0.047898459588158381,scrambled_array_coordinate
scrambled,5,16,15,0.061075042452643211,scrambled_array_coordinate
scrambled,7,16,15,0.059603609548317345,scrambled_array_coordinate
scrambled,8,16,15,-0.051821230820723443,scrambled_array_coordinate
scrambled,11,16,15,0.051516029575041193,scrambled_array_coordinate
scrambled,13,16,15,-0.043569316355453254,scrambled_array_coordinate
scrambled,16,16,15,-0.039527601326175318,scrambled_array_coordinate
scrambled,20,16,15,-0.065631052029977349,scrambled_array_coordinate
scrambled,22,16,15,0.047833096450260737,scrambled_array_coordinate
scrambled,25,16,15,-0.091356999784578952,scrambled_array_coordinate
scrambled,30,16,15,-0.045452045007682261,scrambled_array_coordinate
scrambled,36,16,15,0.060600325170622742,scrambled_array_coordinate
scrambled,38,16,15,0.039025477661280776,scrambled_array_coordinate
scrambled,42,16,15,-0.045421603667100595,scrambled_array_coordinate
scrambled,2,17,15,0.038443389056932689,scrambled_array_coordinate
scrambled,7,17,15,-0.043514464638384771,scrambled_array_coordinate
scrambled,10,17,15,0.043855052469048209,scrambled_array_coordinate
scrambled,11,17,15,-0.041995687719382384,scrambled_array_coordinate
scrambled,13,17,15,-0.043385027187498378,scrambled_array_coordinate
scrambled,14,17,15,-0.050879810652141172,scrambled_array_coordinate
scrambled,22,17,15,-0.049885276944739286,scrambled_array_coordinate
scrambled,33,17,15,0.059542018142251886,scrambled_array_coordinate
scrambled,34,17,15,0.037540490150573425,scrambled_array_coordinate
scrambled,40,17,15,0.039249544759984087,scrambled_array_coordinate
scrambled,41,17,15,-0.04336442442533326,scrambled_array_coordinate
scrambled,46,17,15,0.059060620734590293,scrambled_array_coordinate
scrambled,1,18,15,0.042157755813477346,scrambled_array_coordinate
scrambled,10,18,15,-0.061995989572820966,scrambled_array_coordinate
scrambled,11,18,15,-0.047516332281489257,scrambled_array_coordinate
scrambled,15,18,15,0.036015931852970508,scrambled_array_coordinate
scrambled,20,18,15,0.048204978320007301,scrambled_array_coordinate
scrambled,21,18,15,0.043020155580540037,scrambled_array_coordinate
scrambled,24,18,15,0.037486538704633386,scrambled_array_coordinate
scrambled,27,18,15,0.039139685950438548,scrambled_array_coordinate
scrambled,40,18,15,-0.044532685414474901,scrambled_array_coordinate
scrambled,41,18,15,-0.046423366481520657,scrambled_array_coordinate
scrambled,43,18,15,0.046843161640521089,scrambled_array_coordinate
scrambled,47,18,15,0.051923877900909486,scrambled_array_coordinate
scrambled,1,19,15,-0.063592997083580197,scrambled_array_coordinate
scrambled,3,19,15,0.042605675480098436,scrambled_array_coordinate
scrambled,12,19,15,-0.037140597284257566,scrambled_array_coordinate
scrambled,22,19,15,0.043333927696279709,scrambled_array_coordinate
scrambled,25,19,15,-0.048506468910658684,scrambled_array_coordinate
scrambled,41,19,15,0.047112101960547562,scrambled_array_coordinate
scrambled,42,19,15,-0.044673845674242936,scrambled_array_coordinate
scrambled,1,20,15,0.036232176078894111,scrambled_array_coordinate
scrambled,6,20,15,-0.051649492815048548,scrambled_array_coordinate
scrambled,12,20,15,0.044156191731609534,scrambled_array_coordinate
scrambled,16,20,15,-0.042039608776056864,scrambled_array_coordinate
scrambled,21,20,15,0.042997221742165977,scrambled_array_coordinate
scrambled,36,20,15,0.050781054815155498,scrambled_array_coordinate
scrambled,41,20,15,-0.04990341797452099,scrambled_array_coordinate
scrambled,1,21,15,0.065738803304372095,scrambled_array_coordinate
scrambled,7,21,15,-0.056218668888866022,scrambled_array_coordinate
scrambled,11,21,15,-0.078524210434603975,scrambled_array_coordinate
scrambled,12,21,15,0.051914481026401796,scrambled_array_coordinate
scrambled,14,21,15,-0.040567455521840171,scrambled_array_coordinate
scrambled,15,21,15,0.048622579219157684,scrambled_array_coordinate
scrambled,20,21,15,0.059224231155266219,scrambled_array_coordinate
scrambled,22,21,15,-0.050005982938938091,scrambled_array_coordinate
scrambled,31,21,15,0.036808994882375136,scrambled_array_coordinate
scrambled,33,21,15,0.056664817838605865,scrambled_array_coordinate
scrambled,34,21,15,0.052902737584591512,scrambled_array_coordinate
scrambled,36,21,15,0.05700970103882988,scrambled_array_coordinate
scrambled,41,21,15,-0.041181450011306242,scrambled_array_coordinate
scrambled,42,21,15,0.042801649952928879,scrambled_array_coordinate
scrambled,44,21,15,0.052063254299751234,scrambled_array_coordinate
scrambled,46,21,15,0.095969448352523495,scrambled_array_coordinate
scrambled,47,21,15,0.038217243331881819,scrambled_array_coordinate
scrambled,1,22,15,0.045787426018145762,scrambled_array_coordinate
scrambled,8,22,15,0.036293080024445909,scrambled_array_coordinate
scrambled,10,22,15,-0.062108927935757209,scrambled_array_coordinate
scrambled,20,22,15,0.054085711627327011,scrambled_array_coordinate
scrambled,22,22,15,-0.035768130509918332,scrambled_array_coordinate
scrambled,25,22,15,0.049523697958073182,scrambled_array_coordinate
scrambled,27,22,15,0.042427768256829472,scrambled_array_coordinate
scrambled,30,22,15,0.055557515318137109,scrambled_array_coordinate
scrambled,35,22,15,-0.039182573355553238,scrambled_array_coordinate
scrambled,5,23,15,0.049193446967255028,scrambled_array_coordinate
scrambled,10,23,15,-0.059443864509297922,scrambled_array_coordinate
scrambled,14,23,15,-0.044598850963129592,scrambled_array_coordinate
scrambled,24,23,15,0.045778566081553854,scrambled_array_coordinate
scrambled,27,23,15,0.048940204239701357,scrambled_array_coordinate
scrambled,35,23,15,-0.039974596289520437,scrambled_array_coordinate
scrambled,39,23,15,-0.036727079087246657,scrambled_array_coordinate
scrambled,43,23,15,0.046372798095665912,scrambled_array_coordinate
scrambled,2,24,15,0.053377371517056141,scrambled_array_coordinate
scrambled,4,24,15,-0.049759132541500412,scrambled_array_coordinate
scrambled,8,24,15,-0.10000463375537481,scrambled_array_coordinate
scrambled,13,24,15,-0.05287743996729545,scrambled_array_coordinate
scrambled,14,24,15,0.054079109845521514,scrambled_array_coordinate
scrambled,18,24,15,-0.054030159460637342,scrambled_array_coordinate
scrambled,20,24,15,-0.04309073886876498,scrambled_array_coordinate
scrambled,21,24,15,-0.053164561547192249,scrambled_array_coordinate
scrambled,22,24,15,0.04127903766236133,scrambled_array_coordinate
scrambled,23,24,15,0.080656301910271538,scrambled_array_coordinate
scrambled,24,24,15,-0.065233447013167536,scrambled_array_coordinate
scrambled,26,24,15,-0.066434308555400473,scrambled_array_coordinate
scrambled,27,24,15,-0.052668311165263756,scrambled_array_coordinate
scrambled,28,24,15,0.070177157669880946,scrambled_array_coordinate
scrambled,29,24,15,-0.053519318091526956,scrambled_array_coordinate
scrambled,31,24,15,-0.068286117182803766,scrambled_array_coordinate
scrambled,32,24,15,-0.053571075207829381,scrambled_array_coordinate
scrambled,34,24,15,0.049187109714792426,scrambled_array_coordinate
scrambled,40,24,15,0.046943735336092127,scrambled_array_coordinate
scrambled,41,24,15,0.059691567668539718,scrambled_array_coordinate
scrambled,42,24,15,-0.059186024415465076,scrambled_array_coordinate
scrambled,48,24,15,0.095873784933450043,scrambled_array_coordinate
scrambled,49,24,15,-0.10702613783698962,scrambled_array_coordinate
scrambled,1,25,15,-0.057628394298889378,scrambled_array_coordinate
scrambled,7,25,15,0.048464378932784109,scrambled_array_coordinate
scrambled,11,25,15,0.051507023817036618,scrambled_array_coordinate
scrambled,14,25,15,-0.036872519698544604,scrambled_array_coordinate
scrambled,23,25,15,-0.043695911108527496,scrambled_array_coordinate
scrambled,24,25,15,0.070647391440595494,scrambled_array_coordinate
scrambled,25,25,15,-0.063553417077419475,scrambled_array_coordinate
scrambled,26,25,15,0.037735698633722281,scrambled_array_coordinate
scrambled,34,25,15,-0.048850835353603982,scrambled_array_coordinate
scrambled,39,25,15,-0.04658450830294885,scrambled_array_coordinate
scrambled,40,25,15,-0.055641150804993045,scrambled_array_coordinate
scrambled,41,25,15,-0.055681897351369268,scrambled_array_coordinate
scrambled,43,25,15,0.064571172439733343,scrambled_array_coordinate
scrambled,44,25,15,-0.049023459559975668,scrambled_array_coordinate
scrambled,49,25,15,0.036773640646241619,scrambled_array_coordinate
scrambled,1,26,15,-0.054228592655278331,scrambled_array_coordinate
scrambled,8,26,15,0.049510156036444458,scrambled_array_coordinate
scrambled,13,26,15,0.042324151168799236,scrambled_array_coordinate
scrambled,20,26,15,0.042019941520864808,scrambled_array_coordinate
scrambled,23,26,15,-0.035757855939606502,scrambled_array_coordinate
scrambled,32,26,15,0.039288068842062658,scrambled_array_coordinate
scrambled,41,26,15,0.039895560232606556,scrambled_array_coordinate
scrambled,43,26,15,-0.039037434017815252,scrambled_array_coordinate
scrambled,47,26,15,-0.037862040824009638,scrambled_array_coordinate
scrambled,49,26,15,0.039038614541113556,scrambled_array_coordinate
scrambled,22,27,15,0.047532732944000886,scrambled_array_coordinate
scrambled,25,27,15,-0.0661390240215535,scrambled_array_coordinate
scrambled,40,27,15,-0.062857191341876631,scrambled_array_coordinate
scrambled,43,27,15,0.037632664562104824,scrambled_array_coordinate
scrambled,13,28,15,-0.040659087124474649,scrambled_array_coordinate
scrambled,40,28,15,-0.035783325071256609,scrambled_array_coordinate
scrambled,1,29,15,0.057478121811850046,scrambled_array_coordinate
scrambled,3,29,15,-0.042318571219746894,scrambled_array_coordinate
scrambled,7,29,15,-0.041138980594951621,scrambled_array_coordinate
scrambled,23,29,15,0.047779595713884578,scrambled_array_coordinate
scrambled,25,29,15,0.053203085573986883,scrambled_array_coordinate
scrambled,34,29,15,0.036979595124739334,scrambled_array_coordinate
scrambled,46,29,15,-0.036836562546852629,scrambled_array_coordinate
scrambled,1,30,15,-0.070253149303403511,scrambled_array_coordinate
scrambled,3,30,15,0.040693620726012382,scrambled_array_coordinate
scrambled,4,30,15,-0.039012487151614407,scrambled_array_coordinate
scrambled,6,30,15,-0.042385603610024407,scrambled_array_coordinate
scrambled,8,30,15,0.063723264805890842,scrambled_array_coordinate
scrambled,9,30,15,0.041950303302466595,scrambled_array_coordinate
scrambled,10,30,15,0.052318287758508331,scrambled_array_coordinate
scrambled,11,30,15,-0.036935796695285836,scrambled_array_coordinate
scrambled,18,30,15,0.038433247549483636,scrambled_array_coordinate
scrambled,22,30,15,-0.041749771110857072,scrambled_array_coordinate
scrambled,23,30,15,-0.040611427174121313,scrambled_array_coordinate
scrambled,26,30,15,0.039744853825572933,scrambled_array_coordinate
scrambled,31,30,15,0.044046399175121854,scrambled_array_coordinate
scrambled,43,30,15,-0.041337943882500131,scrambled_array_coordinate
scrambled,12,31,15,-0.036202192735508044,scrambled_array_coordinate
scrambled,13,31,15,0.046151540204181558,scrambled_array_coordinate
scrambled,22,31,15,0.04908362438555236,scrambled_array_coordinate
scrambled,24,31,15,0.042252386682996933,scrambled_array_coordinate
scrambled,32,31,15,0.036186908252241114,scrambled_array_coordinate
scrambled,41,31,15,0.061769897122641665,scrambled_array_coordinate
scrambled,46,31,15,-0.075893114024470909,scrambled_array_coordinate
scrambled,48,31,15,-0.037087709070582134,scrambled_array_coordinate
scrambled,5,32,15,0.036103951143004798,scrambled_array_coordinate
scrambled,9,32,15,0.044137976887237369,scrambled_array_coordinate
scrambled,21,32,15,0.043753409483141929,scrambled_array_coordinate
scrambled,24,32,15,0.062867640847299469,scrambled_array_coordinate
scrambled,29,32,15,0.037260038157845322,scrambled_array_coordinate
scrambled,35,32,15,-0.043335312076736042,scrambled_array_coordinate
scrambled,40,32,15,-0.072632646335611978,scrambled_array_coordinate
scrambled,41,32,15,-0.084288748952474415,scrambled_array_coordinate
scrambled,43,32,15,0.0844387370750493,scrambled_array_coordinate
scrambled,0,33,15,0.043429520227085724,scrambled_array_coordinate
scrambled,33,33,15,-0.059356161686780116,scrambled_array_coordinate
scrambled,46,33,15,-0.048145766147692684,scrambled_array_coordinate
scrambled,1,34,15,0.038557869259131322,scrambled_array_coordinate
scrambled,6,34,15,-0.056062409461574508,scrambled_array_coordinate
scrambled,16,34,15,-0.046215980221590701,scrambled_array_coordinate
scrambled,41,34,15,0.050006492607908293,scrambled_array_coordinate
scrambled,46,34,15,-0.055044809715272418,scrambled_array_coordinate
scrambled,49,34,15,-0.05164403150387202,scrambled_array_coordinate
scrambled,1,35,15,0.035965556315987884,scrambled_array_coordinate
scrambled,4,35,15,-0.038276281747613855,scrambled_array_coordinate
scrambled,25,35,15,0.043270840428116207,scrambled_array_coordinate
scrambled,46,35,15,-0.057883883142265509,scrambled_array_coordinate
scrambled,5,36,15,-0.037396425820934283,scrambled_array_coordinate
scrambled,10,36,15,0.063435782308606289,scrambled_array_coordinate
scrambled,15,36,15,-0.038541311426733692,scrambled_array_coordinate
scrambled,20,36,15,-0.044235168131164529,scrambled_array_coordinate
scrambled,22,36,15,0.072019916574239576,scrambled_array_coordinate
scrambled,27,36,15,-0.074810112368773246,scrambled_array_coordinate
scrambled,29,36,15,0.060571096015203996,scrambled_array_coordinate
scrambled,30,36,15,-0.062995271867286651,scrambled_array_coordinate
scrambled,35,36,15,0.043496814228478183,scrambled_array_coordinate
scrambled,38,36,15,-0.053889206370437009,scrambled_array_coordinate
scrambled,40,36,15,0.042790768812683525,scrambled_array_coordinate
scrambled,46,36,15,-0.063987298223572214,scrambled_array_coordinate
scrambled,47,36,15,0.05740702156209776,scrambled_array_coordinate
scrambled,0,37,15,0.048576317737497439,scrambled_array_coordinate
scrambled,11,37,15,-0.038835426589109448,scrambled_array_coordinate
scrambled,26,37,15,0.037152797094861113,scrambled_array_coordinate
scrambled,33,37,15,-0.043965083370483153,scrambled_array_coordinate
scrambled,41,37,15,0.063964585670178375,scrambled_array_coordinate
scrambled,43,37,15,-0.040828474017841301,scrambled_array_coordinate
scrambled,11,38,15,-0.038012588803046067,scrambled_array_coordinate
scrambled,13,38,15,-0.045572285089984274,scrambled_array_coordinate
scrambled,35,38,15,0.038830897875860637,scrambled_array_coordinate
scrambled,41,38,15,0.037878768132722042,scrambled_array_coordinate
scrambled,47,38,15,0.053475935218054979,scrambled_array_coordinate
scrambled,0,39,15,0.041801465549897221,scrambled_array_coordinate
scrambled,1,39,15,0.050763178837906112,scrambled_array_coordinate
scrambled,2,39,15,-0.056548270514078361,scrambled_array_coordinate
scrambled,4,39,15,0.083857405069814261,scrambled_array_coordinate
scrambled,9,39,15,-0.069359634226059758,scrambled_array_coordinate
scrambled,11,39,15,0.038218602441178612,scrambled_array_coordinate
scrambled,13,39,15,0.068080828370428934,scrambled_array_coordinate
scrambled,16,39,15,-0.042181468281945543,scrambled_array_coordinate
scrambled,22,39,15,0.11079985245536533,scrambled_array_coordinate
scrambled,25,39,15,-0.035782449881805387,scrambled_array_coordinate
scrambled,27,39,15,-0.078749546868611534,scrambled_array_coordinate
scrambled,29,39,15,0.036116919451293313,scrambled_array_coordinate
scrambled,31,39,15,-0.073623060855291106,scrambled_array_coordinate
scrambled,33,39,15,-0.075987624567999859,scrambled_array_coordinate
scrambled,36,39,15,-0.061153487919375978,scrambled_array_coordinate
scrambled,37,39,15,0.042134037064046052,scrambled_array_coordinate
scrambled,41,39,15,0.086944932420239346,scrambled_array_coordinate
scrambled,46,39,15,-0.091894566036392539,scrambled_array_coordinate
scrambled,49,39,15,-0.051224746938386245,scrambled_array_coordinate
scrambled,1,40,15,-0.065338066010460868,scrambled_array_coordinate
scrambled,2,40,15,-0.049556152053265211,scrambled_array_coordinate
scrambled,7,40,15,0.059413186808455885,scrambled_array_coordinate
scrambled,11,40,15,0.069659621343780009,scrambled_array_coordinate
scrambled,12,40,15,-0.041121162493142682,scrambled_array_coordinate
scrambled,23,40,15,-0.040424968173337919,scrambled_array_coordinate
scrambled,24,40,15,0.069350435073375155,scrambled_array_coordinate
scrambled,25,40,15,-0.053372013964560192,scrambled_array_coordinate
scrambled,26,40,15,0.044845666145553242,scrambled_array_coordinate
scrambled,29,40,15,0.054136655361934252,scrambled_array_coordinate
scrambled,33,40,15,-0.065768885508911051,scrambled_array_coordinate
scrambled,34,40,15,-0.060752933759472348,scrambled_array_coordinate
scrambled,40,40,15,-0.07859466197489208,scrambled_array_coordinate
scrambled,43,40,15,0.042137936934779879,scrambled_array_coordinate
scrambled,44,40,15,-0.040022705397657218,scrambled_array_coordinate
scrambled,46,40,15,-0.069624004854404842,scrambled_array_coordinate
scrambled,1,41,15,0.095473978038166138,scrambled_array_coordinate
scrambled,2,41,15,-0.040443002895317784,scrambled_array_coordinate
scrambled,4,41,15,0.070266339644933659,scrambled_array_coordinate
scrambled,6,41,15,0.076394151253246834,scrambled_array_coordinate
scrambled,10,41,15,-0.10950582352606121,scrambled_array_coordinate
scrambled,11,41,15,0.035770111885951555,scrambled_array_coordinate
scrambled,13,41,15,0.10784358429501462,scrambled_array_coordinate
scrambled,15,41,15,0.086447759706061916,scrambled_array_coordinate
scrambled,18,41,15,-0.088608563511997904,scrambled_array_coordinate
scrambled,19,41,15,-0.052688960434812471,scrambled_array_coordinate
scrambled,20,41,15,0.037465007904130154,scrambled_array_coordinate
scrambled,22,41,15,0.082241236361348641,scrambled_array_coordinate
scrambled,23,41,15,0.074520247755605284,scrambled_array_coordinate
scrambled,24,41,15,-0.037109942435237471,scrambled_array_coordinate
scrambled,26,41,15,-0.060565572634414838,scrambled_array_coordinate
scrambled,31,41,15,-0.047387805384089939,scrambled_array_coordinate
scrambled,32,41,15,-0.062979569394217796,scrambled_array_coordinate
scrambled,36,41,15,-0.036424119554200531,scrambled_array_coordinate
scrambled,39,41,15,0.055076054614472889,scrambled_array_coordinate
scrambled,40,41,15,-0.037307319886991708,scrambled_array_coordinate
scrambled,47,41,15,-0.053941735999757691,scrambled_array_coordinate
scrambled,48,41,15,0.057020189684436416,scrambled_array_coordinate
scrambled,1,42,15,-0.089967445045753616,scrambled_array_coordinate
scrambled,6,42,15,-0.042521777296010504,scrambled_array_coordinate
scrambled,10,42,15,0.06547355624761983,scrambled_array_coordinate
scrambled,11,42,15,-0.071865122488744687,scrambled_array_coordinate
scrambled,13,42,15,-0.069128732621193567,scrambled_array_coordinate
scrambled,19,42,15,0.037708692052640123,scrambled_array_coordinate
scrambled,22,42,15,-0.064038381023560423,scrambled_array_coordinate
scrambled,23,42,15,-0.065404600295395313,scrambled_array_coordinate
scrambled,25,42,15,-0.046817294680707139,scrambled_array_coordinate
scrambled,36,42,15,0.045303870601031734,scrambled_array_coordinate
scrambled,41,42,15,-0.054164183847099583,scrambled_array_coordinate
scrambled,46,42,15,0.055367742288103053,scrambled_array_coordinate
scrambled,1,43,15,-0.065387421665777351,scrambled_array_coordinate
scrambled,3,43,15,0.052547714874917197,scrambled_array_coordinate
scrambled,4,43,15,-0.052105437749127993,scrambled_array_coordinate
scrambled,5,43,15,0.054304643496996818,scrambled_array_coordinate
scrambled,7,43,15,0.054901059167849049,scrambled_array_coordinate
scrambled,9,43,15,0.056009680454152964,scrambled_array_coordinate
scrambled,11,43,15,0.083801012199201344,scrambled_array_coordinate
scrambled,20,43,15,-0.06260193799446731,scrambled_array_coordinate
scrambled,22,43,15,0.078389502957169691,scrambled_array_coordinate
scrambled,25,43,15,-0.09108760291787639,scrambled_array_coordinate
scrambled,30,43,15,-0.044694230470531858,scrambled_array_coordinate
scrambled,36,43,15,0.043599313037787815,scrambled_array_coordinate
scrambled,38,43,15,0.03936482204217541,scrambled_array_coordinate
scrambled,40,43,15,-0.042740098690625276,scrambled_array_coordinate
scrambled,42,43,15,-0.048059668889958614,scrambled_array_coordinate
scrambled,4,44,15,0.046947186864131192,scrambled_array_coordinate
scrambled,5,44,15,-0.047218044198123345,scrambled_array_coordinate
scrambled,6,44,15,-0.039437493142336605,scrambled_array_coordinate
scrambled,10,44,15,0.058610658063533876,scrambled_array_coordinate
scrambled,11,44,15,0.037976244198981872,scrambled_array_coordinate
scrambled,12,44,15,-0.044574952057797226,scrambled_array_coordinate
scrambled,18,44,15,0.053311382891096645,scrambled_array_coordinate
scrambled,23,44,15,-0.037454399715584029,scrambled_array_coordinate
scrambled,24,44,15,0.036043528618481327,scrambled_array_coordinate
scrambled,26,44,15,0.046077247930558313,scrambled_array_coordinate
scrambled,29,44,15,0.067333065217364804,scrambled_array_coordinate
scrambled,32,44,15,0.036872521638977127,scrambled_array_coordinate
scrambled,33,44,15,-0.045017358401063814,scrambled_array_coordinate
scrambled,35,44,15,0.043175312430438602,scrambled_array_coordinate
scrambled,41,44,15,0.090550503982932962,scrambled_array_coordinate
scrambled,46,44,15,-0.1074621036748077,scrambled_array_coordinate
scrambled,48,44,15,-0.04242566659836635,scrambled_array_coordinate
scrambled,1,45,15,0.085199240420315708,scrambled_array_coordinate
scrambled,3,45,15,-0.038900664283341227,scrambled_array_coordinate
scrambled,4,45,15,0.04301587303720119,scrambled_array_coordinate
scrambled,7,45,15,-0.052164726050342523,scrambled_array_coordinate
scrambled,9,45,15,-0.050128957796822478,scrambled_array_coordinate
scrambled,13,45,15,0.051812190809273552,scrambled_array_coordinate
scrambled,25,45,15,0.074337125203782536,scrambled_array_coordinate
scrambled,36,45,15,-0.036374253046150211,scrambled_array_coordinate
scrambled,46,45,15,-0.038825335182090998,scrambled_array_coordinate
scrambled,7,46,15,0.042222389997186312,scrambled_array_coordinate
scrambled,8,46,15,0.037089059617200611,scrambled_array_coordinate
scrambled,33,46,15,-0.061467902919625741,scrambled_array_coordinate
scrambled,34,46,15,-0.04259970655670272,scrambled_array_coordinate
scrambled,40,46,15,-0.038109366665790775,scrambled_array_coordinate
scrambled,46,46,15,-0.056301172452428855,scrambled_array_coordinate
scrambled,1,47,15,-0.038126104647426128,scrambled_array_coordinate
scrambled,2,47,15,0.062922653312092833,scrambled_array_coordinate
scrambled,10,47,15,0.052336124685682023,scrambled_array_coordinate
scrambled,11,47,15,-0.044952695698642263,scrambled_array_coordinate
scrambled,19,47,15,0.036670795809606804,scrambled_array_coordinate
scrambled,20,47,15,-0.05153048913655784,scrambled_array_coordinate
scrambled,21,47,15,-0.04847340081384905,scrambled_array_coordinate
scrambled,23,47,15,0.042025373429766637,scrambled_array_coordinate
scrambled,24,47,15,-0.084421139797996619,scrambled_array_coordinate
scrambled,26,47,15,-0.052742388784846717,scrambled_array_coordinate
scrambled,29,47,15,-0.039180100543175465,scrambled_array_coordinate
scrambled,30,47,15,-0.0443308911001523,scrambled_array_coordinate
scrambled,35,47,15,0.048036522356278387,scrambled_array_coordinate
scrambled,37,47,15,-0.036273581665732461,scrambled_array_coordinate
scrambled,39,47,15,0.076578687115829949,scrambled_array_coordinate
scrambled,40,47,15,0.040010917300930898,scrambled_array_coordinate
scrambled,41,47,15,0.035763690252922246,scrambled_array_coordinate
scrambled,43,47,15,-0.066656014790202653,scrambled_array_coordinate
scrambled,44,47,15,0.04307137847768433,scrambled_array_coordinate
scrambled,46,47,15,0.084351813213517604,scrambled_array_coordinate
scrambled,24,48,15,0.04011159818207239,scrambled_array_coordinate
scrambled,25,48,15,-0.036447873111157825,scrambled_array_coordinate
scrambled,39,48,15,-0.038218272595826171,scrambled_array_coordinate
scrambled,41,48,15,-0.041632809849612304,scrambled_array_coordinate
scrambled,43,48,15,0.047100851421582199,scrambled_array_coordinate
scrambled,8,49,15,0.0498564989389262,scrambled_array_coordinate
scrambled,25,49,15,-0.052023795996402181,scrambled_array_coordinate
scrambled,26,49,15,0.043898491891765958,scrambled_array_coordinate
scrambled,33,49,15,-0.050075217297120764,scrambled_array_coordinate
scrambled,40,49,15,-0.056392988706519612,scrambled_array_coordinate
scrambled,7,0,16,-0.039597230815523209,scrambled_array_coordinate
scrambled,18,0,16,0.047150967044731817,scrambled_array_coordinate
scrambled,36,0,16,-0.039751816017512716,scrambled_array_coordinate
scrambled,41,0,16,0.052172015795244886,scrambled_array_coordinate
scrambled,0,1,16,0.038555675679993892,scrambled_array_coordinate
scrambled,15,1,16,0.042020149801131758,scrambled_array_coordinate
scrambled,20,1,16,0.060344684498828759,scrambled_array_coordinate
scrambled,3,2,16,0.035859021761731572,scrambled_array_coordinate
scrambled,14,2,16,0.045362331775666842,scrambled_array_coordinate
scrambled,49,2,16,-0.0386478788388218,scrambled_array_coordinate
scrambled,40,3,16,0.042598451863971133,scrambled_array_coordinate
scrambled,20,4,16,-0.057702929470729226,scrambled_array_coordinate
scrambled,22,4,16,0.053722525361743996,scrambled_array_coordinate
scrambled,40,4,16,0.035807925191627232,scrambled_array_coordinate
scrambled,30,5,16,-0.03716828200238468,scrambled_array_coordinate
scrambled,14,6,16,-0.041023348108163528,scrambled_array_coordinate
scrambled,40,6,16,0.039078644713128115,scrambled_array_coordinate
scrambled,13,7,16,0.048074593308023758,scrambled_array_coordinate
scrambled,25,7,16,0.037595761001990517,scrambled_array_coordinate
scrambled,33,8,16,0.045622928467555272,scrambled_array_coordinate
scrambled,46,8,16,0.038947290442075205,scrambled_array_coordinate
scrambled,0,10,16,-0.03898184473321565,scrambled_array_coordinate
scrambled,18,10,16,-0.04535338682283338,scrambled_array_coordinate
scrambled,26,10,16,-0.037662788417727286,scrambled_array_coordinate
scrambled,33,10,16,0.0453219800955613,scrambled_array_coordinate
scrambled,41,10,16,-0.03788677053082349,scrambled_array_coordinate
scrambled,46,10,16,0.048560116909808972,scrambled_array_coordinate
scrambled,49,10,16,0.041681912651090364,scrambled_array_coordinate
scrambled,22,11,16,-0.04499177261692526,scrambled_array_coordinate
scrambled,13,12,16,0.053701765604985852,scrambled_array_coordinate
scrambled,25,12,16,0.046815940566741196,scrambled_array_coordinate
scrambled,46,12,16,-0.044187935391973202,scrambled_array_coordinate
scrambled,11,13,16,0.047259722608460383,scrambled_array_coordinate
scrambled,20,13,16,-0.052633758813696932,scrambled_array_coordinate
scrambled,22,13,16,0.04693108608030945,scrambled_array_coordinate
scrambled,25,13,16,-0.049558601475845843,scrambled_array_coordinate
scrambled,46,13,16,-0.039018566245514412,scrambled_array_coordinate
scrambled,49,13,16,-0.049391206391425815,scrambled_array_coordinate
scrambled,5,14,16,-0.046193580596932959,scrambled_array_coordinate
scrambled,20,14,16,0.060941703365242413,scrambled_array_coordinate
scrambled,25,14,16,0.058567098670858977,scrambled_array_coordinate
scrambled,42,14,16,0.040058170668461505,scrambled_array_coordinate
scrambled,8,15,16,-0.036635153873307284,scrambled_array_coordinate
scrambled,20,15,16,-0.045020423684146521,scrambled_array_coordinate
scrambled,33,16,16,0.037808821133802635,scrambled_array_coordinate
scrambled,36,16,16,0.042570638094533979,scrambled_array_coordinate
scrambled,40,16,16,0.039318871379930932,scrambled_array_coordinate
scrambled,42,16,16,-0.043741894910795748,scrambled_array_coordinate
scrambled,11,18,16,-0.045458428901581527,scrambled_array_coordinate
scrambled,20,18,16,0.036221248802585641,scrambled_array_coordinate
scrambled,40,18,16,-0.036514000048787701,scrambled_array_coordinate
scrambled,42,19,16,-0.036783635960747879,scrambled_array_coordinate
scrambled,37,20,16,-0.039006987411270587,scrambled_array_coordinate
scrambled,45,20,16,0.040626346904221754,scrambled_array_coordinate
scrambled,49,21,16,0.041029179820489106,scrambled_array_coordinate
scrambled,20,23,16,0.036557055165498398,scrambled_array_coordinate
scrambled,22,23,16,-0.036167596219366049,scrambled_array_coordinate
scrambled,30,23,16,0.035860206675420975,scrambled_array_coordinate
scrambled,41,23,16,0.042544976911163615,scrambled_array_coordinate
scrambled,6,24,16,0.041120528176738544,scrambled_array_coordinate
scrambled,10,24,16,-0.040354724558736871,scrambled_array_coordinate
scrambled,18,24,16,-0.046594866306627757,scrambled_array_coordinate
scrambled,22,24,16,0.064974054336710108,scrambled_array_coordinate
scrambled,23,24,16,0.039681606308060335,scrambled_array_coordinate
scrambled,26,24,16,-0.054657449615455968,scrambled_array_coordinate
scrambled,28,24,16,0.047551303954265378,scrambled_array_coordinate
scrambled,37,24,16,0.037939174683340772,scrambled_array_coordinate
scrambled,41,24,16,-0.040717952266491698,scrambled_array_coordinate
scrambled,48,24,16,0.052984998716444624,scrambled_array_coordinate
scrambled,10,25,16,0.036000072695936101,scrambled_array_coordinate
scrambled,13,25,16,-0.047535886659423196,scrambled_array_coordinate
scrambled,23,26,16,-0.043944987169009381,scrambled_array_coordinate
scrambled,24,26,16,0.04448299257598403,scrambled_array_coordinate
scrambled,25,26,16,0.038042788707206461,scrambled_array_coordinate
scrambled,30,26,16,-0.037355574251710412,scrambled_array_coordinate
scrambled,40,26,16,0.043281133764515298,scrambled_array_coordinate
scrambled,46,26,16,-0.041061793005221295,scrambled_array_coordinate
scrambled,13,27,16,-0.036737942723464277,scrambled_array_coordinate
scrambled,46,27,16,0.040265921605285283,scrambled_array_coordinate
scrambled,30,29,16,0.0444772194646244,scrambled_array_coordinate
scrambled,42,29,16,0.03581305496516661,scrambled_array_coordinate
scrambled,46,29,16,0.043890854329233231,scrambled_array_coordinate
scrambled,1,30,16,-0.036605605868556143,scrambled_array_coordinate
scrambled,5,30,16,0.045212806224635034,scrambled_array_coordinate
scrambled,26,30,16,0.050136494264739193,scrambled_array_coordinate
scrambled,28,30,16,-0.056057194456896733,scrambled_array_coordinate
scrambled,49,31,16,0.046015588682974264,scrambled_array_coordinate
scrambled,46,32,16,0.047299938485860227,scrambled_array_coordinate
scrambled,11,34,16,0.040284167133398427,scrambled_array_coordinate
scrambled,20,34,16,-0.047647648219642798,scrambled_array_coordinate
scrambled,46,35,16,0.043987982873233002,scrambled_array_coordinate
scrambled,37,36,16,-0.044427875180027575,scrambled_array_coordinate
scrambled,3,38,16,-0.039703577352731764,scrambled_array_coordinate
scrambled,27,38,16,0.03838455709667337,scrambled_array_coordinate
scrambled,13,39,16,0.046579071619590254,scrambled_array_coordinate
scrambled,19,39,16,-0.040961556087762405,scrambled_array_coordinate
scrambled,30,39,16,0.038367806932568603,scrambled_array_coordinate
scrambled,40,40,16,0.037469946998080358,scrambled_array_coordinate
scrambled,1,41,16,0.041728219065799856,scrambled_array_coordinate
scrambled,3,41,16,0.044466009741135883,scrambled_array_coordinate
scrambled,5,41,16,-0.057230747324350774,scrambled_array_coordinate
scrambled,13,41,16,0.049583290141682397,scrambled_array_coordinate
scrambled,14,41,16,0.036878770754082892,scrambled_array_coordinate
scrambled,22,41,16,0.093127320523786014,scrambled_array_coordinate
scrambled,23,41,16,0.053118817811093205,scrambled_array_coordinate
scrambled,26,41,16,-0.064862893002766209,scrambled_array_coordinate
scrambled,27,41,16,-0.038716111454797357,scrambled_array_coordinate
scrambled,28,41,16,0.077402442760288376,scrambled_array_coordinate
scrambled,31,41,16,-0.038207677515456229,scrambled_array_coordinate
scrambled,36,41,16,-0.048854545871902529,scrambled_array_coordinate
scrambled,41,41,16,0.041647706038673939,scrambled_array_coordinate
scrambled,46,41,16,-0.050582020178960053,scrambled_array_coordinate
scrambled,19,42,16,0.038826969424114226,scrambled_array_coordinate
scrambled,23,42,16,-0.041137790005960205,scrambled_array_coordinate
scrambled,24,42,16,0.043444897419803119,scrambled_array_coordinate
scrambled,28,42,16,-0.045543531214950847,scrambled_array_coordinate
scrambled,30,42,16,-0.050584626988459058,scrambled_array_coordinate
scrambled,4,43,16,-0.036008550280850676,scrambled_array_coordinate
scrambled,13,43,16,-0.05688460973270365,scrambled_array_coordinate
scrambled,25,43,16,-0.043128353925440739,scrambled_array_coordinate
scrambled,41,43,16,0.040677677670074117,scrambled_array_coordinate
scrambled,42,43,16,-0.047884098691024286,scrambled_array_coordinate
scrambled,49,43,16,-0.063360439070879168,scrambled_array_coordinate
scrambled,15,44,16,-0.036424613077223042,scrambled_array_coordinate
scrambled,23,44,16,-0.037075811176619809,scrambled_array_coordinate
scrambled,25,45,16,0.035770955162170201,scrambled_array_coordinate
scrambled,11,47,16,0.03616824329975632,scrambled_array_coordinate
scrambled,41,0,17,0.038138008125414187,scrambled_array_coordinate
scrambled,15,2,17,-0.037453662140919837,scrambled_array_coordinate
scrambled,24,3,17,-0.051650190917046999,scrambled_array_coordinate
scrambled,10,4,17,0.03727647655893692,scrambled_array_coordinate
scrambled,41,4,17,0.047177300086379936,scrambled_array_coordinate
scrambled,46,4,17,-0.044587824593903695,scrambled_array_coordinate
scrambled,10,6,17,0.038075690828238265,scrambled_array_coordinate
scrambled,49,6,17,-0.037605187264068862,scrambled_array_coordinate
scrambled,40,8,17,0.036480810419762054,scrambled_array_coordinate
scrambled,41,8,17,0.056344185941711179,scrambled_array_coordinate
scrambled,20,10,17,0.052618394845486506,scrambled_array_coordinate
scrambled,22,10,17,-0.037223046058895926,scrambled_array_coordinate
scrambled,24,10,17,-0.043039104851656074,scrambled_array_coordinate
scrambled,41,10,17,-0.040488708584651575,scrambled_array_coordinate
scrambled,46,10,17,0.06586330281817955,scrambled_array_coordinate
scrambled,49,10,17,0.056234780741913383,scrambled_array_coordinate
scrambled,24,13,17,0.036268057939012291,scrambled_array_coordinate
scrambled,40,13,17,-0.049843459559182131,scrambled_array_coordinate
scrambled,20,14,17,0.039436721492374767,scrambled_array_coordinate
scrambled,46,19,17,0.047843812563392901,scrambled_array_coordinate
scrambled,41,20,17,0.046631009433896024,scrambled_array_coordinate
scrambled,46,20,17,-0.052117894535670076,scrambled_array_coordinate
scrambled,49,20,17,-0.042109305794900131,scrambled_array_coordinate
scrambled,41,21,17,0.042210923186965697,scrambled_array_coordinate
scrambled,40,23,17,0.052552215360318011,scrambled_array_coordinate
scrambled,46,23,17,0.043933051645514969,scrambled_array_coordinate
scrambled,49,23,17,0.037228758118388799,scrambled_array_coordinate
scrambled,8,24,17,0.047311491043137595,scrambled_array_coordinate
scrambled,20,24,17,0.043680926950713669,scrambled_array_coordinate
scrambled,30,24,17,0.038536413215065374,scrambled_array_coordinate
scrambled,40,24,17,-0.059139757763464751,scrambled_array_coordinate
scrambled,41,24,17,-0.046804331749322026,scrambled_array_coordinate
scrambled,43,24,17,0.037914487240501997,scrambled_array_coordinate
scrambled,49,24,17,0.044178477533770605,scrambled_array_coordinate
scrambled,24,25,17,-0.038495735061566699,scrambled_array_coordinate
scrambled,40,25,17,0.042077906540769455,scrambled_array_coordinate
scrambled,43,25,17,-0.043405461843506563,scrambled_array_coordinate
scrambled,49,30,17,-0.043572936634870357,scrambled_array_coordinate
scrambled,40,31,17,0.036989297573952862,scrambled_array_coordinate
scrambled,46,31,17,0.044682985459713553,scrambled_array_coordinate
scrambled,31,39,17,0.040187743688227757,scrambled_array_coordinate
scrambled,46,39,17,0.039865997387705659,scrambled_array_coordinate
scrambled,49,39,17,0.041223225459422738,scrambled_array_coordinate
scrambled,22,40,17,-0.037906861735461324,scrambled_array_coordinate
scrambled,24,40,17,-0.036469804137433857,scrambled_array_coordinate
scrambled,3,41,17,0.046811408580752799,scrambled_array_coordinate
scrambled,5,41,17,-0.040798153807403044,scrambled_array_coordinate
scrambled,28,41,17,0.036271021194809815,scrambled_array_coordinate
scrambled,11,42,17,0.041328075504319162,scrambled_array_coordinate
scrambled,40,42,17,-0.038578789597618235,scrambled_array_coordinate
scrambled,46,42,17,-0.041651441725971759,scrambled_array_coordinate
scrambled,9,43,17,-0.038683977878756388,scrambled_array_coordinate
scrambled,41,43,17,0.03820514492927557,scrambled_array_coordinate
scrambled,49,43,17,-0.047656330370807028,scrambled_array_coordinate
scrambled,40,47,17,-0.036092147154448188,scrambled_array_coordinate
scrambled,1,0,18,0.053388043613088312,scrambled_array_coordinate
scrambled,3,0,18,-0.048945706612541745,scrambled_array_coordinate
scrambled,4,0,18,0.076040652358673855,scrambled_array_coordinate
scrambled,5,0,18,-0.039302231876959005,scrambled_array_coordinate
scrambled,7,0,18,-0.067819136112288333,scrambled_array_coordinate
scrambled,13,0,18,0.060614916004435013,scrambled_array_coordinate
scrambled,25,0,18,0.05434966978297201,scrambled_array_coordinate
scrambled,42,0,18,0.076005319018897982,scrambled_array_coordinate
scrambled,49,0,18,0.037371762346366737,scrambled_array_coordinate
scrambled,0,1,18,0.084742191208247594,scrambled_array_coordinate
scrambled,1,1,18,0.059448676770766762,scrambled_array_coordinate
scrambled,9,1,18,-0.056288388713520224,scrambled_array_coordinate
scrambled,10,1,18,-0.066711906699158399,scrambled_array_coordinate
scrambled,15,1,18,0.071717314834576606,scrambled_array_coordinate
scrambled,20,1,18,0.057163852055199853,scrambled_array_coordinate
scrambled,22,1,18,-0.071554569830995146,scrambled_array_coordinate
scrambled,25,1,18,0.055797598552222154,scrambled_array_coordinate
scrambled,27,1,18,0.0648158273309066,scrambled_array_coordinate
scrambled,28,1,18,0.07720017801672957,scrambled_array_coordinate
scrambled,29,1,18,-0.080811633594864513,scrambled_array_coordinate
scrambled,30,1,18,0.079946938053280778,scrambled_array_coordinate
scrambled,35,1,18,-0.038826627369586107,scrambled_array_coordinate
scrambled,39,1,18,-0.040993870258955699,scrambled_array_coordinate
scrambled,42,1,18,0.044536673661375065,scrambled_array_coordinate
scrambled,47,1,18,-0.054162107940085462,scrambled_array_coordinate
scrambled,49,1,18,-0.042238712655826627,scrambled_array_coordinate
scrambled,3,2,18,0.063149315309991808,scrambled_array_coordinate
scrambled,4,2,18,-0.063603859167234558,scrambled_array_coordinate
scrambled,6,2,18,-0.065122180770960492,scrambled_array_coordinate
scrambled,7,2,18,0.064716114378261802,scrambled_array_coordinate
scrambled,11,2,18,0.048218961277303463,scrambled_array_coordinate
scrambled,13,2,18,-0.043060348344147438,scrambled_array_coordinate
scrambled,14,2,18,0.063155041129740491,scrambled_array_coordinate
scrambled,25,2,18,-0.037537502854554643,scrambled_array_coordinate
scrambled,42,2,18,-0.055200016544817654,scrambled_array_coordinate
scrambled,46,2,18,-0.068089003752431085,scrambled_array_coordinate
scrambled,49,2,18,-0.058277188648849808,scrambled_array_coordinate
scrambled,1,3,18,0.041266317432929266,scrambled_array_coordinate
scrambled,3,3,18,-0.059498834179523508,scrambled_array_coordinate
scrambled,6,3,18,0.065966220818658661,scrambled_array_coordinate
scrambled,7,3,18,-0.041041785402890545,scrambled_array_coordinate
scrambled,10,3,18,-0.055702243943072077,scrambled_array_coordinate
scrambled,11,3,18,-0.043083745220319471,scrambled_array_coordinate
scrambled,13,3,18,0.038600404473192906,scrambled_array_coordinate
scrambled,14,3,18,-0.055568298542418001,scrambled_array_coordinate
scrambled,27,3,18,0.050844557554368681,scrambled_array_coordinate
scrambled,33,3,18,0.047294435940986507,scrambled_array_coordinate
scrambled,38,3,18,-0.042711407592310562,scrambled_array_coordinate
scrambled,39,3,18,0.043164348672928315,scrambled_array_coordinate
scrambled,42,3,18,0.037612017847184605,scrambled_array_coordinate
scrambled,46,3,18,0.065146151180142053,scrambled_array_coordinate
scrambled,49,3,18,0.043667478179974031,scrambled_array_coordinate
scrambled,1,4,18,0.052113605169487064,scrambled_array_coordinate
scrambled,6,4,18,0.060599970312628641,scrambled_array_coordinate
scrambled,15,4,18,0.036283029907258575,scrambled_array_coordinate
scrambled,22,4,18,0.087756644667609185,scrambled_array_coordinate
scrambled,23,4,18,0.043467096502610068,scrambled_array_coordinate
scrambled,28,4,18,0.049043174792136629,scrambled_array_coordinate
scrambled,33,4,18,0.046775866052122694,scrambled_array_coordinate
scrambled,34,4,18,0.040592432316245881,scrambled_array_coordinate
scrambled,36,4,18,-0.037625062782547514,scrambled_array_coordinate
scrambled,38,4,18,-0.042086801228998709,scrambled_array_coordinate
scrambled,1,5,18,-0.050479757898637512,scrambled_array_coordinate
scrambled,4,5,18,-0.053215114543297193,scrambled_array_coordinate
scrambled,9,5,18,0.04625996714686495,scrambled_array_coordinate
scrambled,13,5,18,-0.062930322024151317,scrambled_array_coordinate
scrambled,20,5,18,-0.03815175736518172,scrambled_array_coordinate
scrambled,25,5,18,-0.047901109374919558,scrambled_array_coordinate
scrambled,3,6,18,-0.037578312588485929,scrambled_array_coordinate
scrambled,10,6,18,-0.043068795423026281,scrambled_array_coordinate
scrambled,14,6,18,-0.041435255800467669,scrambled_array_coordinate
scrambled,19,6,18,0.045897034035180445,scrambled_array_coordinate
scrambled,27,6,18,0.051935698905381647,scrambled_array_coordinate
scrambled,28,6,18,0.03925885740756882,scrambled_array_coordinate
scrambled,29,6,18,-0.042263199121894517,scrambled_array_coordinate
scrambled,32,6,18,0.045506458825692986,scrambled_array_coordinate
scrambled,37,6,18,0.04417031356471867,scrambled_array_coordinate
scrambled,1,7,18,0.076926272189743489,scrambled_array_coordinate
scrambled,2,7,18,-0.040944943248626901,scrambled_array_coordinate
scrambled,4,7,18,0.06802477522485656,scrambled_array_coordinate
scrambled,10,7,18,-0.042582727486025408,scrambled_array_coordinate
scrambled,12,7,18,0.039047372903715662,scrambled_array_coordinate
scrambled,13,7,18,0.13572666780375697,scrambled_array_coordinate
scrambled,14,7,18,0.045901805826788607,scrambled_array_coordinate
scrambled,18,7,18,-0.052342629768019566,scrambled_array_coordinate
scrambled,19,7,18,-0.075777902319864213,scrambled_array_coordinate
scrambled,20,7,18,0.056076157621465339,scrambled_array_coordinate
scrambled,23,7,18,0.037972745027202763,scrambled_array_coordinate
scrambled,24,7,18,-0.062946543383865641,scrambled_array_coordinate
scrambled,25,7,18,0.093949328289035808,scrambled_array_coordinate
scrambled,26,7,18,-0.059278561548229206,scrambled_array_coordinate
scrambled,30,7,18,0.039044005672820355,scrambled_array_coordinate
scrambled,31,7,18,-0.046282042205483966,scrambled_array_coordinate
scrambled,32,7,18,-0.059153116188460246,scrambled_array_coordinate
scrambled,33,7,18,-0.038330880858619562,scrambled_array_coordinate
scrambled,48,7,18,0.053242688653554637,scrambled_array_coordinate
scrambled,1,8,18,0.049575580240330076,scrambled_array_coordinate
scrambled,2,8,18,0.037345776193092831,scrambled_array_coordinate
scrambled,3,8,18,0.049298167686845362,scrambled_array_coordinate
scrambled,10,8,18,-0.037284286802756118,scrambled_array_coordinate
scrambled,13,8,18,-0.036841555696791595,scrambled_array_coordinate
scrambled,15,8,18,0.084115091950964449,scrambled_array_coordinate
scrambled,17,8,18,-0.064937805445550334,scrambled_array_coordinate
scrambled,22,8,18,0.066375145726235388,scrambled_array_coordinate
scrambled,23,8,18,0.052610052164796577,scrambled_array_coordinate
scrambled,25,8,18,-0.097350197816906986,scrambled_array_coordinate
scrambled,26,8,18,-0.038671087342289912,scrambled_array_coordinate
scrambled,28,8,18,0.070955158138227017,scrambled_array_coordinate
scrambled,33,8,18,0.071279851088999133,scrambled_array_coordinate
scrambled,36,8,18,0.036765236906665673,scrambled_array_coordinate
scrambled,39,8,18,0.050653726775720949,scrambled_array_coordinate
scrambled,41,8,18,0.054303160026017025,scrambled_array_coordinate
scrambled,44,8,18,0.063931421780444891,scrambled_array_coordinate
scrambled,46,8,18,0.037795525248077458,scrambled_array_coordinate
scrambled,49,8,18,-0.043546940294288648,scrambled_array_coordinate
scrambled,3,9,18,-0.0495678422115002,scrambled_array_coordinate
scrambled,6,9,18,0.03833886995222921,scrambled_array_coordinate
scrambled,17,9,18,0.038141190559735555,scrambled_array_coordinate
scrambled,21,9,18,-0.046971443622795789,scrambled_array_coordinate
scrambled,22,9,18,-0.039649088281418138,scrambled_array_coordinate
scrambled,25,9,18,0.053076354911538025,scrambled_array_coordinate
scrambled,29,9,18,-0.038028984388831732,scrambled_array_coordinate
scrambled,30,9,18,0.047194332530667869,scrambled_array_coordinate
scrambled,31,9,18,-0.042061697735605058,scrambled_array_coordinate
scrambled,41,9,18,-0.038025759401684803,scrambled_array_coordinate
scrambled,0,10,18,-0.077974419573353354,scrambled_array_coordinate
scrambled,6,10,18,0.042102601757154696,scrambled_array_coordinate
scrambled,8,10,18,0.044442928842807441,scrambled_array_coordinate
scrambled,13,10,18,0.088690020208580411,scrambled_array_coordinate
scrambled,18,10,18,-0.066672659154372232,scrambled_array_coordinate
scrambled,19,10,18,-0.057083417038502358,scrambled_array_coordinate
scrambled,22,10,18,0.050259491490681027,scrambled_array_coordinate
scrambled,24,10,18,-0.092824885547373392,scrambled_array_coordinate
scrambled,26,10,18,-0.056945329017278799,scrambled_array_coordinate
scrambled,32,10,18,-0.043724501253594332,scrambled_array_coordinate
scrambled,36,10,18,0.049605685495909206,scrambled_array_coordinate
scrambled,39,10,18,0.074321634145474574,scrambled_array_coordinate
scrambled,40,10,18,0.037925873561202576,scrambled_array_coordinate
scrambled,41,10,18,-0.057539644551448686,scrambled_array_coordinate
scrambled,42,10,18,-0.047931898374659498,scrambled_array_coordinate
scrambled,46,10,18,0.13429130523510008,scrambled_array_coordinate
scrambled,48,10,18,0.05217036465501227,scrambled_array_coordinate
scrambled,49,10,18,0.08649372976213103,scrambled_array_coordinate
scrambled,0,11,18,0.054322672502577524,scrambled_array_coordinate
scrambled,11,11,18,-0.055371714458853839,scrambled_array_coordinate
scrambled,13,11,18,-0.057116785179872023,scrambled_array_coordinate
scrambled,18,11,18,0.063726577928256395,scrambled_array_coordinate
scrambled,20,11,18,0.060493424283642357,scrambled_array_coordinate
scrambled,22,11,18,-0.086975639827900714,scrambled_array_coordinate
scrambled,23,11,18,-0.042867908933903749,scrambled_array_coordinate
scrambled,26,11,18,0.053192726027484885,scrambled_array_coordinate
scrambled,27,11,18,0.037599635893603156,scrambled_array_coordinate
scrambled,31,11,18,0.05835487594346854,scrambled_array_coordinate
scrambled,42,11,18,0.039212137971430118,scrambled_array_coordinate
scrambled,46,11,18,0.039405575003320183,scrambled_array_coordinate
scrambled,48,11,18,-0.049352104966345553,scrambled_array_coordinate
scrambled,1,12,18,0.11125271323770258,scrambled_array_coordinate
scrambled,4,12,18,0.045961611487426571,scrambled_array_coordinate
scrambled,5,12,18,-0.036535685323884383,scrambled_array_coordinate
scrambled,7,12,18,-0.036736787786888062,scrambled_array_coordinate
scrambled,9,12,18,-0.048536503346050912,scrambled_array_coordinate
scrambled,13,12,18,0.057668643181224714,scrambled_array_coordinate
scrambled,17,12,18,-0.040989849628995878,scrambled_array_coordinate
scrambled,19,12,18,-0.048163113448222557,scrambled_array_coordinate
scrambled,21,12,18,0.063365356272135839,scrambled_array_coordinate
scrambled,22,12,18,0.062717817981978091,scrambled_array_coordinate
scrambled,24,12,18,0.04107737161013561,scrambled_array_coordinate
scrambled,25,12,18,0.040350944570357573,scrambled_array_coordinate
scrambled,29,12,18,0.042330551587135251,scrambled_array_coordinate
scrambled,36,12,18,-0.042121696119364074,scrambled_array_coordinate
scrambled,41,12,18,0.10037827296164427,scrambled_array_coordinate
scrambled,44,12,18,0.056617478380829249,scrambled_array_coordinate
scrambled,46,12,18,-0.09216627484069366,scrambled_array_coordinate
scrambled,3,13,18,0.036289339414220786,scrambled_array_coordinate
scrambled,4,13,18,-0.058780162354962161,scrambled_array_coordinate
scrambled,5,13,18,0.03714211858060578,scrambled_array_coordinate
scrambled,7,13,18,0.057563932918488887,scrambled_array_coordinate
scrambled,8,13,18,-0.036840642450024094,scrambled_array_coordinate
scrambled,11,13,18,0.043769336888563153,scrambled_array_coordinate
scrambled,20,13,18,-0.053793581097287851,scrambled_array_coordinate
scrambled,28,13,18,0.04384410395604954,scrambled_array_coordinate
scrambled,29,13,18,-0.050130502424345601,scrambled_array_coordinate
scrambled,37,13,18,0.048508551920226267,scrambled_array_coordinate
scrambled,40,13,18,0.0425246512221805,scrambled_array_coordinate
scrambled,42,13,18,-0.051115341655357305,scrambled_array_coordinate
scrambled,49,13,18,-0.055288370851707624,scrambled_array_coordinate
scrambled,1,14,18,0.040727527597696135,scrambled_array_coordinate
scrambled,3,14,18,-0.051964723094507052,scrambled_array_coordinate
scrambled,4,14,18,0.097476905182101475,scrambled_array_coordinate
scrambled,5,14,18,-0.039624408912591023,scrambled_array_coordinate
scrambled,7,14,18,-0.0649352367987098,scrambled_array_coordinate
scrambled,9,14,18,-0.058644828746217681,scrambled_array_coordinate
scrambled,13,14,18,0.093376931282763517,scrambled_array_coordinate
scrambled,14,14,18,-0.06389316166096945,scrambled_array_coordinate
scrambled,25,14,18,0.057839668623268586,scrambled_array_coordinate
scrambled,37,14,18,-0.038730957814888597,scrambled_array_coordinate
scrambled,40,14,18,0.037572841952430547,scrambled_array_coordinate
scrambled,42,14,18,0.06162482007159599,scrambled_array_coordinate
scrambled,49,14,18,0.065455695384718487,scrambled_array_coordinate
scrambled,1,15,18,-0.036446853082939858,scrambled_array_coordinate
scrambled,2,15,18,0.049183058637180407,scrambled_array_coordinate
scrambled,4,15,18,-0.061019620261369298,scrambled_array_coordinate
scrambled,7,15,18,0.078642484487745218,scrambled_array_coordinate
scrambled,8,15,18,-0.068929927783980965,scrambled_array_coordinate
scrambled,11,15,18,0.074557416355249123,scrambled_array_coordinate
scrambled,13,15,18,-0.047473625345123734,scrambled_array_coordinate
scrambled,16,15,18,-0.036987466553291652,scrambled_array_coordinate
scrambled,19,15,18,0.040250375675718,scrambled_array_coordinate
scrambled,20,15,18,-0.089949050091892052,scrambled_array_coordinate
scrambled,25,15,18,-0.054817191497267728,scrambled_array_coordinate
scrambled,30,15,18,-0.039876727765052078,scrambled_array_coordinate
scrambled,32,15,18,0.054458864436887251,scrambled_array_coordinate
scrambled,34,15,18,-0.055165232957358222,scrambled_array_coordinate
scrambled,36,15,18,0.046123684144706099,scrambled_array_coordinate
scrambled,37,15,18,0.039862281943535777,scrambled_array_coordinate
scrambled,39,15,18,-0.041995700714468419,scrambled_array_coordinate
scrambled,40,15,18,0.048643044321593304,scrambled_array_coordinate
scrambled,42,15,18,-0.052527251895634224,scrambled_array_coordinate
scrambled,44,15,18,-0.04406742647248918,scrambled_array_coordinate
scrambled,49,15,18,-0.051403406294475491,scrambled_array_coordinate
scrambled,2,16,18,0.045314035389695313,scrambled_array_coordinate
scrambled,3,16,18,0.055884786018528379,scrambled_array_coordinate
scrambled,5,16,18,0.036216188958083831,scrambled_array_coordinate
scrambled,7,16,18,0.039165021123697095,scrambled_array_coordinate
scrambled,9,16,18,-0.047803873115687408,scrambled_array_coordinate
scrambled,10,16,18,-0.035835397596553964,scrambled_array_coordinate
scrambled,11,16,18,0.044312522600116679,scrambled_array_coordinate
scrambled,17,16,18,-0.044247164590857868,scrambled_array_coordinate
scrambled,22,16,18,0.041833821767197327,scrambled_array_coordinate
scrambled,25,16,18,-0.069767403044944734,scrambled_array_coordinate
scrambled,28,16,18,0.045048886294148389,scrambled_array_coordinate
scrambled,29,16,18,-0.05561257921572154,scrambled_array_coordinate
scrambled,33,16,18,0.054857587574005988,scrambled_array_coordinate
scrambled,36,16,18,0.058675699833141269,scrambled_array_coordinate
scrambled,40,16,18,0.05001239466048378,scrambled_array_coordinate
scrambled,42,16,18,-0.055392843846693726,scrambled_array_coordinate
scrambled,46,16,18,0.075451745288076633,scrambled_array_coordinate
scrambled,47,16,18,-0.045207273796433113,scrambled_array_coordinate
scrambled,48,16,18,0.04742626947371241,scrambled_array_coordinate
scrambled,1,17,18,-0.059363474737917352,scrambled_array_coordinate
scrambled,2,17,18,0.060045875770789486,scrambled_array_coordinate
scrambled,13,17,18,-0.095925940912274785,scrambled_array_coordinate
scrambled,14,17,18,-0.066335506444047676,scrambled_array_coordinate
scrambled,18,17,18,0.065469196278720998,scrambled_array_coordinate
scrambled,19,17,18,0.09753381614283882,scrambled_array_coordinate
scrambled,21,17,18,-0.045863581235940254,scrambled_array_coordinate
scrambled,22,17,18,-0.05279365422499778,scrambled_array_coordinate
scrambled,25,17,18,-0.07881077899491197,scrambled_array_coordinate
scrambled,32,17,18,0.047651972558584547,scrambled_array_coordinate
scrambled,33,17,18,0.048586670425492424,scrambled_array_coordinate
scrambled,36,17,18,0.048840590108520203,scrambled_array_coordinate
scrambled,40,17,18,-0.056143958019860385,scrambled_array_coordinate
scrambled,41,17,18,-0.037609022133298642,scrambled_array_coordinate
scrambled,42,17,18,0.041049099465259413,scrambled_array_coordinate
scrambled,45,17,18,0.044574239781794436,scrambled_array_coordinate
scrambled,46,17,18,0.0755055071292592,scrambled_array_coordinate
scrambled,0,18,18,0.063685378769884948,scrambled_array_coordinate
scrambled,1,18,18,0.062697107728690984,scrambled_array_coordinate
scrambled,6,18,18,0.037419078144430774,scrambled_array_coordinate
scrambled,7,18,18,-0.042399701234863016,scrambled_array_coordinate
scrambled,10,18,18,-0.063494283071377319,scrambled_array_coordinate
scrambled,11,18,18,-0.083153194819166942,scrambled_array_coordinate
scrambled,15,18,18,0.050798243361306242,scrambled_array_coordinate
scrambled,16,18,18,0.046869538397879135,scrambled_array_coordinate
scrambled,27,18,18,0.052933857870701324,scrambled_array_coordinate
scrambled,34,18,18,0.040940755501667384,scrambled_array_coordinate
scrambled,36,18,18,-0.081548960106066076,scrambled_array_coordinate
scrambled,38,18,18,-0.082389185528024253,scrambled_array_coordinate
scrambled,40,18,18,-0.049479902842946517,scrambled_array_coordinate
scrambled,41,18,18,0.047329647435664889,scrambled_array_coordinate
scrambled,44,18,18,0.058113149375188709,scrambled_array_coordinate
scrambled,47,18,18,0.063547570071009141,scrambled_array_coordinate
scrambled,48,18,18,-0.04646657270647888,scrambled_array_coordinate
scrambled,3,19,18,0.077759629090361992,scrambled_array_coordinate
scrambled,8,19,18,0.036265750780181349,scrambled_array_coordinate
scrambled,19,19,18,-0.065543134824503177,scrambled_array_coordinate
scrambled,25,19,18,-0.037910678487640209,scrambled_array_coordinate
scrambled,36,19,18,0.049453067666177672,scrambled_array_coordinate
scrambled,40,19,18,0.04222649735538006,scrambled_array_coordinate
scrambled,42,19,18,-0.058397901014382865,scrambled_array_coordinate
scrambled,46,19,18,0.059778337756852935,scrambled_array_coordinate
scrambled,0,20,18,0.036058677461048141,scrambled_array_coordinate
scrambled,1,20,18,0.046740850260722215,scrambled_array_coordinate
scrambled,6,20,18,-0.038192554232755506,scrambled_array_coordinate
scrambled,9,20,18,-0.037878260310081978,scrambled_array_coordinate
scrambled,24,20,18,0.040982782806878726,scrambled_array_coordinate
scrambled,27,20,18,0.036801902271534716,scrambled_array_coordinate
scrambled,32,20,18,0.038769862934249846,scrambled_array_coordinate
scrambled,41,20,18,0.048826263254326673,scrambled_array_coordinate
scrambled,49,20,18,-0.040329343266081417,scrambled_array_coordinate
scrambled,0,21,18,0.047105642189823618,scrambled_array_coordinate
scrambled,2,21,18,0.043956112982596704,scrambled_array_coordinate
scrambled,3,21,18,0.040274800401029154,scrambled_array_coordinate
scrambled,9,21,18,-0.037119320521161091,scrambled_array_coordinate
scrambled,11,21,18,-0.036016153534328785,scrambled_array_coordinate
scrambled,14,21,18,-0.055876237854910214,scrambled_array_coordinate
scrambled,15,21,18,0.069504328840279711,scrambled_array_coordinate
scrambled,17,21,18,-0.060544971333486769,scrambled_array_coordinate
scrambled,18,21,18,0.088946396379036868,scrambled_array_coordinate
scrambled,24,21,18,0.056253098781785776,scrambled_array_coordinate
scrambled,25,21,18,-0.091851222351160375,scrambled_array_coordinate
scrambled,27,21,18,0.067597722662079654,scrambled_array_coordinate
scrambled,31,21,18,0.10683737176435391,scrambled_array_coordinate
scrambled,32,21,18,0.069814999257382881,scrambled_array_coordinate
scrambled,33,21,18,0.065536450287466116,scrambled_array_coordinate
scrambled,36,21,18,0.062637525051804407,scrambled_array_coordinate
scrambled,42,21,18,0.043955282890422151,scrambled_array_coordinate
scrambled,44,21,18,0.05036090300177562,scrambled_array_coordinate
scrambled,45,21,18,0.044817604984813415,scrambled_array_coordinate
scrambled,46,21,18,0.086946893301262845,scrambled_array_coordinate
scrambled,48,21,18,-0.05283920047367293,scrambled_array_coordinate
scrambled,0,22,18,0.042275071726233959,scrambled_array_coordinate
scrambled,8,22,18,0.045095663386161604,scrambled_array_coordinate
scrambled,10,22,18,-0.062287986747132186,scrambled_array_coordinate
scrambled,11,22,18,-0.042149357389646709,scrambled_array_coordinate
scrambled,15,22,18,0.042109401441970971,scrambled_array_coordinate
scrambled,20,22,18,0.072764106753743396,scrambled_array_coordinate
scrambled,22,22,18,-0.047404338899492846,scrambled_array_coordinate
scrambled,27,22,18,0.043133428348632055,scrambled_array_coordinate
scrambled,29,22,18,-0.056672149749469582,scrambled_array_coordinate
scrambled,30,22,18,0.058625129230402438,scrambled_array_coordinate
scrambled,46,22,18,0.056653613599603497,scrambled_array_coordinate
scrambled,0,23,18,0.045296083403902739,scrambled_array_coordinate
scrambled,8,23,18,0.043950870299948916,scrambled_array_coordinate
scrambled,15,23,18,0.043456432715003254,scrambled_array_coordinate
scrambled,20,23,18,0.07181648284716019,scrambled_array_coordinate
scrambled,22,23,18,-0.072899808210398279,scrambled_array_coordinate
scrambled,29,23,18,-0.048515262562978986,scrambled_array_coordinate
scrambled,30,23,18,0.050786711570814817,scrambled_array_coordinate
scrambled,36,23,18,0.041679035360857555,scrambled_array_coordinate
scrambled,38,23,18,0.048939947410239978,scrambled_array_coordinate
scrambled,46,23,18,0.062101539745697466,scrambled_array_coordinate
scrambled,47,23,18,-0.048790596231141591,scrambled_array_coordinate
scrambled,0,24,18,-0.058242613134696392,scrambled_array_coordinate
scrambled,1,24,18,0.047484208717720147,scrambled_array_coordinate
scrambled,6,24,18,0.092910854553535316,scrambled_array_coordinate
scrambled,8,24,18,-0.059533343012453492,scrambled_array_coordinate
scrambled,9,24,18,-0.062204742413824281,scrambled_array_coordinate
scrambled,10,24,18,-0.044367446028145768,scrambled_array_coordinate
scrambled,11,24,18,0.064847086975215323,scrambled_array_coordinate
scrambled,13,24,18,0.05524378979664122,scrambled_array_coordinate
scrambled,18,24,18,-0.085862260222677594,scrambled_array_coordinate
scrambled,20,24,18,-0.047409523105923793,scrambled_array_coordinate
scrambled,21,24,18,-0.038003416305754864,scrambled_array_coordinate
scrambled,22,24,18,0.097934442947466477,scrambled_array_coordinate
scrambled,23,24,18,0.044320675782801057,scrambled_array_coordinate
scrambled,24,24,18,-0.055669615686968515,scrambled_array_coordinate
scrambled,26,24,18,-0.05065805832623245,scrambled_array_coordinate
scrambled,27,24,18,-0.051456907803464534,scrambled_array_coordinate
scrambled,28,24,18,0.057102121157555974,scrambled_array_coordinate
scrambled,29,24,18,-0.053074148553836367,scrambled_array_coordinate
scrambled,30,24,18,0.045828846398304403,scrambled_array_coordinate
scrambled,31,24,18,-0.072080287198906245,scrambled_array_coordinate
scrambled,32,24,18,-0.038145440689440223,scrambled_array_coordinate
scrambled,33,24,18,0.046890761016355732,scrambled_array_coordinate
scrambled,35,24,18,-0.038512627916436976,scrambled_array_coordinate
scrambled,37,24,18,0.047889663502368042,scrambled_array_coordinate
scrambled,40,24,18,0.080667111716235723,scrambled_array_coordinate
scrambled,42,24,18,-0.071348886885388443,scrambled_array_coordinate
scrambled,44,24,18,-0.058492512986374458,scrambled_array_coordinate
scrambled,45,24,18,-0.03733923782611008,scrambled_array_coordinate
scrambled,48,24,18,0.091305475714207052,scrambled_array_coordinate
scrambled,1,25,18,-0.045472037449990524,scrambled_array_coordinate
scrambled,13,25,18,-0.038426236926905444,scrambled_array_coordinate
scrambled,19,25,18,0.038334755514962529,scrambled_array_coordinate
scrambled,22,25,18,-0.057532512659106007,scrambled_array_coordinate
scrambled,36,25,18,0.040626130073417116,scrambled_array_coordinate
scrambled,38,25,18,0.045017262295177177,scrambled_array_coordinate
scrambled,46,25,18,0.039503434144299659,scrambled_array_coordinate
scrambled,47,25,18,-0.044443389600102204,scrambled_array_coordinate
scrambled,18,26,18,0.044230500679201347,scrambled_array_coordinate
scrambled,20,26,18,0.038906996738855962,scrambled_array_coordinate
scrambled,21,26,18,0.043995436195318254,scrambled_array_coordinate
scrambled,22,26,18,-0.046936118398900793,scrambled_array_coordinate
scrambled,23,26,18,-0.06843017909288561,scrambled_array_coordinate
scrambled,24,26,18,0.03818861455873078,scrambled_array_coordinate
scrambled,31,26,18,0.041043997341009886,scrambled_array_coordinate
scrambled,32,26,18,0.043401212751593102,scrambled_array_coordinate
scrambled,39,26,18,-0.036969787743328028,scrambled_array_coordinate
scrambled,40,26,18,0.053126518121850631,scrambled_array_coordinate
scrambled,48,26,18,-0.039036940539050533,scrambled_array_coordinate
scrambled,1,27,18,-0.075970437494735629,scrambled_array_coordinate
scrambled,3,27,18,0.045664647424485644,scrambled_array_coordinate
scrambled,4,27,18,-0.037619998746243777,scrambled_array_coordinate
scrambled,7,27,18,0.046653276498190101,scrambled_array_coordinate
scrambled,10,27,18,0.050345116701287253,scrambled_array_coordinate
scrambled,13,27,18,-0.049206535677889011,scrambled_array_coordinate
scrambled,17,27,18,-0.036839436496396386,scrambled_array_coordinate
scrambled,20,27,18,-0.052813967157159712,scrambled_array_coordinate
scrambled,23,27,18,-0.039416915674625339,scrambled_array_coordinate
scrambled,25,27,18,-0.088782948573064818,scrambled_array_coordinate
scrambled,30,27,18,-0.0627788435179297,scrambled_array_coordinate
scrambled,36,27,18,0.066829086641295624,scrambled_array_coordinate
scrambled,31,28,18,0.040586172210571814,scrambled_array_coordinate
scrambled,2,29,18,-0.038797409730661793,scrambled_array_coordinate
scrambled,3,29,18,-0.04342569631771781,scrambled_array_coordinate
scrambled,4,29,18,0.04804362681101812,scrambled_array_coordinate
scrambled,5,29,18,-0.038488646607259334,scrambled_array_coordinate
scrambled,6,29,18,0.036546048502272929,scrambled_array_coordinate
scrambled,7,29,18,-0.055864505435916444,scrambled_array_coordinate
scrambled,13,29,18,0.040231267837385697,scrambled_array_coordinate
scrambled,25,29,18,0.039439110188803327,scrambled_array_coordinate
scrambled,32,29,18,-0.041490497964924523,scrambled_array_coordinate
scrambled,36,29,18,-0.037507398461873225,scrambled_array_coordinate
scrambled,42,29,18,0.040172069490933007,scrambled_array_coordinate
scrambled,49,29,18,0.048505111680799136,scrambled_array_coordinate
scrambled,1,30,18,-0.070775628980278768,scrambled_array_coordinate
scrambled,3,30,18,0.038678888254535013,scrambled_array_coordinate
scrambled,11,30,18,-0.045280596372348395,scrambled_array_coordinate
scrambled,13,30,18,-0.038615482192732649,scrambled_array_coordinate
scrambled,18,30,18,0.046188586032133001,scrambled_array_coordinate
scrambled,20,30,18,-0.036020620275508182,scrambled_array_coordinate
scrambled,21,30,18,0.042966296399705811,scrambled_array_coordinate
scrambled,23,30,18,-0.084067982285137635,scrambled_array_coordinate
scrambled,24,30,18,0.054700989649475881,scrambled_array_coordinate
scrambled,25,30,18,-0.061588578647089852,scrambled_array_coordinate
scrambled,26,30,18,0.074584130026120785,scrambled_array_coordinate
scrambled,28,30,18,-0.061595163958030934,scrambled_array_coordinate
scrambled,29,30,18,0.04453322274033697,scrambled_array_coordinate
scrambled,30,30,18,-0.077480385823306214,scrambled_array_coordinate
scrambled,31,30,18,0.08695392980378161,scrambled_array_coordinate
scrambled,32,30,18,0.048061685463929756,scrambled_array_coordinate
scrambled,36,30,18,0.04181050921742583,scrambled_array_coordinate
scrambled,47,30,18,0.057042447324705772,scrambled_array_coordinate
scrambled,48,30,18,-0.067236748538000685,scrambled_array_coordinate
scrambled,49,30,18,0.038076226915210232,scrambled_array_coordinate
scrambled,3,31,18,0.053473570734730858,scrambled_array_coordinate
scrambled,8,31,18,0.068417565850465101,scrambled_array_coordinate
scrambled,10,31,18,-0.036975191644662703,scrambled_array_coordinate
scrambled,11,31,18,-0.038154151457628786,scrambled_array_coordinate
scrambled,13,31,18,0.054378745326462093,scrambled_array_coordinate
scrambled,14,31,18,0.051051634988058904,scrambled_array_coordinate
scrambled,19,31,18,-0.089544484039087144,scrambled_array_coordinate
scrambled,21,31,18,0.054305822777961608,scrambled_array_coordinate
scrambled,23,31,18,-0.048396697307111658,scrambled_array_coordinate
scrambled,28,31,18,-0.054267591397196044,scrambled_array_coordinate
scrambled,33,31,18,-0.04773778691641542,scrambled_array_coordinate
scrambled,35,31,18,0.045078167206276012,scrambled_array_coordinate
scrambled,40,31,18,0.044731177875301863,scrambled_array_coordinate
scrambled,42,31,18,-0.057918639130467742,scrambled_array_coordinate
scrambled,1,32,18,-0.041187451419834514,scrambled_array_coordinate
scrambled,13,32,18,-0.063374741678831906,scrambled_array_coordinate
scrambled,19,32,18,0.051932289060814291,scrambled_array_coordinate
scrambled,25,32,18,-0.046248898913398624,scrambled_array_coordinate
scrambled,40,32,18,-0.043478326164167899,scrambled_array_coordinate
scrambled,8,33,18,0.042078551106411316,scrambled_array_coordinate
scrambled,11,33,18,-0.037305253078132511,scrambled_array_coordinate
scrambled,22,33,18,-0.040993208939343412,scrambled_array_coordinate
scrambled,28,33,18,-0.036320798934474485,scrambled_array_coordinate
scrambled,33,33,18,-0.048015850598688202,scrambled_array_coordinate
scrambled,1,34,18,0.076589415059670068,scrambled_array_coordinate
scrambled,6,34,18,-0.045242135940625317,scrambled_array_coordinate
scrambled,8,34,18,-0.041879818947168267,scrambled_array_coordinate
scrambled,11,34,18,0.071832977280083893,scrambled_array_coordinate
scrambled,13,34,18,0.041076096315990684,scrambled_array_coordinate
scrambled,14,34,18,0.046404451070714843,scrambled_array_coordinate
scrambled,20,34,18,-0.044654947993243807,scrambled_array_coordinate
scrambled,22,34,18,0.059945999033092341,scrambled_array_coordinate
scrambled,25,34,18,0.046580328733428267,scrambled_array_coordinate
scrambled,31,34,18,-0.047600823270922812,scrambled_array_coordinate
scrambled,36,34,18,-0.035946587862608917,scrambled_array_coordinate
scrambled,37,34,18,0.040702152389688211,scrambled_array_coordinate
scrambled,39,34,18,-0.039565737200185781,scrambled_array_coordinate
scrambled,40,34,18,0.045766040744408078,scrambled_array_coordinate
scrambled,41,34,18,0.063380385888939877,scrambled_array_coordinate
scrambled,46,34,18,-0.13979738392857438,scrambled_array_coordinate
scrambled,49,34,18,-0.06286533693229511,scrambled_array_coordinate
scrambled,1,35,18,0.043017275767931552,scrambled_array_coordinate
scrambled,6,35,18,-0.043061944331740279,scrambled_array_coordinate
scrambled,9,35,18,-0.036635267615990431,scrambled_array_coordinate
scrambled,11,35,18,0.045453116512090531,scrambled_array_coordinate
scrambled,13,35,18,0.036981493964113391,scrambled_array_coordinate
scrambled,21,35,18,0.039307378099308871,scrambled_array_coordinate
scrambled,40,35,18,0.041212975698553284,scrambled_array_coordinate
scrambled,41,35,18,0.04923798102689779,scrambled_array_coordinate
scrambled,46,35,18,-0.070380844848736482,scrambled_array_coordinate
scrambled,9,36,18,0.047803196943947843,scrambled_array_coordinate
scrambled,10,36,18,0.050868440242832248,scrambled_array_coordinate
scrambled,14,36,18,0.04971432889368909,scrambled_array_coordinate
scrambled,22,36,18,0.071244614711683252,scrambled_array_coordinate
scrambled,27,36,18,-0.058402120491402629,scrambled_array_coordinate
scrambled,29,36,18,0.07950665746882743,scrambled_array_coordinate
scrambled,30,36,18,-0.042242866177905319,scrambled_array_coordinate
scrambled,32,36,18,-0.041282015027069976,scrambled_array_coordinate
scrambled,39,36,18,0.042971355168018747,scrambled_array_coordinate
scrambled,40,36,18,-0.044245415008884917,scrambled_array_coordinate
scrambled,41,36,18,0.03679460834588804,scrambled_array_coordinate
scrambled,44,36,18,0.038853706710123004,scrambled_array_coordinate
scrambled,46,36,18,-0.048771232923861027,scrambled_array_coordinate
scrambled,47,36,18,0.047369105643077357,scrambled_array_coordinate
scrambled,19,37,18,-0.044217008948802074,scrambled_array_coordinate
scrambled,21,37,18,0.03976763140095689,scrambled_array_coordinate
scrambled,23,37,18,-0.052934486864725912,scrambled_array_coordinate
scrambled,31,37,18,0.041693048967249076,scrambled_array_coordinate
scrambled,40,37,18,0.056261504184111313,scrambled_array_coordinate
scrambled,10,38,18,-0.039898568320561822,scrambled_array_coordinate
scrambled,11,38,18,-0.051562481039510895,scrambled_array_coordinate
scrambled,25,38,18,0.042113027570772538,scrambled_array_coordinate
scrambled,36,38,18,-0.053599539009925645,scrambled_array_coordinate
scrambled,38,38,18,-0.065093638599486123,scrambled_array_coordinate
scrambled,47,38,18,0.052123998591846216,scrambled_array_coordinate
scrambled,48,38,18,-0.041021905153691661,scrambled_array_coordinate
scrambled,3,39,18,0.052999560242408421,scrambled_array_coordinate
scrambled,4,39,18,0.053845740120604918,scrambled_array_coordinate
scrambled,13,39,18,0.10252092325727122,scrambled_array_coordinate
scrambled,14,39,18,0.039739476821668528,scrambled_array_coordinate
scrambled,19,39,18,-0.091812130437936387,scrambled_array_coordinate
scrambled,20,39,18,0.05100085237938614,scrambled_array_coordinate
scrambled,21,39,18,0.058496011148927746,scrambled_array_coordinate
scrambled,22,39,18,0.042539773959513839,scrambled_array_coordinate
scrambled,24,39,18,-0.052243358652085341,scrambled_array_coordinate
scrambled,27,39,18,-0.051464752670912814,scrambled_array_coordinate
scrambled,32,39,18,-0.052292995694307357,scrambled_array_coordinate
scrambled,38,39,18,0.037600958169049035,scrambled_array_coordinate
scrambled,40,39,18,0.061720277345208116,scrambled_array_coordinate
scrambled,48,39,18,0.054554373727525904,scrambled_array_coordinate
scrambled,49,39,18,0.038504268290244288,scrambled_array_coordinate
scrambled,0,40,18,-0.040243523573371742,scrambled_array_coordinate
scrambled,1,40,18,-0.054349615835282923,scrambled_array_coordinate
scrambled,10,40,18,0.047339802823489138,scrambled_array_coordinate
scrambled,15,40,18,-0.069979132041430289,scrambled_array_coordinate
scrambled,23,40,18,-0.036139234007638577,scrambled_array_coordinate
scrambled,28,40,18,-0.052426366055759191,scrambled_array_coordinate
scrambled,34,40,18,-0.036112576626366404,scrambled_array_coordinate
scrambled,41,40,18,-0.044516134603532639,scrambled_array_coordinate
scrambled,44,40,18,-0.047696758003075171,scrambled_array_coordinate
scrambled,1,41,18,0.12833341754979796,scrambled_array_coordinate
scrambled,4,41,18,0.045742822936473145,scrambled_array_coordinate
scrambled,6,41,18,0.068298817597348738,scrambled_array_coordinate
scrambled,7,41,18,-0.052646446834424446,scrambled_array_coordinate
scrambled,9,41,18,-0.049236259265184587,scrambled_array_coordinate
scrambled,10,41,18,-0.073385757801850901,scrambled_array_coordinate
scrambled,13,41,18,0.068679541828526786,scrambled_array_coordinate
scrambled,15,41,18,0.080204727498082287,scrambled_array_coordinate
scrambled,18,41,18,-0.0496167576834552,scrambled_array_coordinate
scrambled,19,41,18,-0.04020317331263789,scrambled_array_coordinate
scrambled,22,41,18,0.10258972328364356,scrambled_array_coordinate
scrambled,23,41,18,0.087312257595324058,scrambled_array_coordinate
scrambled,24,41,18,-0.03923013985268467,scrambled_array_coordinate
scrambled,26,41,18,-0.068054396281065938,scrambled_array_coordinate
scrambled,28,41,18,0.079204569457332702,scrambled_array_coordinate
scrambled,30,41,18,0.046075576330305006,scrambled_array_coordinate
scrambled,32,41,18,-0.050427937012507883,scrambled_array_coordinate
scrambled,33,41,18,0.057614123544074948,scrambled_array_coordinate
scrambled,34,41,18,0.06090166088714806,scrambled_array_coordinate
scrambled,36,41,18,-0.052202238052299628,scrambled_array_coordinate
scrambled,39,41,18,0.043221045415371473,scrambled_array_coordinate
scrambled,41,41,18,0.045043656495056539,scrambled_array_coordinate
scrambled,44,41,18,0.047465577256193228,scrambled_array_coordinate
scrambled,48,41,18,0.061630836712992659,scrambled_array_coordinate
scrambled,1,42,18,-0.060613933730243479,scrambled_array_coordinate
scrambled,8,42,18,-0.036126085249844689,scrambled_array_coordinate
scrambled,10,42,18,0.058016753263327517,scrambled_array_coordinate
scrambled,13,42,18,-0.051706171564616994,scrambled_array_coordinate
scrambled,15,42,18,-0.057351671447882745,scrambled_array_coordinate
scrambled,19,42,18,0.058073881710930725,scrambled_array_coordinate
scrambled,20,42,18,-0.040211465643620624,scrambled_array_coordinate
scrambled,23,42,18,-0.047727983782205601,scrambled_array_coordinate
scrambled,24,42,18,0.045122864371110391,scrambled_array_coordinate
scrambled,26,42,18,0.049258716885789859,scrambled_array_coordinate
scrambled,39,42,18,-0.039587754745627285,scrambled_array_coordinate
scrambled,44,42,18,-0.045410594666913329,scrambled_array_coordinate
scrambled,48,42,18,-0.036310201141974446,scrambled_array_coordinate
scrambled,3,43,18,0.037968586482660119,scrambled_array_coordinate
scrambled,4,43,18,-0.042928312995409793,scrambled_array_coordinate
scrambled,7,43,18,0.04200533958678436,scrambled_array_coordinate
scrambled,8,43,18,-0.054372320147167967,scrambled_array_coordinate
scrambled,10,43,18,0.04175681916921975,scrambled_array_coordinate
scrambled,11,43,18,0.055269703675007352,scrambled_array_coordinate
scrambled,13,43,18,-0.067064823663452858,scrambled_array_coordinate
scrambled,17,43,18,-0.063637132802754903,scrambled_array_coordinate
scrambled,20,43,18,-0.081646005499000487,scrambled_array_coordinate
scrambled,22,43,18,0.08699283228368021,scrambled_array_coordinate
scrambled,23,43,18,0.039395269622414263,scrambled_array_coordinate
scrambled,25,43,18,-0.10007261690661427,scrambled_array_coordinate
scrambled,29,43,18,0.041200751436356604,scrambled_array_coordinate
scrambled,30,43,18,-0.062113960181918275,scrambled_array_coordinate
scrambled,33,43,18,0.05026611208698608,scrambled_array_coordinate
scrambled,36,43,18,0.03586345772303564,scrambled_array_coordinate
scrambled,41,43,18,0.036409251036965636,scrambled_array_coordinate
scrambled,44,43,18,0.040601846010934521,scrambled_array_coordinate
scrambled,49,43,18,-0.042053783150452821,scrambled_array_coordinate
scrambled,1,44,18,-0.056993986201283958,scrambled_array_coordinate
scrambled,6,44,18,-0.094977823047622395,scrambled_array_coordinate
scrambled,10,44,18,0.11504874335095207,scrambled_array_coordinate
scrambled,11,44,18,0.038204461222175204,scrambled_array_coordinate
scrambled,15,44,18,-0.087032511124740419,scrambled_array_coordinate
scrambled,18,44,18,0.082522719622373925,scrambled_array_coordinate
scrambled,21,44,18,0.069650772962384006,scrambled_array_coordinate
scrambled,23,44,18,-0.087292597391276344,scrambled_array_coordinate
scrambled,24,44,18,0.053499117116959018,scrambled_array_coordinate
scrambled,26,44,18,0.078470147487674266,scrambled_array_coordinate
scrambled,27,44,18,-0.066198405084156919,scrambled_array_coordinate
scrambled,28,44,18,-0.094602024169551296,scrambled_array_coordinate
scrambled,29,44,18,0.09600678376326352,scrambled_array_coordinate
scrambled,30,44,18,-0.047135803572348881,scrambled_array_coordinate
scrambled,33,44,18,-0.044988633842830798,scrambled_array_coordinate
scrambled,37,44,18,-0.056454478376121081,scrambled_array_coordinate
scrambled,38,44,18,0.040800582835423843,scrambled_array_coordinate
scrambled,39,44,18,-0.044590921211309004,scrambled_array_coordinate
scrambled,46,44,18,-0.078269834847568526,scrambled_array_coordinate
scrambled,0,45,18,0.044778185815007386,scrambled_array_coordinate
scrambled,1,45,18,0.099057269522015642,scrambled_array_coordinate
scrambled,4,45,18,0.040777161529699214,scrambled_array_coordinate
scrambled,5,45,18,-0.040792880338884029,scrambled_array_coordinate
scrambled,6,45,18,-0.035996265680988009,scrambled_array_coordinate
scrambled,7,45,18,-0.036471174268971208,scrambled_array_coordinate
scrambled,14,45,18,0.049581725829527419,scrambled_array_coordinate
scrambled,15,45,18,0.040598167700268091,scrambled_array_coordinate
scrambled,20,45,18,0.046214063602968224,scrambled_array_coordinate
scrambled,23,45,18,0.043866792364304089,scrambled_array_coordinate
scrambled,25,45,18,0.042278951803544455,scrambled_array_coordinate
scrambled,29,45,18,0.039834053946995768,scrambled_array_coordinate
scrambled,36,45,18,-0.054173842316413416,scrambled_array_coordinate
scrambled,40,45,18,-0.052941396443366977,scrambled_array_coordinate
scrambled,41,45,18,0.08777768700698145,scrambled_array_coordinate
scrambled,42,45,18,0.053871681799123702,scrambled_array_coordinate
scrambled,44,45,18,0.069350427530549236,scrambled_array_coordinate
scrambled,46,45,18,-0.098481900490841837,scrambled_array_coordinate
scrambled,49,45,18,-0.049114140246438398,scrambled_array_coordinate
scrambled,6,46,18,-0.04378959705839832,scrambled_array_coordinate
scrambled,15,46,18,-0.047351877337043914,scrambled_array_coordinate
scrambled,21,46,18,0.036475559197584558,scrambled_array_coordinate
scrambled,23,46,18,-0.037207308546470967,scrambled_array_coordinate
scrambled,28,46,18,-0.036754514600413069,scrambled_array_coordinate
scrambled,30,46,18,-0.03667611985075829,scrambled_array_coordinate
scrambled,33,46,18,-0.036508139632269052,scrambled_array_coordinate
scrambled,39,46,18,-0.037584832370852229,scrambled_array_coordinate
scrambled,40,46,18,0.046084969582939415,scrambled_array_coordinate
scrambled,46,46,18,-0.060360990267808987,scrambled_array_coordinate
scrambled,0,47,18,-0.039413140337057465,scrambled_array_coordinate
scrambled,6,47,18,0.037516951197367421,scrambled_array_coordinate
scrambled,23,47,18,0.047567915945435475,scrambled_array_coordinate
scrambled,24,47,18,-0.062667335583120973,scrambled_array_coordinate
scrambled,25,47,18,-0.05689352783538263,scrambled_array_coordinate
scrambled,26,47,18,-0.060509096279733554,scrambled_array_coordinate
scrambled,36,47,18,0.046433586160312318,scrambled_array_coordinate
scrambled,39,47,18,0.081458477850577457,scrambled_array_coordinate
scrambled,41,47,18,-0.059129818187348353,scrambled_array_coordinate
scrambled,46,47,18,0.12633224631103546,scrambled_array_coordinate
scrambled,49,47,18,0.062704981320120534,scrambled_array_coordinate
scrambled,9,48,18,-0.038747362210451927,scrambled_array_coordinate
scrambled,15,48,18,0.047967821524995354,scrambled_array_coordinate
scrambled,20,48,18,0.067436990317975815,scrambled_array_coordinate
scrambled,24,48,18,-0.039452620173753943,scrambled_array_coordinate
scrambled,28,48,18,0.035952629086001796,scrambled_array_coordinate
scrambled,29,48,18,-0.052637701069325138,scrambled_array_coordinate
scrambled,30,48,18,0.074452685134316729,scrambled_array_coordinate
scrambled,38,48,18,0.040397650598611529,scrambled_array_coordinate
scrambled,46,48,18,0.065829210749981826,scrambled_array_coordinate
scrambled,47,48,18,-0.064100787662358188,scrambled_array_coordinate
scrambled,48,48,18,0.036943888376398025,scrambled_array_coordinate
scrambled,13,49,18,0.037061899387918137,scrambled_array_coordinate
scrambled,21,49,18,0.049053133640921925,scrambled_array_coordinate
scrambled,30,49,18,-0.047224070663916838,scrambled_array_coordinate
scrambled,40,49,18,0.054423229433564646,scrambled_array_coordinate
scrambled,36,1,19,0.04023192573950321,scrambled_array_coordinate
scrambled,0,4,19,-0.038136087389605382,scrambled_array_coordinate
scrambled,41,4,19,-0.038898553235046346,scrambled_array_coordinate
scrambled,3,6,19,0.036286174637632153,scrambled_array_coordinate
scrambled,22,6,19,0.037354150903116112,scrambled_array_coordinate
scrambled,26,6,19,0.037034716667214709,scrambled_array_coordinate
scrambled,29,6,19,0.03860056944032058,scrambled_array_coordinate
scrambled,0,8,19,-0.047154936833577403,scrambled_array_coordinate
scrambled,3,8,19,-0.036801455673622807,scrambled_array_coordinate
scrambled,9,8,19,0.04105156328540234,scrambled_array_coordinate
scrambled,15,8,19,-0.043322252242602666,scrambled_array_coordinate
scrambled,22,8,19,-0.058961923545261204,scrambled_array_coordinate
scrambled,27,8,19,0.040438629722782005,scrambled_array_coordinate
scrambled,28,8,19,-0.038451843286220366,scrambled_array_coordinate
scrambled,41,8,19,-0.079001935381017976,scrambled_array_coordinate
scrambled,43,8,19,0.047730933149309832,scrambled_array_coordinate
scrambled,3,9,19,0.039134259731020152,scrambled_array_coordinate
scrambled,13,10,19,-0.046019595987025222,scrambled_array_coordinate
scrambled,1,12,19,-0.041470861392116906,scrambled_array_coordinate
scrambled,13,12,19,-0.038704344356717338,scrambled_array_coordinate
scrambled,15,12,19,-0.03597025206055194,scrambled_array_coordinate
scrambled,22,12,19,-0.036535788950241128,scrambled_array_coordinate
scrambled,13,16,19,-0.036391872100697047,scrambled_array_coordinate
scrambled,1,17,19,0.039142274382643991,scrambled_array_coordinate
scrambled,13,17,19,0.047679892524031126,scrambled_array_coordinate
scrambled,25,17,19,0.051974283208169152,scrambled_array_coordinate
scrambled,46,19,19,-0.038286950198923413,scrambled_array_coordinate
scrambled,0,20,19,-0.03618209137959396,scrambled_array_coordinate
scrambled,0,21,19,-0.040218483148747805,scrambled_array_coordinate
scrambled,6,21,19,0.038909435146683456,scrambled_array_coordinate
scrambled,18,21,19,-0.046565164571944657,scrambled_array_coordinate
scrambled,22,21,19,-0.040609570396556965,scrambled_array_coordinate
scrambled,25,21,19,0.06333192031257405,scrambled_array_coordinate
scrambled,41,21,19,-0.044124606615078332,scrambled_array_coordinate
scrambled,48,21,19,0.047997298750913769,scrambled_array_coordinate
scrambled,30,24,19,-0.047363908166899886,scrambled_array_coordinate
scrambled,6,27,19,0.037502752036654055,scrambled_array_coordinate
scrambled,30,27,19,0.041292747508672831,scrambled_array_coordinate
scrambled,46,30,19,-0.04617456986625932,scrambled_array_coordinate
scrambled,8,31,19,-0.04491754702553321,scrambled_array_coordinate
scrambled,24,31,19,0.042157772675238382,scrambled_array_coordinate
scrambled,36,31,19,-0.037557709679309048,scrambled_array_coordinate
scrambled,13,34,19,-0.038548996381403682,scrambled_array_coordinate
scrambled,25,34,19,-0.038573906196052693,scrambled_array_coordinate
scrambled,26,34,19,0.046637438574085144,scrambled_array_coordinate
scrambled,46,34,19,0.042626518793403949,scrambled_array_coordinate
scrambled,46,36,19,-0.049607733532800631,scrambled_array_coordinate
scrambled,3,39,19,-0.040743938529773246,scrambled_array_coordinate
scrambled,36,39,19,-0.046453541071755665,scrambled_array_coordinate
scrambled,46,39,19,-0.06605559956238112,scrambled_array_coordinate
scrambled,49,39,19,-0.043023077479208582,scrambled_array_coordinate
scrambled,22,40,19,0.043843965944257338,scrambled_array_coordinate
scrambled,46,42,19,0.041676823857005024,scrambled_array_coordinate
scrambled,1,43,19,-0.045701437216777413,scrambled_array_coordinate
scrambled,36,44,19,-0.039987400406162436,scrambled_array_coordinate
scrambled,10,47,19,0.03876040985198153,scrambled_array_coordinate
scrambled,13,47,19,-0.039117807276631507,scrambled_array_coordinate
scrambled,16,47,19,0.039432838915470086,scrambled_array_coordinate
scrambled,26,47,19,0.038394561286526546,scrambled_array_coordinate
scrambled,30,47,19,0.035829279284649872,scrambled_array_coordinate
scrambled,41,47,19,0.037327545484400711,scrambled_array_coordinate
scrambled,8,0,20,-0.038859371287105308,scrambled_array_coordinate
scrambled,30,0,20,-0.036389807742293563,scrambled_array_coordinate
scrambled,14,1,20,-0.040014221586110538,scrambled_array_coordinate
scrambled,20,1,20,-0.043998364060921495,scrambled_array_coordinate
scrambled,29,1,20,-0.043179216751197354,scrambled_array_coordinate
scrambled,35,1,20,-0.042924415393167749,scrambled_array_coordinate
scrambled,39,1,20,-0.037960080584194679,scrambled_array_coordinate
scrambled,40,1,20,0.04208636147301751,scrambled_array_coordinate
scrambled,40,2,20,0.043885993139443545,scrambled_array_coordinate
scrambled,46,2,20,-0.042877768933867237,scrambled_array_coordinate
scrambled,39,3,20,0.037711235965900612,scrambled_array_coordinate
scrambled,11,4,20,-0.043089710879839052,scrambled_array_coordinate
scrambled,13,4,20,-0.052053168355795584,scrambled_array_coordinate
scrambled,20,4,20,0.06137133449522042,scrambled_array_coordinate
scrambled,40,4,20,-0.056801218032333053,scrambled_array_coordinate
scrambled,49,6,20,-0.038238817379237455,scrambled_array_coordinate
scrambled,15,8,20,0.041149518132592516,scrambled_array_coordinate
scrambled,20,8,20,0.040991863478021175,scrambled_array_coordinate
scrambled,8,10,20,0.043068053230045068,scrambled_array_coordinate
scrambled,13,10,20,0.036163005913760086,scrambled_array_coordinate
scrambled,10,11,20,-0.043188747503133909,scrambled_array_coordinate
scrambled,15,11,20,0.037665823025657054,scrambled_array_coordinate
scrambled,22,11,20,0.041746458565891306,scrambled_array_coordinate
scrambled,26,11,20,-0.036110777422701676,scrambled_array_coordinate
scrambled,25,12,20,-0.037397315609045551,scrambled_array_coordinate
scrambled,23,13,20,-0.037928254376375967,scrambled_array_coordinate
scrambled,25,13,20,0.043313845793276247,scrambled_array_coordinate
scrambled,11,14,20,0.037518801369544788,scrambled_array_coordinate
scrambled,20,14,20,-0.061796940894729722,scrambled_array_coordinate
scrambled,25,14,20,-0.051597339977823189,scrambled_array_coordinate
scrambled,6,15,20,-0.03707425474772124,scrambled_array_coordinate
scrambled,18,15,20,0.038618358668515651,scrambled_array_coordinate
scrambled,22,15,20,-0.062530757802386705,scrambled_array_coordinate
scrambled,26,15,20,0.036938987775569497,scrambled_array_coordinate
scrambled,46,15,20,-0.03948903309691152,scrambled_array_coordinate
scrambled,1,16,20,0.048248419940848726,scrambled_array_coordinate
scrambled,8,16,20,0.041299616137727493,scrambled_array_coordinate
scrambled,20,16,20,0.084933253561587471,scrambled_array_coordinate
scrambled,25,16,20,0.039802703687098623,scrambled_array_coordinate
scrambled,30,16,20,0.042506259600820745,scrambled_array_coordinate
scrambled,13,17,20,-0.0398989150257913,scrambled_array_coordinate
scrambled,20,17,20,0.043722866600034313,scrambled_array_coordinate
scrambled,30,17,20,0.043702446078114326,scrambled_array_coordinate
scrambled,40,17,20,-0.050756944338085294,scrambled_array_coordinate
scrambled,20,18,20,-0.082305129214224407,scrambled_array_coordinate
scrambled,13,19,20,0.054532478874337292,scrambled_array_coordinate
scrambled,40,19,20,0.036221637950711684,scrambled_array_coordinate
scrambled,1,20,20,0.047440837088620388,scrambled_array_coordinate
scrambled,5,21,20,0.037281142970628678,scrambled_array_coordinate
scrambled,18,21,20,0.035831960141718119,scrambled_array_coordinate
scrambled,25,21,20,-0.05746798850378624,scrambled_array_coordinate
scrambled,36,21,20,0.040570556334631191,scrambled_array_coordinate
scrambled,46,21,20,0.046183492514360165,scrambled_array_coordinate
scrambled,1,23,20,-0.043686345679858594,scrambled_array_coordinate
scrambled,36,23,20,0.04583406005900726,scrambled_array_coordinate
scrambled,41,23,20,-0.039626323566348057,scrambled_array_coordinate
scrambled,46,23,20,0.03821310571112347,scrambled_array_coordinate
scrambled,20,24,20,0.045853002884289548,scrambled_array_coordinate
scrambled,22,24,20,-0.057197719743425829,scrambled_array_coordinate
scrambled,23,24,20,-0.041813915244180697,scrambled_array_coordinate
scrambled,26,24,20,0.054975089660039826,scrambled_array_coordinate
scrambled,13,25,20,0.044871520034677606,scrambled_array_coordinate
scrambled,25,26,20,-0.054823890566793168,scrambled_array_coordinate
scrambled,30,26,20,0.037619553106551788,scrambled_array_coordinate
scrambled,38,26,20,0.041281836614041674,scrambled_array_coordinate
scrambled,46,26,20,0.046508931048280328,scrambled_array_coordinate
scrambled,1,29,20,-0.035959677513923823,scrambled_array_coordinate
scrambled,8,29,20,-0.039434149855681271,scrambled_array_coordinate
scrambled,20,29,20,-0.03904345728391341,scrambled_array_coordinate
scrambled,30,29,20,-0.055998247689927019,scrambled_array_coordinate
scrambled,13,30,20,0.041268470323906938,scrambled_array_coordinate
scrambled,18,30,20,-0.03934526446009063,scrambled_array_coordinate
scrambled,22,30,20,0.056848174030917915,scrambled_array_coordinate
scrambled,25,31,20,-0.036198923905685708,scrambled_array_coordinate
scrambled,33,31,20,-0.036351564464548229,scrambled_array_coordinate
scrambled,35,31,20,0.038787688440757501,scrambled_array_coordinate
scrambled,20,33,20,-0.056797171409292767,scrambled_array_coordinate
scrambled,40,33,20,0.041068216120417299,scrambled_array_coordinate
scrambled,14,34,20,0.041453868546955902,scrambled_array_coordinate
scrambled,20,34,20,0.037461140739211356,scrambled_array_coordinate
scrambled,25,34,20,0.063618276410058155,scrambled_array_coordinate
scrambled,46,34,20,-0.06740099214483318,scrambled_array_coordinate
scrambled,39,35,20,-0.03774956702985266,scrambled_array_coordinate
scrambled,40,35,20,0.042945378944817487,scrambled_array_coordinate
scrambled,46,35,20,-0.049633601354781211,scrambled_array_coordinate
scrambled,41,36,20,0.037555996871278884,scrambled_array_coordinate
scrambled,18,38,20,-0.042012736360296184,scrambled_array_coordinate
scrambled,1,39,20,-0.040783565403608259,scrambled_array_coordinate
scrambled,23,39,20,-0.036792469310399693,scrambled_array_coordinate
scrambled,1,41,20,-0.036992042925396623,scrambled_array_coordinate
scrambled,18,41,20,0.036316388392966803,scrambled_array_coordinate
scrambled,22,41,20,-0.044472962792696073,scrambled_array_coordinate
scrambled,25,41,20,-0.038028741951900147,scrambled_array_coordinate
scrambled,26,41,20,0.036023072615484278,scrambled_array_coordinate
scrambled,31,41,20,0.041427095104268702,scrambled_array_coordinate
scrambled,48,41,20,-0.038491612039667014,scrambled_array_coordinate
scrambled,1,42,20,0.044787107837273528,scrambled_array_coordinate
scrambled,23,42,20,0.039489594947271896,scrambled_array_coordinate
scrambled,30,42,20,0.059644995571196513,scrambled_array_coordinate
scrambled,32,42,20,-0.038573199788524408,scrambled_array_coordinate
scrambled,36,42,20,-0.043851134971436487,scrambled_array_coordinate
scrambled,1,43,20,0.049777225307111185,scrambled_array_coordinate
scrambled,2,43,20,-0.038221036325785114,scrambled_array_coordinate
scrambled,4,43,20,0.039797995608671345,scrambled_array_coordinate
scrambled,7,43,20,-0.041274572743120401,scrambled_array_coordinate
scrambled,9,43,20,-0.036194502764240258,scrambled_array_coordinate
scrambled,13,43,20,0.056828230976577528,scrambled_array_coordinate
scrambled,14,43,20,-0.039510159896157207,scrambled_array_coordinate
scrambled,25,43,20,0.038867927542750327,scrambled_array_coordinate
scrambled,40,43,20,0.037787933639383597,scrambled_array_coordinate
scrambled,42,43,20,0.057955542582791064,scrambled_array_coordinate
scrambled,27,44,20,-0.044994787918805755,scrambled_array_coordinate
scrambled,31,44,20,-0.041455290859914916,scrambled_array_coordinate
scrambled,13,45,20,-0.040391921975518226,scrambled_array_coordinate
scrambled,25,45,20,-0.042556008875529891,scrambled_array_coordinate
scrambled,49,45,20,-0.037687456615650206,scrambled_array_coordinate
scrambled,40,46,20,0.036920422180395672,scrambled_array_coordinate
scrambled,13,47,20,0.039056297506351804,scrambled_array_coordinate
scrambled,46,47,20,0.038306033933961571,scrambled_array_coordinate
scrambled,49,47,20,0.045766164062987585,scrambled_array_coordinate
scrambled,13,48,20,0.039435436525281434,scrambled_array_coordinate
scrambled,13,49,20,0.039501339282730336,scrambled_array_coordinate
scrambled,25,49,20,0.041658075909492852,scrambled_array_coordinate
scrambled,0,0,21,-0.05765557856573636,scrambled_array_coordinate
scrambled,1,0,21,-0.043160924851139398,scrambled_array_coordinate
scrambled,2,0,21,0.056354484827967344,scrambled_array_coordinate
scrambled,8,0,21,-0.048873377116969575,scrambled_array_coordinate
scrambled,24,0,21,-0.038160655611581801,scrambled_array_coordinate
scrambled,25,0,21,-0.047182064423757594,scrambled_array_coordinate
scrambled,27,0,21,-0.038619969677169283,scrambled_array_coordinate
scrambled,33,0,21,0.043651131880780583,scrambled_array_coordinate
scrambled,36,0,21,0.04265116210004341,scrambled_array_coordinate
scrambled,37,0,21,-0.037396452472619426,scrambled_array_coordinate
scrambled,38,0,21,0.037724400710976658,scrambled_array_coordinate
scrambled,39,0,21,0.038927552475934879,scrambled_array_coordinate
scrambled,42,0,21,-0.039337546557253376,scrambled_array_coordinate
scrambled,46,0,21,0.092416500617524155,scrambled_array_coordinate
scrambled,48,0,21,0.044328486239349409,scrambled_array_coordinate
scrambled,2,1,21,0.053171576276066591,scrambled_array_coordinate
scrambled,5,1,21,0.044902241135835387,scrambled_array_coordinate
scrambled,8,1,21,-0.042517612180595826,scrambled_array_coordinate
scrambled,11,1,21,0.040799957548104407,scrambled_array_coordinate
scrambled,12,1,21,0.044768409561201136,scrambled_array_coordinate
scrambled,29,1,21,-0.048201808587443745,scrambled_array_coordinate
scrambled,38,1,21,0.051639207348484643,scrambled_array_coordinate
scrambled,39,1,21,-0.048748145388941684,scrambled_array_coordinate
scrambled,44,1,21,-0.036162318098503288,scrambled_array_coordinate
scrambled,8,2,21,0.050509498548594302,scrambled_array_coordinate
scrambled,11,2,21,-0.037492039308095991,scrambled_array_coordinate
scrambled,20,2,21,0.059911917261663832,scrambled_array_coordinate
scrambled,22,2,21,-0.065829850610366267,scrambled_array_coordinate
scrambled,23,2,21,-0.038718569211091382,scrambled_array_coordinate
scrambled,27,2,21,0.039592275609178287,scrambled_array_coordinate
scrambled,30,2,21,0.036274277292537793,scrambled_array_coordinate
scrambled,32,2,21,0.035792373558877287,scrambled_array_coordinate
scrambled,4,3,21,-0.050791704738716817,scrambled_array_coordinate
scrambled,9,3,21,0.03752661475233831,scrambled_array_coordinate
scrambled,10,3,21,0.048749098267077608,scrambled_array_coordinate
scrambled,11,3,21,-0.038991052882023494,scrambled_array_coordinate
scrambled,13,3,21,-0.05809283283955493,scrambled_array_coordinate
scrambled,30,3,21,-0.035917512066126138,scrambled_array_coordinate
scrambled,47,3,21,0.042550478138971656,scrambled_array_coordinate
scrambled,1,4,21,-0.06553904641020665,scrambled_array_coordinate
scrambled,8,4,21,0.059609194914451526,scrambled_array_coordinate
scrambled,11,4,21,-0.086273879172971232,scrambled_array_coordinate
scrambled,20,4,21,0.036044663080400996,scrambled_array_coordinate
scrambled,22,4,21,-0.080384435063097726,scrambled_array_coordinate
scrambled,24,4,21,-0.036503949927107489,scrambled_array_coordinate
scrambled,31,4,21,0.071327449371771545,scrambled_array_coordinate
scrambled,37,4,21,-0.048853747601656679,scrambled_array_coordinate
scrambled,41,4,21,-0.046596515190550199,scrambled_array_coordinate
scrambled,46,4,21,0.084882827236082453,scrambled_array_coordinate
scrambled,49,4,21,0.071028360425693424,scrambled_array_coordinate
scrambled,1,5,21,0.040860818092255613,scrambled_array_coordinate
scrambled,25,5,21,0.03585746521422771,scrambled_array_coordinate
scrambled,36,5,21,-0.037994573832492683,scrambled_array_coordinate
scrambled,4,6,21,-0.041375206485119213,scrambled_array_coordinate
scrambled,11,6,21,-0.037414196264639724,scrambled_array_coordinate
scrambled,13,6,21,-0.03593563382623291,scrambled_array_coordinate
scrambled,22,6,21,-0.052056458369901526,scrambled_array_coordinate
scrambled,1,7,21,-0.064763344484065385,scrambled_array_coordinate
scrambled,7,7,21,0.039847736700775099,scrambled_array_coordinate
scrambled,25,7,21,-0.053988520966350775,scrambled_array_coordinate
scrambled,34,7,21,-0.039405936345184273,scrambled_array_coordinate
scrambled,47,7,21,-0.037310026764703352,scrambled_array_coordinate
scrambled,1,8,21,0.047614732345513319,scrambled_array_coordinate
scrambled,7,8,21,-0.042295167855800349,scrambled_array_coordinate
scrambled,20,8,21,0.05010071318827191,scrambled_array_coordinate
scrambled,21,8,21,0.039763013263138351,scrambled_array_coordinate
scrambled,22,8,21,-0.04753028093740478,scrambled_array_coordinate
scrambled,25,8,21,0.077935414870323322,scrambled_array_coordinate
scrambled,42,8,21,0.047757389591721017,scrambled_array_coordinate
scrambled,49,8,21,0.039961214141440861,scrambled_array_coordinate
scrambled,23,9,21,-0.037678209939116691,scrambled_array_coordinate
scrambled,46,9,21,0.035936952815513547,scrambled_array_coordinate
scrambled,0,10,21,0.035961388048224616,scrambled_array_coordinate
scrambled,2,10,21,-0.049128245511522908,scrambled_array_coordinate
scrambled,5,10,21,-0.04966241939019328,scrambled_array_coordinate
scrambled,12,10,21,-0.03951318916928024,scrambled_array_coordinate
scrambled,24,10,21,0.042944668797649847,scrambled_array_coordinate
scrambled,29,10,21,0.075170458497460582,scrambled_array_coordinate
scrambled,36,10,21,-0.065454115681264441,scrambled_array_coordinate
scrambled,38,10,21,-0.059847344951582754,scrambled_array_coordinate
scrambled,41,10,21,0.092658121121223333,scrambled_array_coordinate
scrambled,42,10,21,0.041821469573800049,scrambled_array_coordinate
scrambled,44,10,21,0.047321898872956437,scrambled_array_coordinate
scrambled,46,10,21,-0.14106891261359253,scrambled_array_coordinate
scrambled,47,10,21,0.049867771344217694,scrambled_array_coordinate
scrambled,48,10,21,-0.047018493914570553,scrambled_array_coordinate
scrambled,1,11,21,0.059340754245059649,scrambled_array_coordinate
scrambled,8,11,21,-0.045395125664141486,scrambled_array_coordinate
scrambled,10,11,21,-0.064523806814079626,scrambled_array_coordinate
scrambled,11,11,21,0.05307830886739847,scrambled_array_coordinate
scrambled,18,11,21,-0.051410657259795524,scrambled_array_coordinate
scrambled,19,11,21,-0.043199010974948597,scrambled_array_coordinate
scrambled,20,11,21,-0.038611489011181062,scrambled_array_coordinate
scrambled,22,11,21,0.062606727631257672,scrambled_array_coordinate
scrambled,23,11,21,0.047267270677210281,scrambled_array_coordinate
scrambled,26,11,21,-0.055417849884094698,scrambled_array_coordinate
scrambled,31,11,21,-0.048119210163365914,scrambled_array_coordinate
scrambled,48,11,21,0.049186997165079238,scrambled_array_coordinate
scrambled,1,12,21,-0.04143205614516908,scrambled_array_coordinate
scrambled,5,12,21,0.037358812925959453,scrambled_array_coordinate
scrambled,11,12,21,0.043742428633799804,scrambled_array_coordinate
scrambled,25,12,21,-0.045606825116177918,scrambled_array_coordinate
scrambled,36,12,21,0.037511777525502776,scrambled_array_coordinate
scrambled,38,12,21,0.042873991314319848,scrambled_array_coordinate
scrambled,46,12,21,0.03928416538015727,scrambled_array_coordinate
scrambled,47,12,21,-0.038375672329371072,scrambled_array_coordinate
scrambled,8,13,21,0.06670446424734576,scrambled_array_coordinate
scrambled,10,13,21,-0.055736284867730294,scrambled_array_coordinate
scrambled,11,13,21,-0.037042118346522032,scrambled_array_coordinate
scrambled,20,13,21,0.09683792817548266,scrambled_array_coordinate
scrambled,22,13,21,-0.083880359090186263,scrambled_array_coordinate
scrambled,23,13,21,-0.059229796787647733,scrambled_array_coordinate
scrambled,25,13,21,0.040850079740863431,scrambled_array_coordinate
scrambled,27,13,21,0.055847399091490973,scrambled_array_coordinate
scrambled,30,13,21,0.038459916907803975,scrambled_array_coordinate
scrambled,31,13,21,0.036985151371679514,scrambled_array_coordinate
scrambled,32,13,21,0.037237809076384555,scrambled_array_coordinate
scrambled,41,13,21,-0.039113046796315228,scrambled_array_coordinate
scrambled,48,13,21,-0.04379167297051581,scrambled_array_coordinate
scrambled,49,13,21,0.03819651139654387,scrambled_array_coordinate
scrambled,0,14,21,-0.043161177346771371,scrambled_array_coordinate
scrambled,8,14,21,-0.053737309643396437,scrambled_array_coordinate
scrambled,11,14,21,0.064889718602181887,scrambled_array_coordinate
scrambled,20,14,21,-0.041097371278964213,scrambled_array_coordinate
scrambled,22,14,21,0.048798834325813813,scrambled_array_coordinate
scrambled,25,14,21,-0.041592088733633639,scrambled_array_coordinate
scrambled,31,14,21,-0.041192489533481841,scrambled_array_coordinate
scrambled,38,14,21,0.037860576042272699,scrambled_array_coordinate
scrambled,48,14,21,0.036079149906731632,scrambled_array_coordinate
scrambled,8,15,21,0.059338236697344983,scrambled_array_coordinate
scrambled,11,15,21,-0.042459274183216253,scrambled_array_coordinate
scrambled,18,15,21,0.046853879587141913,scrambled_array_coordinate
scrambled,20,15,21,0.091402090503188857,scrambled_array_coordinate
scrambled,22,15,21,-0.10941424718816005,scrambled_array_coordinate
scrambled,23,15,21,-0.04583914706144912,scrambled_array_coordinate
scrambled,25,15,21,0.046265701260301759,scrambled_array_coordinate
scrambled,27,15,21,0.040495171055713854,scrambled_array_coordinate
scrambled,30,15,21,0.043785321219997161,scrambled_array_coordinate
scrambled,31,15,21,0.047925386665042993,scrambled_array_coordinate
scrambled,42,15,21,0.04183786627919521,scrambled_array_coordinate
scrambled,48,15,21,-0.036437818212458492,scrambled_array_coordinate
scrambled,0,16,21,0.067023748351450987,scrambled_array_coordinate
scrambled,1,16,21,0.067951194250554001,scrambled_array_coordinate
scrambled,7,16,21,-0.045878152916168181,scrambled_array_coordinate
scrambled,8,16,21,0.044928013843970674,scrambled_array_coordinate
scrambled,13,16,21,0.054580220493792311,scrambled_array_coordinate
scrambled,20,16,21,0.080518076585850917,scrambled_array_coordinate
scrambled,22,16,21,-0.065553584017542479,scrambled_array_coordinate
scrambled,25,16,21,0.10803304940978004,scrambled_array_coordinate
scrambled,30,16,21,0.050777869004965726,scrambled_array_coordinate
scrambled,42,16,21,0.066301390319654277,scrambled_array_coordinate
scrambled,46,16,21,-0.074633566782013924,scrambled_array_coordinate
scrambled,35,17,21,-0.043183884865967186,scrambled_array_coordinate
scrambled,38,17,21,0.038309358111788386,scrambled_array_coordinate
scrambled,41,17,21,-0.054483662575252868,scrambled_array_coordinate
scrambled,42,17,21,0.037118532234152582,scrambled_array_coordinate
scrambled,43,17,21,0.041891129499448114,scrambled_array_coordinate
scrambled,0,18,21,-0.049201298803265028,scrambled_array_coordinate
scrambled,2,18,21,0.03763593109786828,scrambled_array_coordinate
scrambled,4,18,21,-0.075705336651545663,scrambled_array_coordinate
scrambled,5,18,21,0.039077865859537646,scrambled_array_coordinate
scrambled,9,18,21,0.047243064914476066,scrambled_array_coordinate
scrambled,10,18,21,-0.038576402439161203,scrambled_array_coordinate
scrambled,11,18,21,-0.040190855869969379,scrambled_array_coordinate
scrambled,13,18,21,-0.038336804738733431,scrambled_array_coordinate
scrambled,18,18,21,-0.037299277502075644,scrambled_array_coordinate
scrambled,20,18,21,-0.05468173703893283,scrambled_array_coordinate
scrambled,29,18,21,-0.039591971364931991,scrambled_array_coordinate
scrambled,42,18,21,-0.058123207209011971,scrambled_array_coordinate
scrambled,46,18,21,0.083099135893402301,scrambled_array_coordinate
scrambled,47,18,21,0.042379055682583204,scrambled_array_coordinate
scrambled,1,19,21,0.040474519794933467,scrambled_array_coordinate
scrambled,9,19,21,-0.038310721097003071,scrambled_array_coordinate
scrambled,13,19,21,0.042733496299471076,scrambled_array_coordinate
scrambled,25,19,21,0.038225656799100019,scrambled_array_coordinate
scrambled,36,19,21,-0.044453660685013392,scrambled_array_coordinate
scrambled,41,19,21,0.060342733495566674,scrambled_array_coordinate
scrambled,46,19,21,-0.057948825559097035,scrambled_array_coordinate
scrambled,29,20,21,-0.036541183444922846,scrambled_array_coordinate
scrambled,38,20,21,0.041397648549050939,scrambled_array_coordinate
scrambled,4,21,21,-0.043825684956695588,scrambled_array_coordinate
scrambled,5,21,21,0.053571633287598987,scrambled_array_coordinate
scrambled,9,21,21,0.04425747309557345,scrambled_array_coordinate
scrambled,11,21,21,0.048832626425560875,scrambled_array_coordinate
scrambled,33,21,21,0.037278016005437002,scrambled_array_coordinate
scrambled,36,21,21,0.037769873493405021,scrambled_array_coordinate
scrambled,38,21,21,0.058694225537565918,scrambled_array_coordinate
scrambled,41,21,21,-0.050598190269045586,scrambled_array_coordinate
scrambled,46,21,21,0.041416711084319949,scrambled_array_coordinate
scrambled,49,21,21,0.039049901827727454,scrambled_array_coordinate
scrambled,2,22,21,0.038873250249116136,scrambled_array_coordinate
scrambled,3,22,21,0.041876855744540746,scrambled_array_coordinate
scrambled,4,22,21,-0.05278248726046441,scrambled_array_coordinate
scrambled,5,22,21,0.041520353632432075,scrambled_array_coordinate
scrambled,7,22,21,0.035984164720505307,scrambled_array_coordinate
scrambled,36,22,21,0.040741808693997898,scrambled_array_coordinate
scrambled,42,22,21,-0.044692113863340099,scrambled_array_coordinate
scrambled,1,23,21,0.037994184656914252,scrambled_array_coordinate
scrambled,8,23,21,-0.03797570050955365,scrambled_array_coordinate
scrambled,25,23,21,0.045374324834130085,scrambled_array_coordinate
scrambled,40,23,21,0.038801954107041146,scrambled_array_coordinate
scrambled,46,23,21,-0.038127837133049722,scrambled_array_coordinate
scrambled,49,23,21,-0.044213138332140252,scrambled_array_coordinate
scrambled,0,24,21,0.041808608446929546,scrambled_array_coordinate
scrambled,2,24,21,-0.043213009745975722,scrambled_array_coordinate
scrambled,6,24,21,-0.0618586183016945,scrambled_array_coordinate
scrambled,8,24,21,0.043764639716575689,scrambled_array_coordinate
scrambled,18,24,21,0.077457664584638944,scrambled_array_coordinate
scrambled,20,24,21,0.048414945441325179,scrambled_array_coordinate
scrambled,21,24,21,0.039932207079038391,scrambled_array_coordinate
scrambled,22,24,21,-0.062029602597945134,scrambled_array_coordinate
scrambled,23,24,21,-0.066197710936725981,scrambled_array_coordinate
scrambled,24,24,21,0.086244284717887754,scrambled_array_coordinate
scrambled,26,24,21,0.083637243732733971,scrambled_array_coordinate
scrambled,28,24,21,-0.045911965196783602,scrambled_array_coordinate
scrambled,29,24,21,0.072511710968403767,scrambled_array_coordinate
scrambled,32,24,21,0.049794973750260825,scrambled_array_coordinate
scrambled,33,24,21,-0.04992728290967003,scrambled_array_coordinate
scrambled,39,24,21,-0.043134897900462058,scrambled_array_coordinate
scrambled,40,24,21,-0.043331893162925204,scrambled_array_coordinate
scrambled,41,24,21,0.035768363326748695,scrambled_array_coordinate
scrambled,42,24,21,0.056159573401584124,scrambled_array_coordinate
scrambled,46,24,21,-0.11201474572264145,scrambled_array_coordinate
scrambled,47,24,21,0.048079582932564466,scrambled_array_coordinate
scrambled,48,24,21,-0.084239122859214199,scrambled_array_coordinate
scrambled,1,25,21,0.060720357597227957,scrambled_array_coordinate
scrambled,7,25,21,-0.04357588286753649,scrambled_array_coordinate
scrambled,9,25,21,-0.043739776510678806,scrambled_array_coordinate
scrambled,25,25,21,0.052786458136664979,scrambled_array_coordinate
scrambled,30,25,21,0.040255159935138583,scrambled_array_coordinate
scrambled,40,25,21,0.040758838713189138,scrambled_array_coordinate
scrambled,48,25,21,0.035763401704730302,scrambled_array_coordinate
scrambled,0,26,21,0.043254852656785754,scrambled_array_coordinate
scrambled,3,26,21,0.035868751295259023,scrambled_array_coordinate
scrambled,18,26,21,-0.035819361237877427,scrambled_array_coordinate
scrambled,24,26,21,-0.050582866460149145,scrambled_array_coordinate
scrambled,28,26,21,0.036453378769271162,scrambled_array_coordinate
scrambled,29,26,21,-0.056777063513627636,scrambled_array_coordinate
scrambled,40,26,21,0.037682108559979548,scrambled_array_coordinate
scrambled,47,26,21,-0.051452786914868251,scrambled_array_coordinate
scrambled,48,26,21,0.045341660387082837,scrambled_array_coordinate
scrambled,49,26,21,-0.036299334409797893,scrambled_array_coordinate
scrambled,1,27,21,0.039488354991073261,scrambled_array_coordinate
scrambled,5,27,21,-0.036348794703204616,scrambled_array_coordinate
scrambled,25,27,21,0.048732426897485484,scrambled_array_coordinate
scrambled,36,27,21,-0.037372735732962639,scrambled_array_coordinate
scrambled,41,27,21,0.046699911504403203,scrambled_array_coordinate
scrambled,46,27,21,-0.053603923024886445,scrambled_array_coordinate
scrambled,1,28,21,0.047363166959564676,scrambled_array_coordinate
scrambled,22,28,21,0.05160101518495043,scrambled_array_coordinate
scrambled,0,29,21,-0.04362799106858254,scrambled_array_coordinate
scrambled,8,29,21,-0.0445926499816977,scrambled_array_coordinate
scrambled,10,29,21,0.041370097994668786,scrambled_array_coordinate
scrambled,13,29,21,-0.042956900288181769,scrambled_array_coordinate
scrambled,20,29,21,-0.054593472090470101,scrambled_array_coordinate
scrambled,22,29,21,0.053359889609409156,scrambled_array_coordinate
scrambled,25,29,21,-0.053030313440639056,scrambled_array_coordinate
scrambled,27,29,21,-0.040238801418301662,scrambled_array_coordinate
scrambled,29,29,21,0.045396582472024959,scrambled_array_coordinate
scrambled,30,29,21,-0.060011190199628771,scrambled_array_coordinate
scrambled,6,30,21,0.06285006471187489,scrambled_array_coordinate
scrambled,10,30,21,-0.070142868532425226,scrambled_array_coordinate
scrambled,13,30,21,0.050628398702994279,scrambled_array_coordinate
scrambled,18,30,21,-0.048723985197110374,scrambled_array_coordinate
scrambled,22,30,21,0.059541451764051928,scrambled_array_coordinate
scrambled,39,30,21,0.04214049547222732,scrambled_array_coordinate
scrambled,46,30,21,0.063761320143420078,scrambled_array_coordinate
scrambled,0,31,21,0.050829365272920278,scrambled_array_coordinate
scrambled,4,31,21,-0.042346645775432061,scrambled_array_coordinate
scrambled,20,31,21,-0.045053333154502176,scrambled_array_coordinate
scrambled,38,31,21,-0.046359461279452653,scrambled_array_coordinate
scrambled,41,31,21,0.071622741185273522,scrambled_array_coordinate
scrambled,46,31,21,-0.086327477662259941,scrambled_array_coordinate
scrambled,49,31,21,-0.051121527237304974,scrambled_array_coordinate
scrambled,1,32,21,0.043922018030360818,scrambled_array_coordinate
scrambled,4,33,21,-0.04069940558881352,scrambled_array_coordinate
scrambled,20,33,21,-0.038442116217083037,scrambled_array_coordinate
scrambled,22,33,21,0.038418932574875761,scrambled_array_coordinate
scrambled,41,33,21,0.040069011513320263,scrambled_array_coordinate
scrambled,42,33,21,-0.056593138394423405,scrambled_array_coordinate
scrambled,49,33,21,-0.04028190869422333,scrambled_array_coordinate
scrambled,46,34,21,-0.054665307460431363,scrambled_array_coordinate
scrambled,11,35,21,0.041756813307757011,scrambled_array_coordinate
scrambled,2,36,21,-0.042218483166104458,scrambled_array_coordinate
scrambled,6,36,21,0.036340339012692388,scrambled_array_coordinate
scrambled,22,36,21,0.041171476122108121,scrambled_array_coordinate
scrambled,29,36,21,0.042469117498069829,scrambled_array_coordinate
scrambled,39,36,21,0.042804663594580523,scrambled_array_coordinate
scrambled,49,36,21,0.046089529200386288,scrambled_array_coordinate
scrambled,10,37,21,-0.035935372681266953,scrambled_array_coordinate
scrambled,42,37,21,-0.047554170457460139,scrambled_array_coordinate
scrambled,4,38,21,-0.045272350348718675,scrambled_array_coordinate
scrambled,10,38,21,-0.040777784258966401,scrambled_array_coordinate
scrambled,18,38,21,-0.05307916468146201,scrambled_array_coordinate
scrambled,20,38,21,-0.040771421608489081,scrambled_array_coordinate
scrambled,22,38,21,0.059160935949454097,scrambled_array_coordinate
scrambled,42,38,21,-0.039023395542180296,scrambled_array_coordinate
scrambled,1,39,21,-0.06889279614631956,scrambled_array_coordinate
scrambled,10,39,21,0.061906408239691096,scrambled_array_coordinate
scrambled,11,39,21,0.051778351954462516,scrambled_array_coordinate
scrambled,12,39,21,-0.044916662385399167,scrambled_array_coordinate
scrambled,18,39,21,0.054928204127598662,scrambled_array_coordinate
scrambled,19,39,21,0.048628107800608264,scrambled_array_coordinate
scrambled,24,39,21,0.036262518255302731,scrambled_array_coordinate
scrambled,26,39,21,0.044960381575434173,scrambled_array_coordinate
scrambled,29,39,21,0.050274052333034773,scrambled_array_coordinate
scrambled,32,39,21,0.049651437227177617,scrambled_array_coordinate
scrambled,41,39,21,0.068943345827773839,scrambled_array_coordinate
scrambled,43,39,21,-0.043017100343149289,scrambled_array_coordinate
scrambled,46,39,21,-0.076242963829912413,scrambled_array_coordinate
scrambled,5,40,21,-0.039293385496702943,scrambled_array_coordinate
scrambled,9,40,21,-0.038321608482276615,scrambled_array_coordinate
scrambled,24,40,21,-0.050087220903241636,scrambled_array_coordinate
scrambled,27,40,21,-0.038109656755399915,scrambled_array_coordinate
scrambled,28,40,21,0.036861667613195467,scrambled_array_coordinate
scrambled,40,40,21,0.037322706089331248,scrambled_array_coordinate
scrambled,41,40,21,0.04728248756817497,scrambled_array_coordinate
scrambled,49,40,21,-0.040842087691304416,scrambled_array_coordinate
scrambled,0,41,21,-0.036275000554749429,scrambled_array_coordinate
scrambled,1,41,21,-0.12263561635990591,scrambled_array_coordinate
scrambled,4,41,21,-0.037805176562898488,scrambled_array_coordinate
scrambled,6,41,21,-0.047746730471468074,scrambled_array_coordinate
scrambled,9,41,21,0.046906777866156324,scrambled_array_coordinate
scrambled,10,41,21,0.081270469308155485,scrambled_array_coordinate
scrambled,11,41,21,-0.041535252790791434,scrambled_array_coordinate
scrambled,13,41,21,-0.079833367005859968,scrambled_array_coordinate
scrambled,15,41,21,-0.061471641751291162,scrambled_array_coordinate
scrambled,18,41,21,0.074874866889141523,scrambled_array_coordinate
scrambled,19,41,21,0.059055024841582031,scrambled_array_coordinate
scrambled,22,41,21,-0.093098058462028302,scrambled_array_coordinate
scrambled,23,41,21,-0.07677114248215601,scrambled_array_coordinate
scrambled,25,41,21,-0.056612203152906215,scrambled_array_coordinate
scrambled,26,41,21,0.068925156690631761,scrambled_array_coordinate
scrambled,28,41,21,-0.074781365708031358,scrambled_array_coordinate
scrambled,30,41,21,-0.049023186113187518,scrambled_array_coordinate
scrambled,31,41,21,0.064912599890818684,scrambled_array_coordinate
scrambled,32,41,21,0.047955360167064538,scrambled_array_coordinate
scrambled,36,41,21,0.074303427978109335,scrambled_array_coordinate
scrambled,41,41,21,-0.048845891793176686,scrambled_array_coordinate
scrambled,46,41,21,0.072907392186083469,scrambled_array_coordinate
scrambled,48,41,21,-0.071156294572223916,scrambled_array_coordinate
scrambled,49,41,21,0.042903208208065306,scrambled_array_coordinate
scrambled,1,42,21,0.051229759622297352,scrambled_array_coordinate
scrambled,4,42,21,0.04302476059099599,scrambled_array_coordinate
scrambled,6,42,21,0.048587244993735859,scrambled_array_coordinate
scrambled,10,42,21,-0.039874852327804682,scrambled_array_coordinate
scrambled,13,42,21,0.063446022777830874,scrambled_array_coordinate
scrambled,18,42,21,-0.035779267106008157,scrambled_array_coordinate
scrambled,23,42,21,0.055478621434593797,scrambled_array_coordinate
scrambled,24,42,21,-0.054332017570719968,scrambled_array_coordinate
scrambled,26,42,21,-0.047927037096467687,scrambled_array_coordinate
scrambled,30,42,21,0.055698258235968405,scrambled_array_coordinate
scrambled,32,42,21,-0.048505453823977904,scrambled_array_coordinate
scrambled,47,42,21,-0.038165648460312299,scrambled_array_coordinate
scrambled,48,42,21,0.048835016363401054,scrambled_array_coordinate
scrambled,1,43,21,0.063395492229042366,scrambled_array_coordinate
scrambled,3,43,21,-0.05176301896040382,scrambled_array_coordinate
scrambled,4,43,21,0.07663898731513516,scrambled_array_coordinate
scrambled,5,43,21,-0.059442633628774597,scrambled_array_coordinate
scrambled,7,43,21,-0.078371482786735933,scrambled_array_coordinate
scrambled,8,43,21,0.041611444413749088,scrambled_array_coordinate
scrambled,11,43,21,-0.05458494230114417,scrambled_array_coordinate
scrambled,13,43,21,0.055833775412121242,scrambled_array_coordinate
scrambled,20,43,21,0.083164564226935647,scrambled_array_coordinate
scrambled,25,43,21,0.073422962733123667,scrambled_array_coordinate
scrambled,30,43,21,0.0421080200028211,scrambled_array_coordinate
scrambled,34,43,21,0.0364222069586412,scrambled_array_coordinate
scrambled,36,43,21,-0.040131809653580569,scrambled_array_coordinate
scrambled,42,43,21,0.065910120279163043,scrambled_array_coordinate
scrambled,49,43,21,0.056204812814900369,scrambled_array_coordinate
scrambled,8,44,21,-0.041048717335372173,scrambled_array_coordinate
scrambled,11,44,21,0.070989222764352683,scrambled_array_coordinate
scrambled,20,44,21,-0.036241328259611384,scrambled_array_coordinate
scrambled,21,44,21,-0.036047879473603807,scrambled_array_coordinate
scrambled,22,44,21,0.070326561095225795,scrambled_array_coordinate
scrambled,23,44,21,0.039385051571984048,scrambled_array_coordinate
scrambled,27,44,21,-0.05809751554153094,scrambled_array_coordinate
scrambled,31,44,21,-0.054263667076452131,scrambled_array_coordinate
scrambled,41,44,21,0.042423757645305968,scrambled_array_coordinate
scrambled,46,44,21,-0.046891439917624816,scrambled_array_coordinate
scrambled,47,44,21,-0.048428106533344589,scrambled_array_coordinate
scrambled,48,44,21,0.043096336549684686,scrambled_array_coordinate
scrambled,49,44,21,-0.036461268175030787,scrambled_array_coordinate
scrambled,1,45,21,-0.05086858347844829,scrambled_array_coordinate
scrambled,4,45,21,-0.037630128132177226,scrambled_array_coordinate
scrambled,8,45,21,-0.035804341635326059,scrambled_array_coordinate
scrambled,10,45,21,0.054476288729738136,scrambled_array_coordinate
scrambled,11,45,21,0.040432303936448255,scrambled_array_coordinate
scrambled,13,45,21,-0.048171345826345476,scrambled_array_coordinate
scrambled,20,45,21,-0.054784739068903694,scrambled_array_coordinate
scrambled,25,45,21,-0.056060799617250794,scrambled_array_coordinate
scrambled,30,45,21,-0.041766638659360172,scrambled_array_coordinate
scrambled,36,45,21,0.044188527413846636,scrambled_array_coordinate
scrambled,2,47,21,-0.037283558600252509,scrambled_array_coordinate
scrambled,3,47,21,-0.049849350974150511,scrambled_array_coordinate
scrambled,4,47,21,0.048219914502380279,scrambled_array_coordinate
scrambled,29,47,21,0.045434871072159634,scrambled_array_coordinate
scrambled,40,47,21,-0.071333299084278351,scrambled_array_coordinate
scrambled,42,47,21,0.047106216758872964,scrambled_array_coordinate
scrambled,49,47,21,0.050070961508295847,scrambled_array_coordinate
scrambled,1,48,21,0.04154267472813819,scrambled_array_coordinate
scrambled,25,48,21,0.042911082973297994,scrambled_array_coordinate
scrambled,2,0,22,-0.040383372273617962,scrambled_array_coordinate
scrambled,5,0,22,-0.05231677990501174,scrambled_array_coordinate
scrambled,20,0,22,0.043129433393058247,scrambled_array_coordinate
scrambled,23,0,22,-0.036018043446059717,scrambled_array_coordinate
scrambled,24,0,22,0.050774564453727786,scrambled_array_coordinate
scrambled,25,0,22,0.06073368300857386,scrambled_array_coordinate
scrambled,29,0,22,0.060192966528860636,scrambled_array_coordinate
scrambled,38,0,22,-0.042833198897680218,scrambled_array_coordinate
scrambled,46,0,22,-0.080677336914759229,scrambled_array_coordinate
scrambled,48,0,22,-0.041087107137992809,scrambled_array_coordinate
scrambled,14,1,22,-0.042419491643404757,scrambled_array_coordinate
scrambled,40,1,22,0.042961263469267208,scrambled_array_coordinate
scrambled,8,2,22,-0.036813252617190276,scrambled_array_coordinate
scrambled,19,2,22,-0.039183802280198222,scrambled_array_coordinate
scrambled,20,2,22,-0.046951448987242426,scrambled_array_coordinate
scrambled,22,2,22,0.065331730807449015,scrambled_array_coordinate
scrambled,36,2,22,-0.039844858177570421,scrambled_array_coordinate
scrambled,46,3,22,-0.038727812825952744,scrambled_array_coordinate
scrambled,14,4,22,0.048381561050821115,scrambled_array_coordinate
scrambled,18,4,22,-0.04955316134591578,scrambled_array_coordinate
scrambled,19,4,22,-0.038262436051862032,scrambled_array_coordinate
scrambled,22,4,22,0.036219464375251177,scrambled_array_coordinate
scrambled,40,4,22,-0.038187590957793012,scrambled_array_coordinate
scrambled,48,4,22,0.037086968526390464,scrambled_array_coordinate
scrambled,13,5,22,-0.045618394408204019,scrambled_array_coordinate
scrambled,25,5,22,-0.046394375545928665,scrambled_array_coordinate
scrambled,19,6,22,-0.039255352992041005,scrambled_array_coordinate
scrambled,20,6,22,0.04002318799017842,scrambled_array_coordinate
scrambled,32,6,22,-0.036359906565641954,scrambled_array_coordinate
scrambled,0,8,22,-0.041785198088637322,scrambled_array_coordinate
scrambled,1,8,22,-0.050201479831148706,scrambled_array_coordinate
scrambled,5,8,22,0.04344792698064491,scrambled_array_coordinate
scrambled,9,8,22,0.041154133545259021,scrambled_array_coordinate
scrambled,26,8,22,-0.053842842407359773,scrambled_array_coordinate
scrambled,36,8,22,0.077633237032029276,scrambled_array_coordinate
scrambled,37,8,22,-0.0491022760251517,scrambled_array_coordinate
scrambled,38,8,22,0.039339251138631168,scrambled_array_coordinate
scrambled,41,8,22,-0.086107926201241858,scrambled_array_coordinate
scrambled,46,8,22,0.098440773318566197,scrambled_array_coordinate
scrambled,48,8,22,0.044054242343056382,scrambled_array_coordinate
scrambled,13,9,22,0.042035618627151126,scrambled_array_coordinate
scrambled,2,10,22,0.04124134181190138,scrambled_array_coordinate
scrambled,13,10,22,-0.061913337131644985,scrambled_array_coordinate
scrambled,20,10,22,-0.038896263171022467,scrambled_array_coordinate
scrambled,25,10,22,-0.082702291159186689,scrambled_array_coordinate
scrambled,46,10,22,0.069761012073960002,scrambled_array_coordinate
scrambled,11,11,22,-0.036977777735751526,scrambled_array_coordinate
scrambled,20,11,22,0.065118782841917286,scrambled_array_coordinate
scrambled,22,11,22,-0.071253909142681773,scrambled_array_coordinate
scrambled,23,11,22,-0.036380067473794311,scrambled_array_coordinate
scrambled,31,11,22,0.04116171025074862,scrambled_array_coordinate
scrambled,36,11,22,0.039301058518108119,scrambled_array_coordinate
scrambled,8,13,22,-0.06973932017815207,scrambled_array_coordinate
scrambled,13,13,22,0.037660643006274135,scrambled_array_coordinate
scrambled,18,13,22,-0.044852835657256132,scrambled_array_coordinate
scrambled,20,13,22,-0.068457478194915683,scrambled_array_coordinate
scrambled,22,13,22,0.082149635059157469,scrambled_array_coordinate
scrambled,26,13,22,-0.041564137612930568,scrambled_array_coordinate
scrambled,27,13,22,-0.044427979358004292,scrambled_array_coordinate
scrambled,30,13,22,-0.059398955114868181,scrambled_array_coordinate
scrambled,31,13,22,-0.055290990761309548,scrambled_array_coordinate
scrambled,40,13,22,0.048773863083958702,scrambled_array_coordinate
scrambled,42,13,22,-0.052920860487960471,scrambled_array_coordinate
scrambled,46,13,22,-0.060366262991366056,scrambled_array_coordinate
scrambled,49,13,22,-0.056008101202159627,scrambled_array_coordinate
scrambled,3,14,22,-0.038047329007017724,scrambled_array_coordinate
scrambled,14,14,22,-0.047150831009813612,scrambled_array_coordinate
scrambled,18,14,22,0.056342015606145136,scrambled_array_coordinate
scrambled,26,14,22,0.049185941113876107,scrambled_array_coordinate
scrambled,31,14,22,0.041325036685629327,scrambled_array_coordinate
scrambled,42,14,22,0.04250098269957113,scrambled_array_coordinate
scrambled,48,14,22,-0.036365027734269202,scrambled_array_coordinate
scrambled,49,14,22,0.040817356462687575,scrambled_array_coordinate
scrambled,1,15,22,0.046811106513392896,scrambled_array_coordinate
scrambled,8,15,22,-0.048760386241551802,scrambled_array_coordinate
scrambled,11,15,22,0.03984095993693932,scrambled_array_coordinate
scrambled,13,15,22,0.044260833284248499,scrambled_array_coordinate
scrambled,18,15,22,-0.037603182143673489,scrambled_array_coordinate
scrambled,19,15,22,-0.0531716250379854,scrambled_array_coordinate
scrambled,20,15,22,-0.056334695062881995,scrambled_array_coordinate
scrambled,22,15,22,0.076117795329323695,scrambled_array_coordinate
scrambled,23,15,22,0.041645558217439975,scrambled_array_coordinate
scrambled,26,15,22,-0.043831399226973523,scrambled_array_coordinate
scrambled,29,15,22,-0.037525741703756658,scrambled_array_coordinate
scrambled,31,15,22,-0.051314309342502834,scrambled_array_coordinate
scrambled,32,15,22,-0.045908431823068835,scrambled_array_coordinate
scrambled,42,15,22,-0.042587137967691126,scrambled_array_coordinate
scrambled,48,15,22,0.052349990182106718,scrambled_array_coordinate
scrambled,1,16,22,-0.069879210395993929,scrambled_array_coordinate
scrambled,3,16,22,0.050496133694958666,scrambled_array_coordinate
scrambled,4,16,22,-0.061234358283253132,scrambled_array_coordinate
scrambled,5,16,22,0.061905952937000554,scrambled_array_coordinate
scrambled,7,16,22,0.049800322605163462,scrambled_array_coordinate
scrambled,8,16,22,-0.05289345084967189,scrambled_array_coordinate
scrambled,10,16,22,0.037369219214633084,scrambled_array_coordinate
scrambled,11,16,22,0.037694158258942186,scrambled_array_coordinate
scrambled,13,16,22,-0.090370451772735672,scrambled_array_coordinate
scrambled,20,16,22,-0.042129389841299984,scrambled_array_coordinate
scrambled,25,16,22,-0.083861814743650925,scrambled_array_coordinate
scrambled,36,16,22,0.052417588427396689,scrambled_array_coordinate
scrambled,42,16,22,-0.067945569539225592,scrambled_array_coordinate
scrambled,49,16,22,-0.036217772205233513,scrambled_array_coordinate
scrambled,23,17,22,0.047744368189927298,scrambled_array_coordinate
scrambled,26,17,22,-0.036130232220201022,scrambled_array_coordinate
scrambled,46,17,22,-0.044500357697125792,scrambled_array_coordinate
scrambled,2,18,22,-0.047782492781483915,scrambled_array_coordinate
scrambled,8,18,22,0.038382944891871482,scrambled_array_coordinate
scrambled,26,18,22,0.038560318244619585,scrambled_array_coordinate
scrambled,47,18,22,0.045596787623851505,scrambled_array_coordinate
scrambled,1,19,22,-0.036191002859290784,scrambled_array_coordinate
scrambled,7,19,22,0.046366846322562549,scrambled_array_coordinate
scrambled,11,19,22,0.040507997579416762,scrambled_array_coordinate
scrambled,13,19,22,-0.046763428168923447,scrambled_array_coordinate
scrambled,20,19,22,-0.052479980174681612,scrambled_array_coordinate
scrambled,25,19,22,-0.061129924614103548,scrambled_array_coordinate
scrambled,1,21,22,0.041893757259942543,scrambled_array_coordinate
scrambled,2,21,22,-0.040337307553610702,scrambled_array_coordinate
scrambled,19,21,22,-0.040442784289403316,scrambled_array_coordinate
scrambled,20,21,22,0.047437495974063354,scrambled_array_coordinate
scrambled,21,21,22,0.038917613398256529,scrambled_array_coordinate
scrambled,25,21,22,0.042269348152824411,scrambled_array_coordinate
scrambled,30,21,22,0.037494355244355036,scrambled_array_coordinate
scrambled,20,22,22,0.041882177401543479,scrambled_array_coordinate
scrambled,25,22,22,0.054527536606558479,scrambled_array_coordinate
scrambled,20,23,22,0.05174636023379018,scrambled_array_coordinate
scrambled,2,24,22,0.055819293790001841,scrambled_array_coordinate
scrambled,8,24,22,-0.052383586135478097,scrambled_array_coordinate
scrambled,18,24,22,-0.038624299909035806,scrambled_array_coordinate
scrambled,20,24,22,-0.073414856006147777,scrambled_array_coordinate
scrambled,21,24,22,-0.036615807636023262,scrambled_array_coordinate
scrambled,22,24,22,0.057108490275487422,scrambled_array_coordinate
scrambled,23,24,22,0.051497159585820004,scrambled_array_coordinate
scrambled,24,24,22,-0.047001699709893104,scrambled_array_coordinate
scrambled,25,24,22,-0.042443841729739494,scrambled_array_coordinate
scrambled,26,24,22,-0.067094851687859058,scrambled_array_coordinate
scrambled,28,24,22,0.053159003842738153,scrambled_array_coordinate
scrambled,29,24,22,-0.071503677658286191,scrambled_array_coordinate
scrambled,31,24,22,-0.037293053647025218,scrambled_array_coordinate
scrambled,40,24,22,0.036594600746232213,scrambled_array_coordinate
scrambled,46,24,22,0.073660881055494398,scrambled_array_coordinate
scrambled,48,24,22,0.049391985408327482,scrambled_array_coordinate
scrambled,1,25,22,-0.043828314495292404,scrambled_array_coordinate
scrambled,10,25,22,0.038425276795292083,scrambled_array_coordinate
scrambled,13,25,22,-0.04580158587763801,scrambled_array_coordinate
scrambled,24,25,22,0.04104646744701429,scrambled_array_coordinate
scrambled,25,25,22,-0.039944067450701233,scrambled_array_coordinate
scrambled,26,25,22,0.046564870990925079,scrambled_array_coordinate
scrambled,29,25,22,0.042763370940298036,scrambled_array_coordinate
scrambled,0,26,22,0.037608206637823348,scrambled_array_coordinate
scrambled,8,26,22,0.038756984132737857,scrambled_array_coordinate
scrambled,22,26,22,-0.040421092524719072,scrambled_array_coordinate
scrambled,41,26,22,0.065937950305684459,scrambled_array_coordinate
scrambled,46,26,22,-0.066367142453221464,scrambled_array_coordinate
scrambled,6,27,22,0.054482301136402199,scrambled_array_coordinate
scrambled,46,27,22,0.074564802297130209,scrambled_array_coordinate
scrambled,22,28,22,-0.046591932925556481,scrambled_array_coordinate
scrambled,27,28,22,0.049521840083080658,scrambled_array_coordinate
scrambled,31,28,22,0.041302895513697348,scrambled_array_coordinate
scrambled,46,28,22,0.045578871605838844,scrambled_array_coordinate
scrambled,49,28,22,0.04193641216784353,scrambled_array_coordinate
scrambled,7,29,22,-0.038792854944157643,scrambled_array_coordinate
scrambled,11,29,22,-0.038217136099919877,scrambled_array_coordinate
scrambled,20,29,22,0.04259048532386308,scrambled_array_coordinate
scrambled,25,29,22,0.066406128841040454,scrambled_array_coordinate
scrambled,49,29,22,0.037083360613020769,scrambled_array_coordinate
scrambled,23,30,22,-0.036504469834555991,scrambled_array_coordinate
scrambled,24,30,22,0.048760788065817517,scrambled_array_coordinate
scrambled,28,30,22,-0.037654273289676195,scrambled_array_coordinate
scrambled,30,30,22,-0.03843052822593878,scrambled_array_coordinate
scrambled,32,30,22,0.043957884917126225,scrambled_array_coordinate
scrambled,13,31,22,-0.038916452625162919,scrambled_array_coordinate
scrambled,30,31,22,0.038967597627174784,scrambled_array_coordinate
scrambled,41,32,22,-0.037719034121669562,scrambled_array_coordinate
scrambled,46,32,22,0.037418494807902221,scrambled_array_coordinate
scrambled,1,34,22,-0.036705348148351392,scrambled_array_coordinate
scrambled,3,34,22,0.043985287825545227,scrambled_array_coordinate
scrambled,27,34,22,-0.042253650883526284,scrambled_array_coordinate
scrambled,46,34,22,0.044462807579087542,scrambled_array_coordinate
scrambled,27,35,22,0.050165271993805063,scrambled_array_coordinate
scrambled,41,35,22,-0.040608653124154466,scrambled_array_coordinate
scrambled,46,35,22,0.046997098839421533,scrambled_array_coordinate
scrambled,15,36,22,-0.038074844340324807,scrambled_array_coordinate
scrambled,20,36,22,-0.04286729570002782,scrambled_array_coordinate
scrambled,41,36,22,0.037228843513007898,scrambled_array_coordinate
scrambled,27,37,22,0.035996091785709908,scrambled_array_coordinate
scrambled,41,37,22,0.036793451760093084,scrambled_array_coordinate
scrambled,1,38,22,-0.035790439739411317,scrambled_array_coordinate
scrambled,11,38,22,-0.047148364858571247,scrambled_array_coordinate
scrambled,20,38,22,0.045456329112716548,scrambled_array_coordinate
scrambled,22,38,22,-0.039844462016060248,scrambled_array_coordinate
scrambled,32,38,22,0.040360399203756323,scrambled_array_coordinate
scrambled,48,38,22,-0.037454493647335711,scrambled_array_coordinate
scrambled,1,39,22,0.048788842799179812,scrambled_array_coordinate
scrambled,5,39,22,-0.037080786205772438,scrambled_array_coordinate
scrambled,22,39,22,0.047193111418908092,scrambled_array_coordinate
scrambled,28,39,22,0.045799873427604193,scrambled_array_coordinate
scrambled,36,39,22,-0.059337124319354714,scrambled_array_coordinate
scrambled,41,39,22,0.052620231218959555,scrambled_array_coordinate
scrambled,46,39,22,-0.057510096641734169,scrambled_array_coordinate
scrambled,26,40,22,0.044089804711547588,scrambled_array_coordinate
scrambled,1,41,22,0.085936383685785725,scrambled_array_coordinate
scrambled,2,41,22,-0.037513012831304662,scrambled_array_coordinate
scrambled,4,41,22,0.037086057724567814,scrambled_array_coordinate
scrambled,5,41,22,-0.038019319869300149,scrambled_array_coordinate
scrambled,6,41,22,0.061780572744263969,scrambled_array_coordinate
scrambled,7,41,22,-0.036163095244552773,scrambled_array_coordinate
scrambled,10,41,22,-0.045451435628052046,scrambled_array_coordinate
scrambled,11,41,22,0.050875279784110009,scrambled_array_coordinate
scrambled,13,41,22,0.069679733861408938,scrambled_array_coordinate
scrambled,16,41,22,0.047995830471661512,scrambled_array_coordinate
scrambled,19,41,22,-0.065859526907942542,scrambled_array_coordinate
scrambled,22,41,22,0.11229977879720157,scrambled_array_coordinate
scrambled,23,41,22,0.0532840577154165,scrambled_array_coordinate
scrambled,26,41,22,-0.04032939854934061,scrambled_array_coordinate
scrambled,28,41,22,0.061723686723308795,scrambled_array_coordinate
scrambled,30,41,22,0.061062189718935844,scrambled_array_coordinate
scrambled,31,41,22,-0.042440186028996754,scrambled_array_coordinate
scrambled,32,41,22,-0.049960742937557936,scrambled_array_coordinate
scrambled,34,41,22,0.03721020156717559,scrambled_array_coordinate
scrambled,36,41,22,-0.087436129802040935,scrambled_array_coordinate
scrambled,41,41,22,0.061297297033098351,scrambled_array_coordinate
scrambled,46,41,22,-0.048335086474711804,scrambled_array_coordinate
scrambled,48,41,22,0.063276628044351968,scrambled_array_coordinate
scrambled,1,42,22,-0.047171916748737629,scrambled_array_coordinate
scrambled,6,42,22,-0.040745661560836477,scrambled_array_coordinate
scrambled,10,42,22,0.053342155176218008,scrambled_array_coordinate
scrambled,13,42,22,-0.048327900848599566,scrambled_array_coordinate
scrambled,15,42,22,-0.041358931484411034,scrambled_array_coordinate
scrambled,16,42,22,-0.039217307365106709,scrambled_array_coordinate
scrambled,18,42,22,0.041689671523472936,scrambled_array_coordinate
scrambled,22,42,22,-0.04629210541565805,scrambled_array_coordinate
scrambled,23,42,22,-0.041905496785569735,scrambled_array_coordinate
scrambled,25,42,22,-0.059252669973094904,scrambled_array_coordinate
scrambled,26,42,22,0.060491095780739183,scrambled_array_coordinate
scrambled,28,42,22,-0.045822154608278445,scrambled_array_coordinate
scrambled,46,42,22,0.035772215030043443,scrambled_array_coordinate
scrambled,0,43,22,-0.040321682958925992,scrambled_array_coordinate
scrambled,1,43,22,-0.05512403887407314,scrambled_array_coordinate
scrambled,5,43,22,0.045925479405379846,scrambled_array_coordinate
scrambled,7,43,22,0.041185350876193676,scrambled_array_coordinate
scrambled,8,43,22,-0.06027192670311373,scrambled_array_coordinate
scrambled,11,43,22,0.058584480691760324,scrambled_array_coordinate
scrambled,15,43,22,-0.055348120940864227,scrambled_array_coordinate
scrambled,20,43,22,-0.084769046793071359,scrambled_array_coordinate
scrambled,22,43,22,0.049631542207163946,scrambled_array_coordinate
scrambled,25,43,22,-0.06870752637870764,scrambled_array_coordinate
scrambled,30,43,22,-0.062108787503100414,scrambled_array_coordinate
scrambled,42,43,22,-0.066167366383729581,scrambled_array_coordinate
scrambled,44,43,22,-0.041698013643648377,scrambled_array_coordinate
scrambled,0,44,22,0.038201032007272512,scrambled_array_coordinate
scrambled,20,44,22,0.049826708768282893,scrambled_array_coordinate
scrambled,42,44,22,0.037738856665379586,scrambled_array_coordinate
scrambled,8,45,22,0.043683680627485968,scrambled_array_coordinate
scrambled,20,45,22,0.066855807655280389,scrambled_array_coordinate
scrambled,23,45,22,0.040671682527122971,scrambled_array_coordinate
scrambled,24,45,22,-0.042611121693536605,scrambled_array_coordinate
scrambled,30,45,22,0.053451462143192484,scrambled_array_coordinate
scrambled,42,45,22,0.037112245336048962,scrambled_array_coordinate
scrambled,8,47,22,-0.041810763075790486,scrambled_array_coordinate
scrambled,20,47,22,-0.048464311600195646,scrambled_array_coordinate
scrambled,22,47,22,0.040630382415042007,scrambled_array_coordinate
scrambled,30,47,22,-0.039527125635610783,scrambled_array_coordinate
scrambled,13,48,22,-0.039235295468911073,scrambled_array_coordinate
scrambled,24,49,22,0.036609175829901114,scrambled_array_coordinate
scrambled,4,0,23,-0.045373437236857612,scrambled_array_coordinate
scrambled,7,0,23,-0.045097545195537624,scrambled_array_coordinate
scrambled,10,0,23,0.055884259956872004,scrambled_array_coordinate
scrambled,11,0,23,-0.056794724319665264,scrambled_array_coordinate
scrambled,22,0,23,-0.070895811192275379,scrambled_array_coordinate
scrambled,24,0,23,-0.064955979988065085,scrambled_array_coordinate
scrambled,25,0,23,0.073015493289412411,scrambled_array_coordinate
scrambled,31,0,23,0.035939897699643286,scrambled_array_coordinate
scrambled,33,0,23,0.035975878895601734,scrambled_array_coordinate
scrambled,35,0,23,0.043025244164264925,scrambled_array_coordinate
scrambled,40,0,23,0.081085292106348156,scrambled_array_coordinate
scrambled,41,0,23,0.049511712500936229,scrambled_array_coordinate
scrambled,43,0,23,-0.070538015282145372,scrambled_array_coordinate
scrambled,0,1,23,0.0426076913523789,scrambled_array_coordinate
scrambled,2,1,23,-0.05483934375057916,scrambled_array_coordinate
scrambled,29,1,23,0.038809217508310762,scrambled_array_coordinate
scrambled,35,1,23,-0.045226355508722511,scrambled_array_coordinate
scrambled,49,1,23,0.053048884980548244,scrambled_array_coordinate
scrambled,4,2,23,-0.037751785714038165,scrambled_array_coordinate
scrambled,7,2,23,-0.049248045088845178,scrambled_array_coordinate
scrambled,10,2,23,0.06938435931097893,scrambled_array_coordinate
scrambled,11,2,23,-0.042385131769302961,scrambled_array_coordinate
scrambled,20,2,23,-0.038174469082485937,scrambled_array_coordinate
scrambled,21,2,23,-0.041414011510473074,scrambled_array_coordinate
scrambled,22,2,23,-0.044800149797274508,scrambled_array_coordinate
scrambled,23,2,23,0.044129870066420926,scrambled_array_coordinate
scrambled,24,2,23,-0.092465255795769516,scrambled_array_coordinate
scrambled,25,2,23,0.047958384937730428,scrambled_array_coordinate
scrambled,26,2,23,-0.043437869902703874,scrambled_array_coordinate
scrambled,29,2,23,-0.044625075227696452,scrambled_array_coordinate
scrambled,33,2,23,0.043409238456481494,scrambled_array_coordinate
scrambled,34,2,23,0.03698094846425163,scrambled_array_coordinate
scrambled,37,2,23,-0.044844591411406426,scrambled_array_coordinate
scrambled,40,2,23,0.089761689160157448,scrambled_array_coordinate
scrambled,43,2,23,-0.06664908292271568,scrambled_array_coordinate
scrambled,0,3,23,-0.043049622785240861,scrambled_array_coordinate
scrambled,2,3,23,0.088929267723463115,scrambled_array_coordinate
scrambled,5,3,23,-0.051000003991621433,scrambled_array_coordinate
scrambled,6,3,23,-0.05074842243343735,scrambled_array_coordinate
scrambled,7,3,23,-0.040316930362836602,scrambled_array_coordinate
scrambled,8,3,23,-0.035929983607737324,scrambled_array_coordinate
scrambled,9,3,23,-0.040320203923971301,scrambled_array_coordinate
scrambled,10,3,23,0.076797355887082377,scrambled_array_coordinate
scrambled,11,3,23,-0.07300431053820447,scrambled_array_coordinate
scrambled,12,3,23,0.041345778211901045,scrambled_array_coordinate
scrambled,15,3,23,-0.058620018023002124,scrambled_array_coordinate
scrambled,18,3,23,0.036400759642028907,scrambled_array_coordinate
scrambled,22,3,23,-0.065223530222236009,scrambled_array_coordinate
scrambled,24,3,23,-0.058573811624699997,scrambled_array_coordinate
scrambled,25,3,23,0.045413015403056631,scrambled_array_coordinate
scrambled,26,3,23,-0.035991410667100238,scrambled_array_coordinate
scrambled,29,3,23,-0.055025265475687105,scrambled_array_coordinate
scrambled,35,3,23,0.098805251507851591,scrambled_array_coordinate
scrambled,39,3,23,0.041405456318527011,scrambled_array_coordinate
scrambled,40,3,23,0.10324288204729284,scrambled_array_coordinate
scrambled,41,3,23,0.068447957233601003,scrambled_array_coordinate
scrambled,43,3,23,-0.072894072087495418,scrambled_array_coordinate
scrambled,44,3,23,0.035899015915780964,scrambled_array_coordinate
scrambled,49,3,23,-0.075173156093332097,scrambled_array_coordinate
scrambled,0,4,23,-0.066607499308780294,scrambled_array_coordinate
scrambled,2,4,23,0.10385086391297424,scrambled_array_coordinate
scrambled,7,4,23,-0.040169784921164492,scrambled_array_coordinate
scrambled,15,4,23,-0.047005504771595909,scrambled_array_coordinate
scrambled,18,4,23,0.040405264582145141,scrambled_array_coordinate
scrambled,24,4,23,-0.043537776625691256,scrambled_array_coordinate
scrambled,25,4,23,0.05217981697153521,scrambled_array_coordinate
scrambled,26,4,23,-0.04135978148824683,scrambled_array_coordinate
scrambled,29,4,23,-0.048220632410408748,scrambled_array_coordinate
scrambled,33,4,23,0.043878241434808257,scrambled_array_coordinate
scrambled,35,4,23,0.08166776311889043,scrambled_array_coordinate
scrambled,39,4,23,0.046865597784926598,scrambled_array_coordinate
scrambled,40,4,23,0.058248151003502113,scrambled_array_coordinate
scrambled,41,4,23,0.051513801294675372,scrambled_array_coordinate
scrambled,43,4,23,-0.067544009801437974,scrambled_array_coordinate
scrambled,46,4,23,0.06199372816005002,scrambled_array_coordinate
scrambled,11,5,23,0.040507431631431487,scrambled_array_coordinate
scrambled,0,6,23,-0.054797996183478387,scrambled_array_coordinate
scrambled,2,6,23,0.077428900418651261,scrambled_array_coordinate
scrambled,5,6,23,-0.053054318741744669,scrambled_array_coordinate
scrambled,6,6,23,-0.040692878406297824,scrambled_array_coordinate
scrambled,7,6,23,-0.048723844058870286,scrambled_array_coordinate
scrambled,10,6,23,0.072230145672776649,scrambled_array_coordinate
scrambled,11,6,23,-0.097336711868471662,scrambled_array_coordinate
scrambled,12,6,23,0.053510579820848343,scrambled_array_coordinate
scrambled,15,6,23,-0.050164165738000054,scrambled_array_coordinate
scrambled,19,6,23,0.038928429353022313,scrambled_array_coordinate
scrambled,22,6,23,-0.050160093448777233,scrambled_array_coordinate
scrambled,24,6,23,-0.071931643402655343,scrambled_array_coordinate
scrambled,29,6,23,-0.054211680038724959,scrambled_array_coordinate
scrambled,35,6,23,0.083756701525648458,scrambled_array_coordinate
scrambled,39,6,23,0.046353173934908988,scrambled_array_coordinate
scrambled,40,6,23,0.068377662264717587,scrambled_array_coordinate
scrambled,43,6,23,-0.048956344514127254,scrambled_array_coordinate
scrambled,46,6,23,0.063230521747502405,scrambled_array_coordinate
scrambled,49,6,23,-0.068999869860725774,scrambled_array_coordinate
scrambled,2,7,23,-0.043984001670375306,scrambled_array_coordinate
scrambled,10,7,23,-0.03622123445510983,scrambled_array_coordinate
scrambled,40,7,23,-0.049971454408180835,scrambled_array_coordinate
scrambled,43,7,23,0.039736800789666842,scrambled_array_coordinate
scrambled,46,8,23,0.036059643221788298,scrambled_array_coordinate
scrambled,10,9,23,0.040486413576283999,scrambled_array_coordinate
scrambled,11,9,23,-0.0977430162600849,scrambled_array_coordinate
scrambled,16,9,23,-0.051227192909819065,scrambled_array_coordinate
scrambled,24,9,23,-0.074157714690628693,scrambled_array_coordinate
scrambled,27,9,23,-0.039460649551529281,scrambled_array_coordinate
scrambled,29,9,23,-0.045749751185773589,scrambled_array_coordinate
scrambled,34,9,23,0.036414841892739365,scrambled_array_coordinate
scrambled,40,9,23,0.067409632331198024,scrambled_array_coordinate
scrambled,42,9,23,0.037793182335023594,scrambled_array_coordinate
scrambled,44,9,23,0.040293170799090956,scrambled_array_coordinate
scrambled,45,9,23,-0.037473612980219395,scrambled_array_coordinate
scrambled,46,9,23,0.041586891586736688,scrambled_array_coordinate
scrambled,49,9,23,-0.047831333806463913,scrambled_array_coordinate
scrambled,46,10,23,-0.042576247305971059,scrambled_array_coordinate
scrambled,2,11,23,-0.064572157704581939,scrambled_array_coordinate
scrambled,5,11,23,0.049748024765455243,scrambled_array_coordinate
scrambled,7,11,23,0.04681802819149132,scrambled_array_coordinate
scrambled,10,11,23,-0.064090847595327669,scrambled_array_coordinate
scrambled,11,11,23,0.062639479660536471,scrambled_array_coordinate
scrambled,14,11,23,-0.035783283606348665,scrambled_array_coordinate
scrambled,15,11,23,0.041575601781634421,scrambled_array_coordinate
scrambled,22,11,23,0.037400631623838956,scrambled_array_coordinate
scrambled,24,11,23,0.082994007926057808,scrambled_array_coordinate
scrambled,25,11,23,-0.038348674680075481,scrambled_array_coordinate
scrambled,26,11,23,0.052162440358662444,scrambled_array_coordinate
scrambled,28,11,23,-0.041427982686354115,scrambled_array_coordinate
scrambled,29,11,23,0.062547903072743397,scrambled_array_coordinate
scrambled,33,11,23,-0.05245859100369802,scrambled_array_coordinate
scrambled,34,11,23,-0.04243972070131475,scrambled_array_coordinate
scrambled,35,11,23,-0.074698872663889276,scrambled_array_coordinate
scrambled,39,11,23,-0.047563968111930414,scrambled_array_coordinate
scrambled,40,11,23,-0.11355334129142769,scrambled_array_coordinate
scrambled,41,11,23,-0.077151266064944463,scrambled_array_coordinate
scrambled,43,11,23,0.07989852956415433,scrambled_array_coordinate
scrambled,44,11,23,-0.041341991376880244,scrambled_array_coordinate
scrambled,49,11,23,0.052722713768114549,scrambled_array_coordinate
scrambled,2,12,23,-0.060182614863251639,scrambled_array_coordinate
scrambled,4,12,23,0.052037136447697974,scrambled_array_coordinate
scrambled,6,12,23,0.041255474052539792,scrambled_array_coordinate
scrambled,10,12,23,-0.080258675058614434,scrambled_array_coordinate
scrambled,15,12,23,0.043639402319154336,scrambled_array_coordinate
scrambled,17,12,23,0.038606522511425309,scrambled_array_coordinate
scrambled,22,12,23,0.04365186291608035,scrambled_array_coordinate
scrambled,24,12,23,0.047478235004519857,scrambled_array_coordinate
scrambled,31,12,23,-0.037922665974475155,scrambled_array_coordinate
scrambled,33,12,23,-0.057226435915169627,scrambled_array_coordinate
scrambled,35,12,23,-0.052792818992721938,scrambled_array_coordinate
scrambled,37,12,23,0.037859651149553628,scrambled_array_coordinate
scrambled,40,12,23,-0.10274119850689194,scrambled_array_coordinate
scrambled,41,12,23,-0.068332804872409683,scrambled_array_coordinate
scrambled,43,12,23,0.074813588385973642,scrambled_array_coordinate
scrambled,0,13,23,0.040178473113917514,scrambled_array_coordinate
scrambled,2,13,23,-0.073150313316990914,scrambled_array_coordinate
scrambled,5,13,23,0.040795373793335588,scrambled_array_coordinate
scrambled,6,13,23,0.041784580931991673,scrambled_array_coordinate
scrambled,7,13,23,0.037590965495942215,scrambled_array_coordinate
scrambled,10,13,23,-0.056496760176873856,scrambled_array_coordinate
scrambled,11,13,23,0.069945205401633986,scrambled_array_coordinate
scrambled,15,13,23,0.052339744534443955,scrambled_array_coordinate
scrambled,18,13,23,-0.037308241264399439,scrambled_array_coordinate
scrambled,19,13,23,-0.041817364948314922,scrambled_array_coordinate
scrambled,22,13,23,0.071469580565121704,scrambled_array_coordinate
scrambled,24,13,23,0.049223496985183579,scrambled_array_coordinate
scrambled,25,13,23,-0.058069004769443634,scrambled_array_coordinate
scrambled,29,13,23,0.044491938163958009,scrambled_array_coordinate
scrambled,35,13,23,-0.077972200833836561,scrambled_array_coordinate
scrambled,40,13,23,-0.079730257932027065,scrambled_array_coordinate
scrambled,41,13,23,-0.053564840428409775,scrambled_array_coordinate
scrambled,43,13,23,0.074165554633340305,scrambled_array_coordinate
scrambled,49,13,23,0.050930910412555638,scrambled_array_coordinate
scrambled,0,14,23,0.041801441243716014,scrambled_array_coordinate
scrambled,4,14,23,-0.037659853901245557,scrambled_array_coordinate
scrambled,25,14,23,0.040966370664677308,scrambled_array_coordinate
scrambled,46,14,23,-0.043453654293912319,scrambled_array_coordinate
scrambled,46,15,23,0.040369611632146751,scrambled_array_coordinate
scrambled,0,16,23,-0.050432960173850599,scrambled_array_coordinate
scrambled,2,16,23,0.051978818856785472,scrambled_array_coordinate
scrambled,15,16,23,-0.035897051351518786,scrambled_array_coordinate
scrambled,31,16,23,-0.039221034072547012,scrambled_array_coordinate
scrambled,35,16,23,0.039150949211781992,scrambled_array_coordinate
scrambled,5,17,23,0.035880696105837065,scrambled_array_coordinate
scrambled,7,17,23,0.038749666027265289,scrambled_array_coordinate
scrambled,10,17,23,-0.075946090423785612,scrambled_array_coordinate
scrambled,11,17,23,0.051819016028736536,scrambled_array_coordinate
scrambled,19,17,23,-0.039341646639929478,scrambled_array_coordinate
scrambled,22,17,23,0.051864932981926938,scrambled_array_coordinate
scrambled,24,17,23,0.086058049180832125,scrambled_array_coordinate
scrambled,40,17,23,-0.078251811505201913,scrambled_array_coordinate
scrambled,43,17,23,0.054679542831143194,scrambled_array_coordinate
scrambled,10,18,23,0.065960089466955391,scrambled_array_coordinate
scrambled,22,18,23,-0.068174770155777054,scrambled_array_coordinate
scrambled,24,18,23,-0.056924310717684889,scrambled_array_coordinate
scrambled,25,18,23,0.052387669716239177,scrambled_array_coordinate
scrambled,37,18,23,-0.038457996420691247,scrambled_array_coordinate
scrambled,40,18,23,0.069024030784566245,scrambled_array_coordinate
scrambled,10,19,23,0.037767304553694037,scrambled_array_coordinate
scrambled,16,19,23,-0.043684240053823029,scrambled_array_coordinate
scrambled,20,19,23,-0.041586241376739858,scrambled_array_coordinate
scrambled,0,20,23,-0.037550753180721014,scrambled_array_coordinate
scrambled,6,20,23,0.039657770354755796,scrambled_array_coordinate
scrambled,16,20,23,0.036970998439616473,scrambled_array_coordinate
scrambled,46,20,23,0.037264006373316769,scrambled_array_coordinate
scrambled,49,20,23,0.041032524652282319,scrambled_array_coordinate
scrambled,6,21,23,0.043158741125562415,scrambled_array_coordinate
scrambled,9,21,23,0.04365234465917936,scrambled_array_coordinate
scrambled,10,21,23,-0.051163010537309248,scrambled_array_coordinate
scrambled,11,21,23,0.061838275446540816,scrambled_array_coordinate
scrambled,24,21,23,0.048922619268919547,scrambled_array_coordinate
scrambled,35,21,23,-0.041905141297572439,scrambled_array_coordinate
scrambled,40,21,23,-0.072970498807350348,scrambled_array_coordinate
scrambled,41,21,23,-0.045739304157316779,scrambled_array_coordinate
scrambled,43,21,23,0.048810290313832327,scrambled_array_coordinate
scrambled,44,21,23,-0.041022285019058628,scrambled_array_coordinate
scrambled,49,21,23,0.063317944169171969,scrambled_array_coordinate
scrambled,11,22,23,-0.036968950928806719,scrambled_array_coordinate
scrambled,5,23,23,-0.046447728267305782,scrambled_array_coordinate
scrambled,7,23,23,-0.038993372664429427,scrambled_array_coordinate
scrambled,10,23,23,0.067850264860473644,scrambled_array_coordinate
scrambled,11,23,23,-0.043748200695382225,scrambled_array_coordinate
scrambled,24,23,23,-0.045083806668257391,scrambled_array_coordinate
scrambled,25,23,23,0.048208622925367782,scrambled_array_coordinate
scrambled,35,23,23,0.043522152405135121,scrambled_array_coordinate
scrambled,40,23,23,0.068215978420104087,scrambled_array_coordinate
scrambled,41,23,23,0.046210752083724459,scrambled_array_coordinate
scrambled,43,23,23,-0.054312906218147834,scrambled_array_coordinate
scrambled,47,23,23,0.036700499244607304,scrambled_array_coordinate
scrambled,2,24,23,-0.0456002165937896,scrambled_array_coordinate
scrambled,5,24,23,0.045256877615375043,scrambled_array_coordinate
scrambled,7,24,23,0.047552450142601961,scrambled_array_coordinate
scrambled,10,24,23,-0.072099537317574708,scrambled_array_coordinate
scrambled,11,24,23,0.07666068906204386,scrambled_array_coordinate
scrambled,15,24,23,0.058731156078096772,scrambled_array_coordinate
scrambled,19,24,23,-0.044282444838951399,scrambled_array_coordinate
scrambled,22,24,23,0.091958800015642134,scrambled_array_coordinate
scrambled,24,24,23,0.05888421724561984,scrambled_array_coordinate
scrambled,25,24,23,-0.062866367212341151,scrambled_array_coordinate
scrambled,29,24,23,0.041885049811375925,scrambled_array_coordinate
scrambled,35,24,23,-0.065118669976921742,scrambled_array_coordinate
scrambled,40,24,23,-0.087911032846372375,scrambled_array_coordinate
scrambled,43,24,23,0.063443248556190407,scrambled_array_coordinate
scrambled,2,25,23,0.063400554619121335,scrambled_array_coordinate
scrambled,4,25,23,-0.062173089967685259,scrambled_array_coordinate
scrambled,6,25,23,-0.048160938294318598,scrambled_array_coordinate
scrambled,7,25,23,-0.040405994692573964,scrambled_array_coordinate
scrambled,10,25,23,0.097288671922219364,scrambled_array_coordinate
scrambled,11,25,23,-0.080085593626963089,scrambled_array_coordinate
scrambled,13,25,23,-0.036864126704892627,scrambled_array_coordinate
scrambled,15,25,23,-0.058556468424794637,scrambled_array_coordinate
scrambled,19,25,23,0.040931648266760469,scrambled_array_coordinate
scrambled,22,25,23,-0.05745689748536395,scrambled_array_coordinate
scrambled,24,25,23,-0.069094045243182134,scrambled_array_coordinate
scrambled,30,25,23,-0.043622427991156121,scrambled_array_coordinate
scrambled,33,25,23,0.042683512291186221,scrambled_array_coordinate
scrambled,35,25,23,0.06939176893288497,scrambled_array_coordinate
scrambled,39,25,23,0.041254123751052647,scrambled_array_coordinate
scrambled,40,25,23,0.10872014867020049,scrambled_array_coordinate
scrambled,41,25,23,0.063061310003620877,scrambled_array_coordinate
scrambled,43,25,23,-0.093772113838201207,scrambled_array_coordinate
scrambled,44,25,23,0.041855785254198093,scrambled_array_coordinate
scrambled,47,25,23,0.04718222887686941,scrambled_array_coordinate
scrambled,49,25,23,-0.04919930840154263,scrambled_array_coordinate
scrambled,0,26,23,-0.051468217860108072,scrambled_array_coordinate
scrambled,1,26,23,0.041989963874791682,scrambled_array_coordinate
scrambled,4,26,23,0.060035111939274667,scrambled_array_coordinate
scrambled,5,26,23,-0.044398170148620512,scrambled_array_coordinate
scrambled,11,26,23,-0.06058432338761495,scrambled_array_coordinate
scrambled,12,26,23,0.03610093577897544,scrambled_array_coordinate
scrambled,16,26,23,-0.047374078959157635,scrambled_array_coordinate
scrambled,23,26,23,-0.037809981195877217,scrambled_array_coordinate
scrambled,31,26,23,-0.051591225828208062,scrambled_array_coordinate
scrambled,33,26,23,-0.037856540697127065,scrambled_array_coordinate
scrambled,35,26,23,0.046996170083420018,scrambled_array_coordinate
scrambled,37,26,23,0.053670745511545749,scrambled_array_coordinate
scrambled,49,26,23,-0.057442883441641647,scrambled_array_coordinate
scrambled,4,27,23,-0.055951635529330371,scrambled_array_coordinate
scrambled,10,27,23,0.057672205032458797,scrambled_array_coordinate
scrambled,22,27,23,-0.045481084413236554,scrambled_array_coordinate
scrambled,24,27,23,-0.055517072140791261,scrambled_array_coordinate
scrambled,25,27,23,0.038863179249777113,scrambled_array_coordinate
scrambled,40,27,23,0.06695547189628305,scrambled_array_coordinate
scrambled,43,27,23,-0.053284018560808194,scrambled_array_coordinate
scrambled,0,29,23,0.043598774162510907,scrambled_array_coordinate
scrambled,2,29,23,-0.038253918430465182,scrambled_array_coordinate
scrambled,15,29,23,0.038169694688212949,scrambled_array_coordinate
scrambled,35,29,23,-0.042107992284433043,scrambled_array_coordinate
scrambled,0,30,23,0.048673275185933257,scrambled_array_coordinate
scrambled,2,30,23,-0.046021951035413247,scrambled_array_coordinate
scrambled,15,30,23,0.036861271610431963,scrambled_array_coordinate
scrambled,16,30,23,-0.04346103534676788,scrambled_array_coordinate
scrambled,35,30,23,-0.066059905095668628,scrambled_array_coordinate
scrambled,39,30,23,-0.040600185584581464,scrambled_array_coordinate
scrambled,41,30,23,-0.05220693587804854,scrambled_array_coordinate
scrambled,0,31,23,-0.049614379844945392,scrambled_array_coordinate
scrambled,31,31,23,-0.042836847555793992,scrambled_array_coordinate
scrambled,35,31,23,0.040110761436756126,scrambled_array_coordinate
scrambled,49,31,23,-0.040571218669420678,scrambled_array_coordinate
scrambled,2,32,23,0.054006569362219932,scrambled_array_coordinate
scrambled,4,32,23,-0.04003586339101272,scrambled_array_coordinate
scrambled,6,32,23,-0.03670348405957137,scrambled_array_coordinate
scrambled,7,32,23,-0.038526153098359876,scrambled_array_coordinate
scrambled,10,32,23,0.069977053459254021,scrambled_array_coordinate
scrambled,11,32,23,-0.072437719833410019,scrambled_array_coordinate
scrambled,15,32,23,-0.040501915228700315,scrambled_array_coordinate
scrambled,22,32,23,-0.069843072201524165,scrambled_array_coordinate
scrambled,24,32,23,-0.075404087327433797,scrambled_array_coordinate
scrambled,25,32,23,0.040409517652449427,scrambled_array_coordinate
scrambled,29,32,23,-0.050843566496904163,scrambled_array_coordinate
scrambled,35,32,23,0.041494265592976323,scrambled_array_coordinate
scrambled,40,32,23,0.095188452276822058,scrambled_array_coordinate
scrambled,43,32,23,-0.063914380074169566,scrambled_array_coordinate
scrambled,46,32,23,0.038448045919475919,scrambled_array_coordinate
scrambled,49,32,23,-0.036943317601762435,scrambled_array_coordinate
scrambled,10,33,23,0.042064649685040541,scrambled_array_coordinate
scrambled,16,33,23,0.044244336020300513,scrambled_array_coordinate
scrambled,25,33,23,0.041863505393292699,scrambled_array_coordinate
scrambled,31,33,23,0.041629360211984143,scrambled_array_coordinate
scrambled,33,33,23,0.042865475274810952,scrambled_array_coordinate
scrambled,37,33,23,-0.053113298870740525,scrambled_array_coordinate
scrambled,41,33,23,0.037452887003721555,scrambled_array_coordinate
scrambled,46,33,23,-0.047354798497726544,scrambled_array_coordinate
scrambled,40,34,23,-0.039457723265459578,scrambled_array_coordinate
scrambled,2,35,23,-0.048401690576391973,scrambled_array_coordinate
scrambled,25,35,23,-0.037041864120192197,scrambled_array_coordinate
scrambled,35,35,23,-0.042387685530562574,scrambled_array_coordinate
scrambled,41,35,23,-0.039603411715902079,scrambled_array_coordinate
scrambled,10,36,23,-0.045788156762001,scrambled_array_coordinate
scrambled,11,36,23,0.036521777298047599,scrambled_array_coordinate
scrambled,11,37,23,0.046567543210092571,scrambled_array_coordinate
scrambled,24,37,23,0.036114287501996682,scrambled_array_coordinate
scrambled,29,37,23,0.042984971460609249,scrambled_array_coordinate
scrambled,40,37,23,-0.037967469708781711,scrambled_array_coordinate
scrambled,46,37,23,-0.044054768079733728,scrambled_array_coordinate
scrambled,11,38,23,0.046365928568386394,scrambled_array_coordinate
scrambled,4,39,23,-0.054254584649908205,scrambled_array_coordinate
scrambled,14,39,23,0.039178695450582772,scrambled_array_coordinate
scrambled,16,39,23,0.066621009711769763,scrambled_array_coordinate
scrambled,23,39,23,0.050434159533360723,scrambled_array_coordinate
scrambled,25,39,23,0.067952432979329472,scrambled_array_coordinate
scrambled,33,39,23,0.047893371274651209,scrambled_array_coordinate
scrambled,41,39,23,0.058871668254016261,scrambled_array_coordinate
scrambled,43,39,23,-0.05207727744083631,scrambled_array_coordinate
scrambled,0,40,23,-0.044396841671489183,scrambled_array_coordinate
scrambled,2,40,23,0.082453302110328794,scrambled_array_coordinate
scrambled,5,40,23,-0.061860968077340699,scrambled_array_coordinate
scrambled,6,40,23,-0.053867310259093457,scrambled_array_coordinate
scrambled,7,40,23,-0.048441806969201542,scrambled_array_coordinate
scrambled,9,40,23,-0.040674804304100101,scrambled_array_coordinate
scrambled,10,40,23,0.093657057131255272,scrambled_array_coordinate
scrambled,11,40,23,-0.10201802887095703,scrambled_array_coordinate
scrambled,13,40,23,-0.038334605247898425,scrambled_array_coordinate
scrambled,15,40,23,-0.061606318837854987,scrambled_array_coordinate
scrambled,19,40,23,0.044985877578691227,scrambled_array_coordinate
scrambled,22,40,23,-0.062220216053056512,scrambled_array_coordinate
scrambled,24,40,23,-0.075267041281992103,scrambled_array_coordinate
scrambled,25,40,23,0.036391479830353117,scrambled_array_coordinate
scrambled,29,40,23,-0.050514317897352702,scrambled_array_coordinate
scrambled,33,40,23,0.040144271294445033,scrambled_array_coordinate
scrambled,34,40,23,0.03658958066034846,scrambled_array_coordinate
scrambled,35,40,23,0.10383417558303523,scrambled_array_coordinate
scrambled,39,40,23,0.061209648330329429,scrambled_array_coordinate
scrambled,40,40,23,0.11293921491977559,scrambled_array_coordinate
scrambled,41,40,23,0.082929076391357534,scrambled_array_coordinate
scrambled,43,40,23,-0.097648134261160729,scrambled_array_coordinate
scrambled,44,40,23,0.054958390953280076,scrambled_array_coordinate
scrambled,46,40,23,0.037239392975299046,scrambled_array_coordinate
scrambled,47,40,23,0.037304181846695837,scrambled_array_coordinate
scrambled,49,40,23,-0.080900960974151392,scrambled_array_coordinate
scrambled,10,41,23,0.042216697292537762,scrambled_array_coordinate
scrambled,11,41,23,-0.041744927740923254,scrambled_array_coordinate
scrambled,24,41,23,-0.070385570190584681,scrambled_array_coordinate
scrambled,25,41,23,0.039760471642350498,scrambled_array_coordinate
scrambled,26,41,23,-0.038505689402054379,scrambled_array_coordinate
scrambled,28,41,23,0.038394761149889357,scrambled_array_coordinate
scrambled,29,41,23,-0.047190460637227143,scrambled_array_coordinate
scrambled,40,41,23,0.062852333289639739,scrambled_array_coordinate
scrambled,43,41,23,-0.037136562089785156,scrambled_array_coordinate
scrambled,49,41,23,-0.037469793850641024,scrambled_array_coordinate
scrambled,4,42,23,-0.036806114649573202,scrambled_array_coordinate
scrambled,5,42,23,0.042347371262781854,scrambled_array_coordinate
scrambled,9,42,23,0.04321375385183162,scrambled_array_coordinate
scrambled,11,42,23,0.067823478190324832,scrambled_array_coordinate
scrambled,16,42,23,0.053018521615789745,scrambled_array_coordinate
scrambled,24,42,23,0.049955325025908832,scrambled_array_coordinate
scrambled,27,42,23,0.05124402429016077,scrambled_array_coordinate
scrambled,29,42,23,0.037623270448522095,scrambled_array_coordinate
scrambled,40,42,23,-0.048573171545700483,scrambled_array_coordinate
scrambled,45,42,23,0.035943442682967591,scrambled_array_coordinate
scrambled,49,42,23,0.058693055589904487,scrambled_array_coordinate
scrambled,0,43,23,0.03926641423922083,scrambled_array_coordinate
scrambled,6,43,23,-0.04125403818137769,scrambled_array_coordinate
scrambled,10,43,23,0.061202577373050217,scrambled_array_coordinate
scrambled,11,43,23,-0.074152958805292629,scrambled_array_coordinate
scrambled,16,43,23,-0.052929274834972187,scrambled_array_coordinate
scrambled,20,43,23,-0.057131089181632053,scrambled_array_coordinate
scrambled,22,43,23,-0.036553270909956088,scrambled_array_coordinate
scrambled,24,43,23,-0.072869864227298575,scrambled_array_coordinate
scrambled,27,43,23,-0.043507531208850529,scrambled_array_coordinate
scrambled,29,43,23,-0.052476657180433185,scrambled_array_coordinate
scrambled,30,43,23,-0.043234234413273197,scrambled_array_coordinate
scrambled,40,43,23,0.092219100697184003,scrambled_array_coordinate
scrambled,45,43,23,-0.043796259893745269,scrambled_array_coordinate
scrambled,49,43,23,-0.064387709765149972,scrambled_array_coordinate
scrambled,11,44,23,-0.03668117227464171,scrambled_array_coordinate
scrambled,37,44,23,0.040703933418494133,scrambled_array_coordinate
scrambled,0,45,23,-0.037292113698804009,scrambled_array_coordinate
scrambled,10,46,23,0.063387269652324815,scrambled_array_coordinate
scrambled,11,46,23,-0.046994148251972311,scrambled_array_coordinate
scrambled,22,46,23,-0.041489764128822736,scrambled_array_coordinate
scrambled,24,46,23,-0.05874074403780085,scrambled_array_coordinate
scrambled,40,46,23,0.060894629869013867,scrambled_array_coordinate
scrambled,43,46,23,-0.04705371403685734,scrambled_array_coordinate
scrambled,0,47,23,0.044212405705492668,scrambled_array_coordinate
scrambled,2,47,23,-0.080826483718835773,scrambled_array_coordinate
scrambled,5,47,23,0.047185470931345369,scrambled_array_coordinate
scrambled,6,47,23,0.037693781936538606,scrambled_array_coordinate
scrambled,7,47,23,0.075839767573781844,scrambled_array_coordinate
scrambled,10,47,23,-0.082207770465816926,scrambled_array_coordinate
scrambled,11,47,23,0.090665566729954031,scrambled_array_coordinate
scrambled,15,47,23,0.044709156357764866,scrambled_array_coordinate
scrambled,18,47,23,-0.040176366704098847,scrambled_array_coordinate
scrambled,19,47,23,-0.035951914820963812,scrambled_array_coordinate
scrambled,22,47,23,0.049037089691066856,scrambled_array_coordinate
scrambled,24,47,23,0.090750460538845987,scrambled_array_coordinate
scrambled,25,47,23,-0.050109259839625206,scrambled_array_coordinate
scrambled,26,47,23,0.039901715996153692,scrambled_array_coordinate
scrambled,29,47,23,0.0387647011715321,scrambled_array_coordinate
scrambled,33,47,23,-0.064160159132863867,scrambled_array_coordinate
scrambled,34,47,23,-0.050477795672824545,scrambled_array_coordinate
scrambled,35,47,23,-0.084112136052600386,scrambled_array_coordinate
scrambled,39,47,23,-0.072349037992442009,scrambled_array_coordinate
scrambled,40,47,23,-0.09671297702710184,scrambled_array_coordinate
scrambled,41,47,23,-0.06485981886871596,scrambled_array_coordinate
scrambled,43,47,23,0.095802340354740639,scrambled_array_coordinate
scrambled,44,47,23,-0.058417411326035694,scrambled_array_coordinate
scrambled,46,47,23,-0.075489946693674023,scrambled_array_coordinate
scrambled,47,47,23,-0.038546564116490614,scrambled_array_coordinate
scrambled,4,48,23,-0.053428230859925853,scrambled_array_coordinate
scrambled,10,48,23,0.061345330611919428,scrambled_array_coordinate
scrambled,24,48,23,-0.044318502332037081,scrambled_array_coordinate
scrambled,33,48,23,0.036781884220225151,scrambled_array_coordinate
scrambled,40,48,23,0.058809687674087549,scrambled_array_coordinate
scrambled,41,48,23,0.035803283747793201,scrambled_array_coordinate
scrambled,43,48,23,-0.060288225665052597,scrambled_array_coordinate
scrambled,4,49,23,-0.042586532257889359,scrambled_array_coordinate
scrambled,10,49,23,0.06617627473806055,scrambled_array_coordinate
scrambled,11,49,23,-0.037876051937125052,scrambled_array_coordinate
scrambled,22,49,23,-0.052781266013665402,scrambled_array_coordinate
scrambled,24,49,23,-0.052954308722269736,scrambled_array_coordinate
scrambled,40,49,23,0.062501206801160683,scrambled_array_coordinate
scrambled,43,49,23,-0.059277977532527094,scrambled_array_coordinate
scrambled,20,0,24,0.05460735601992886,scrambled_array_coordinate
scrambled,29,0,24,0.055067125172981131,scrambled_array_coordinate
scrambled,40,0,24,-0.047491708513424033,scrambled_array_coordinate
scrambled,46,0,24,-0.040893178647446175,scrambled_array_coordinate
scrambled,15,1,24,-0.047472538521557653,scrambled_array_coordinate
scrambled,22,1,24,-0.039027768192249249,scrambled_array_coordinate
scrambled,23,1,24,-0.04066112417786566,scrambled_array_coordinate
scrambled,39,1,24,-0.043980903988966952,scrambled_array_coordinate
scrambled,40,1,24,0.070703144799542941,scrambled_array_coordinate
scrambled,44,1,24,-0.035895388901399421,scrambled_array_coordinate
scrambled,1,2,24,0.048797198948243282,scrambled_array_coordinate
scrambled,6,2,24,0.040324396951364694,scrambled_array_coordinate
scrambled,9,2,24,-0.03752405699735438,scrambled_array_coordinate
scrambled,10,2,24,-0.073656260386280661,scrambled_array_coordinate
scrambled,13,2,24,0.049072505670033989,scrambled_array_coordinate
scrambled,14,2,24,-0.036900536554633961,scrambled_array_coordinate
scrambled,22,2,24,0.042769610409467765,scrambled_array_coordinate
scrambled,29,2,24,-0.042933225222744578,scrambled_array_coordinate
scrambled,37,2,24,0.038138726808252199,scrambled_array_coordinate
scrambled,2,3,24,-0.043575592798036508,scrambled_array_coordinate
scrambled,8,3,24,0.03690487778073321,scrambled_array_coordinate
scrambled,9,3,24,0.073855448669650936,scrambled_array_coordinate
scrambled,13,3,24,-0.037598951442539247,scrambled_array_coordinate
scrambled,14,3,24,0.048025146683254423,scrambled_array_coordinate
scrambled,29,3,24,0.065409833606615092,scrambled_array_coordinate
scrambled,32,3,24,-0.040321097933647188,scrambled_array_coordinate
scrambled,33,3,24,-0.040354487102594455,scrambled_array_coordinate
scrambled,40,3,24,-0.092167229898823089,scrambled_array_coordinate
scrambled,18,4,24,-0.04905472242213621,scrambled_array_coordinate
scrambled,22,4,24,0.052921619332894951,scrambled_array_coordinate
scrambled,27,4,24,-0.040428494975738506,scrambled_array_coordinate
scrambled,32,4,24,-0.041141607983556962,scrambled_array_coordinate
scrambled,40,4,24,-0.039597540034391566,scrambled_array_coordinate
scrambled,20,5,24,-0.048344784112737106,scrambled_array_coordinate
scrambled,8,6,24,0.0445280522679838,scrambled_array_coordinate
scrambled,9,6,24,0.053145613672853878,scrambled_array_coordinate
scrambled,14,6,24,0.054296242257035679,scrambled_array_coordinate
scrambled,19,6,24,-0.043366691324771389,scrambled_array_coordinate
scrambled,33,6,24,-0.047784980177311615,scrambled_array_coordinate
scrambled,40,6,24,-0.047613078895514083,scrambled_array_coordinate
scrambled,2,7,24,0.037076496949898737,scrambled_array_coordinate
scrambled,18,7,24,0.036634006294718281,scrambled_array_coordinate
scrambled,19,7,24,0.041107707182607825,scrambled_array_coordinate
scrambled,22,7,24,-0.044277436718633774,scrambled_array_coordinate
scrambled,3,8,24,0.042365444418280294,scrambled_array_coordinate
scrambled,13,8,24,0.04315301965047199,scrambled_array_coordinate
scrambled,22,8,24,0.044464372296399761,scrambled_array_coordinate
scrambled,42,8,24,-0.042934524626876185,scrambled_array_coordinate
scrambled,46,8,24,0.046255941021241094,scrambled_array_coordinate
scrambled,13,10,24,-0.037142765770279099,scrambled_array_coordinate
scrambled,20,10,24,-0.05958689919928447,scrambled_array_coordinate
scrambled,25,10,24,-0.053785651491713306,scrambled_array_coordinate
scrambled,30,10,24,-0.040294983697266973,scrambled_array_coordinate
scrambled,40,10,24,-0.043660332204819706,scrambled_array_coordinate
scrambled,6,11,24,-0.037302137295437299,scrambled_array_coordinate
scrambled,15,11,24,-0.036892459590362102,scrambled_array_coordinate
scrambled,22,11,24,-0.037995008561521701,scrambled_array_coordinate
scrambled,23,11,24,-0.038280483628426683,scrambled_array_coordinate
scrambled,32,11,24,0.038319799953053207,scrambled_array_coordinate
scrambled,40,11,24,0.051643305032282122,scrambled_array_coordinate
scrambled,20,12,24,0.037611597785256891,scrambled_array_coordinate
scrambled,2,13,24,0.03956164298429677,scrambled_array_coordinate
scrambled,40,13,24,0.041166610144914871,scrambled_array_coordinate
scrambled,42,13,24,-0.042508655350184436,scrambled_array_coordinate
scrambled,49,13,24,-0.047941985679629283,scrambled_array_coordinate
scrambled,4,14,24,0.039119855462258095,scrambled_array_coordinate
scrambled,6,14,24,-0.038921632604994975,scrambled_array_coordinate
scrambled,10,14,24,0.03912448164825981,scrambled_array_coordinate
scrambled,11,14,24,0.036945953684074204,scrambled_array_coordinate
scrambled,18,14,24,0.041167003700789295,scrambled_array_coordinate
scrambled,20,14,24,0.047718661262543836,scrambled_array_coordinate
scrambled,30,14,24,0.04133909092478736,scrambled_array_coordinate
scrambled,38,14,24,0.049134363097708252,scrambled_array_coordinate
scrambled,40,14,24,-0.042896519864241506,scrambled_array_coordinate
scrambled,42,14,24,0.036648072579328082,scrambled_array_coordinate
scrambled,1,15,24,0.043149274257085431,scrambled_array_coordinate
scrambled,10,15,24,-0.037688437679025417,scrambled_array_coordinate
scrambled,14,15,24,0.037949754097174555,scrambled_array_coordinate
scrambled,18,15,24,-0.039155635994799091,scrambled_array_coordinate
scrambled,19,15,24,-0.044012333272657606,scrambled_array_coordinate
scrambled,23,15,24,0.049856204939450428,scrambled_array_coordinate
scrambled,24,15,24,-0.045370941308490086,scrambled_array_coordinate
scrambled,26,15,24,-0.048458929655475248,scrambled_array_coordinate
scrambled,28,15,24,0.039703239391007401,scrambled_array_coordinate
scrambled,29,15,24,-0.043114992855185517,scrambled_array_coordinate
scrambled,30,15,24,0.050550453015093477,scrambled_array_coordinate
scrambled,31,15,24,-0.047820053828869835,scrambled_array_coordinate
scrambled,32,15,24,-0.044044969539180599,scrambled_array_coordinate
scrambled,47,15,24,-0.050689476886467515,scrambled_array_coordinate
scrambled,48,15,24,0.063616437735390122,scrambled_array_coordinate
scrambled,49,15,24,-0.039780830812783413,scrambled_array_coordinate
scrambled,1,16,24,-0.03975096432434741,scrambled_array_coordinate
scrambled,3,16,24,0.062451954785921596,scrambled_array_coordinate
scrambled,5,16,24,0.038036029146269343,scrambled_array_coordinate
scrambled,6,16,24,-0.056222008649924632,scrambled_array_coordinate
scrambled,7,16,24,0.042112408181119332,scrambled_array_coordinate
scrambled,11,16,24,0.035847972607566003,scrambled_array_coordinate
scrambled,14,16,24,0.038181155983559256,scrambled_array_coordinate
scrambled,25,16,24,-0.051667680278046572,scrambled_array_coordinate
scrambled,36,16,24,0.036452810443495617,scrambled_array_coordinate
scrambled,38,16,24,0.048928781250506828,scrambled_array_coordinate
scrambled,49,16,24,-0.041007038708781057,scrambled_array_coordinate
scrambled,10,17,24,0.050635584278476128,scrambled_array_coordinate
scrambled,27,17,24,-0.046750573164597742,scrambled_array_coordinate
scrambled,46,17,24,-0.052896949072773633,scrambled_array_coordinate
scrambled,2,18,24,-0.047147203732505596,scrambled_array_coordinate
scrambled,8,18,24,0.057930295589802047,scrambled_array_coordinate
scrambled,9,18,24,0.043108923829363981,scrambled_array_coordinate
scrambled,11,18,24,-0.054705708270510793,scrambled_array_coordinate
scrambled,27,18,24,0.038315680789551013,scrambled_array_coordinate
scrambled,28,18,24,-0.045745311078141303,scrambled_array_coordinate
scrambled,30,18,24,-0.038440445087019083,scrambled_array_coordinate
scrambled,38,18,24,-0.060397245387763539,scrambled_array_coordinate
scrambled,47,18,24,0.073337036250956389,scrambled_array_coordinate
scrambled,48,18,24,-0.043831188488434536,scrambled_array_coordinate
scrambled,49,18,24,0.053962656079822591,scrambled_array_coordinate
scrambled,4,19,24,-0.037931875968388311,scrambled_array_coordinate
scrambled,18,19,24,0.038513358442461357,scrambled_array_coordinate
scrambled,20,19,24,-0.049242932058487635,scrambled_array_coordinate
scrambled,24,19,24,0.050268802672261706,scrambled_array_coordinate
scrambled,32,19,24,0.037178063425121442,scrambled_array_coordinate
scrambled,39,19,24,-0.037156673520801695,scrambled_array_coordinate
scrambled,6,20,24,-0.04178287504517119,scrambled_array_coordinate
scrambled,1,21,24,0.052646580860297255,scrambled_array_coordinate
scrambled,8,21,24,0.04010666584923471,scrambled_array_coordinate
scrambled,13,21,24,0.063624121561983812,scrambled_array_coordinate
scrambled,19,21,24,-0.039727347174537339,scrambled_array_coordinate
scrambled,20,21,24,0.038816735986141729,scrambled_array_coordinate
scrambled,24,21,24,-0.03835677631630547,scrambled_array_coordinate
scrambled,41,21,24,0.043234696158568703,scrambled_array_coordinate
scrambled,25,22,24,0.036106216354833361,scrambled_array_coordinate
scrambled,46,22,24,-0.044567368171358882,scrambled_array_coordinate
scrambled,9,23,24,-0.052547266479101802,scrambled_array_coordinate
scrambled,10,23,24,-0.058419282763600991,scrambled_array_coordinate
scrambled,13,23,24,0.06920924704941149,scrambled_array_coordinate
scrambled,22,23,24,0.038802878805534284,scrambled_array_coordinate
scrambled,24,23,24,0.041811305034490744,scrambled_array_coordinate
scrambled,25,23,24,0.052322724657064897,scrambled_array_coordinate
scrambled,39,23,24,-0.042075999351811187,scrambled_array_coordinate
scrambled,40,23,24,0.041720114950233228,scrambled_array_coordinate
scrambled,46,23,24,-0.038464760677150482,scrambled_array_coordinate
scrambled,2,24,24,0.035767867811582678,scrambled_array_coordinate
scrambled,13,24,24,-0.050248375247459093,scrambled_array_coordinate
scrambled,14,24,24,0.040705513789958597,scrambled_array_coordinate
scrambled,24,24,24,-0.043733950864174163,scrambled_array_coordinate
scrambled,29,24,24,-0.042007846567504441,scrambled_array_coordinate
scrambled,32,24,24,-0.039232246376695264,scrambled_array_coordinate
scrambled,47,24,24,-0.044960324190530733,scrambled_array_coordinate
scrambled,48,24,24,0.04723077663915843,scrambled_array_coordinate
scrambled,49,24,24,-0.05793237683424108,scrambled_array_coordinate
scrambled,7,25,24,0.036654968835929072,scrambled_array_coordinate
scrambled,11,25,24,0.056312034611509409,scrambled_array_coordinate
scrambled,18,25,24,0.043516496483526818,scrambled_array_coordinate
scrambled,23,25,24,-0.047952042854881936,scrambled_array_coordinate
scrambled,24,25,24,0.057640016517139271,scrambled_array_coordinate
scrambled,34,25,24,-0.041611320721284165,scrambled_array_coordinate
scrambled,39,25,24,-0.059073453180759281,scrambled_array_coordinate
scrambled,44,25,24,-0.038009030271038129,scrambled_array_coordinate
scrambled,46,25,24,-0.046029173150773768,scrambled_array_coordinate
scrambled,0,26,24,0.05808993729842081,scrambled_array_coordinate
scrambled,14,26,24,0.040266316726137202,scrambled_array_coordinate
scrambled,20,26,24,0.043707323153931554,scrambled_array_coordinate
scrambled,22,26,24,-0.042062792976514496,scrambled_array_coordinate
scrambled,30,26,24,0.047019207674980946,scrambled_array_coordinate
scrambled,41,26,24,0.043697433439607428,scrambled_array_coordinate
scrambled,46,26,24,-0.052994332383725029,scrambled_array_coordinate
scrambled,22,27,24,0.038578511130734114,scrambled_array_coordinate
scrambled,39,29,24,0.037633933819213289,scrambled_array_coordinate
scrambled,11,30,24,-0.035973392004205844,scrambled_array_coordinate
scrambled,13,30,24,-0.037559115437038756,scrambled_array_coordinate
scrambled,47,30,24,0.047381861277958071,scrambled_array_coordinate
scrambled,0,31,24,0.042218940392429065,scrambled_array_coordinate
scrambled,10,31,24,-0.04552139515994736,scrambled_array_coordinate
scrambled,27,31,24,0.049445699778175325,scrambled_array_coordinate
scrambled,10,33,24,-0.044042400699358275,scrambled_array_coordinate
scrambled,11,33,24,-0.038976838026502286,scrambled_array_coordinate
scrambled,37,33,24,0.037473377918760008,scrambled_array_coordinate
scrambled,1,34,24,-0.052571170471999884,scrambled_array_coordinate
scrambled,2,34,24,0.045273907615520997,scrambled_array_coordinate
scrambled,22,34,24,-0.05342637631798608,scrambled_array_coordinate
scrambled,36,34,24,0.057104949396223785,scrambled_array_coordinate
scrambled,38,34,24,0.043465138810911776,scrambled_array_coordinate
scrambled,41,34,24,-0.040519411199636382,scrambled_array_coordinate
scrambled,46,34,24,0.064266975430459533,scrambled_array_coordinate
scrambled,47,34,24,-0.041781687854049461,scrambled_array_coordinate
scrambled,20,35,24,0.039176834116454548,scrambled_array_coordinate
scrambled,30,35,24,0.038414820070019881,scrambled_array_coordinate
scrambled,38,35,24,0.043712877556122437,scrambled_array_coordinate
scrambled,46,35,24,0.043076689731074008,scrambled_array_coordinate
scrambled,47,35,24,-0.037348876411230476,scrambled_array_coordinate
scrambled,6,36,24,0.036677547392880198,scrambled_array_coordinate
scrambled,14,36,24,-0.039641620639069668,scrambled_array_coordinate
scrambled,20,36,24,-0.047630055565953837,scrambled_array_coordinate
scrambled,33,36,24,0.037838985264117157,scrambled_array_coordinate
scrambled,46,36,24,0.045205914796292927,scrambled_array_coordinate
scrambled,49,36,24,0.038116233604633502,scrambled_array_coordinate
scrambled,4,37,24,-0.035966058457607704,scrambled_array_coordinate
scrambled,11,37,24,-0.038509892590010399,scrambled_array_coordinate
scrambled,13,37,24,-0.039123376557313828,scrambled_array_coordinate
scrambled,9,38,24,0.039692383029207419,scrambled_array_coordinate
scrambled,11,38,24,-0.075849592245536654,scrambled_array_coordinate
scrambled,18,38,24,-0.041270984269191124,scrambled_array_coordinate
scrambled,39,38,24,0.04258225550781513,scrambled_array_coordinate
scrambled,40,38,24,-0.042431779772307346,scrambled_array_coordinate
scrambled,1,39,24,0.069282636309397544,scrambled_array_coordinate
scrambled,9,39,24,-0.051961136402853381,scrambled_array_coordinate
scrambled,15,39,24,0.056170160130502911,scrambled_array_coordinate
scrambled,28,39,24,0.041884623631859623,scrambled_array_coordinate
scrambled,35,39,24,-0.037133267169501896,scrambled_array_coordinate
scrambled,40,40,24,-0.06405920980722013,scrambled_array_coordinate
scrambled,1,41,24,0.04748500600538156,scrambled_array_coordinate
scrambled,22,41,24,0.042701854535985045,scrambled_array_coordinate
scrambled,1,42,24,-0.045038757094719883,scrambled_array_coordinate
scrambled,6,42,24,-0.037979125201661502,scrambled_array_coordinate
scrambled,10,42,24,0.06055315365756489,scrambled_array_coordinate
scrambled,13,42,24,-0.057014137661614027,scrambled_array_coordinate
scrambled,22,42,24,-0.047057265112748776,scrambled_array_coordinate
scrambled,25,42,24,-0.049037158386386691,scrambled_array_coordinate
scrambled,0,43,24,-0.048212105900018697,scrambled_array_coordinate
scrambled,11,43,24,0.042605438331075808,scrambled_array_coordinate
scrambled,20,43,24,-0.054139127797454563,scrambled_array_coordinate
scrambled,22,43,24,0.055557124095215196,scrambled_array_coordinate
scrambled,25,43,24,-0.045989670512467933,scrambled_array_coordinate
scrambled,46,43,24,0.041647887701640907,scrambled_array_coordinate
scrambled,49,43,24,0.042910781087842277,scrambled_array_coordinate
scrambled,4,44,24,0.0440022017341032,scrambled_array_coordinate
scrambled,15,44,24,0.048784071440714921,scrambled_array_coordinate
scrambled,19,44,24,0.039846346722533101,scrambled_array_coordinate
scrambled,20,44,24,0.062430430317926659,scrambled_array_coordinate
scrambled,22,44,24,-0.046633378455201775,scrambled_array_coordinate
scrambled,30,44,24,0.047060191568391148,scrambled_array_coordinate
scrambled,38,44,24,0.038143319092324927,scrambled_array_coordinate
scrambled,42,44,24,0.054443203620390311,scrambled_array_coordinate
scrambled,47,44,24,-0.046134171812550633,scrambled_array_coordinate
scrambled,4,45,24,0.040797082084060535,scrambled_array_coordinate
scrambled,13,45,24,0.045813465148563125,scrambled_array_coordinate
scrambled,14,45,24,-0.043573777176370503,scrambled_array_coordinate
scrambled,40,45,24,0.036070052680645504,scrambled_array_coordinate
scrambled,49,45,24,0.041880353959585295,scrambled_array_coordinate
scrambled,6,47,24,-0.037014102015660799,scrambled_array_coordinate
scrambled,10,47,24,0.045384781059203474,scrambled_array_coordinate
scrambled,20,47,24,-0.062106719276488469,scrambled_array_coordinate
scrambled,22,47,24,0.042123001736872931,scrambled_array_coordinate
scrambled,30,47,24,-0.070456500455913423,scrambled_array_coordinate
scrambled,35,47,24,0.036162766380982342,scrambled_array_coordinate
scrambled,44,47,24,0.039917322981383979,scrambled_array_coordinate
scrambled,47,47,24,0.039432156195224298,scrambled_array_coordinate
scrambled,6,48,24,-0.041149206648229748,scrambled_array_coordinate
scrambled,11,48,24,0.04508170489582608,scrambled_array_coordinate
scrambled,18,48,24,0.042132582330772557,scrambled_array_coordinate
scrambled,23,48,24,-0.05215427700732668,scrambled_array_coordinate
scrambled,24,48,24,0.053718460500354039,scrambled_array_coordinate
scrambled,26,48,24,0.037613863741491969,scrambled_array_coordinate
scrambled,34,48,24,-0.037215722997959354,scrambled_array_coordinate
scrambled,39,48,24,-0.058191282178529521,scrambled_array_coordinate
scrambled,46,48,24,-0.040623812229523326,scrambled_array_coordinate
scrambled,40,49,24,-0.051919974910102099,scrambled_array_coordinate
scrambled,10,0,25,-0.038723009002064351,scrambled_array_coordinate
scrambled,24,0,25,0.052571271392946879,scrambled_array_coordinate
scrambled,46,0,25,-0.043369462758572071,scrambled_array_coordinate
scrambled,0,1,25,-0.052724657722876718,scrambled_array_coordinate
scrambled,41,1,25,-0.053290384138232456,scrambled_array_coordinate
scrambled,46,1,25,0.048839524226335904,scrambled_array_coordinate
scrambled,47,1,25,0.054763358624531758,scrambled_array_coordinate
scrambled,4,2,25,0.042321432531846073,scrambled_array_coordinate
scrambled,22,2,25,0.045952005870718446,scrambled_array_coordinate
scrambled,6,3,25,-0.035828828304929568,scrambled_array_coordinate
scrambled,11,3,25,0.053492882348209189,scrambled_array_coordinate
scrambled,38,3,25,0.03737393361737211,scrambled_array_coordinate
scrambled,39,3,25,-0.038500501448977251,scrambled_array_coordinate
scrambled,40,3,25,-0.0449410984389342,scrambled_array_coordinate
scrambled,43,3,25,0.045663938364982753,scrambled_array_coordinate
scrambled,46,3,25,-0.053314044446606007,scrambled_array_coordinate
scrambled,20,4,25,0.050625826434132132,scrambled_array_coordinate
scrambled,41,4,25,-0.05062195187422746,scrambled_array_coordinate
scrambled,43,4,25,0.039783584048840283,scrambled_array_coordinate
scrambled,9,6,25,0.050071171036075876,scrambled_array_coordinate
scrambled,40,6,25,-0.058564344815386402,scrambled_array_coordinate
scrambled,41,6,25,-0.052909945248078336,scrambled_array_coordinate
scrambled,43,6,25,0.045630109216342106,scrambled_array_coordinate
scrambled,1,7,25,-0.038465259400567893,scrambled_array_coordinate
scrambled,43,7,25,-0.036753655978258234,scrambled_array_coordinate
scrambled,3,8,25,0.044684159562091257,scrambled_array_coordinate
scrambled,5,8,25,0.052158642483106636,scrambled_array_coordinate
scrambled,8,8,25,0.055841864184902244,scrambled_array_coordinate
scrambled,10,8,25,-0.059872304297128774,scrambled_array_coordinate
scrambled,11,8,25,-0.046632387922501344,scrambled_array_coordinate
scrambled,14,8,25,-0.049685799827828663,scrambled_array_coordinate
scrambled,15,8,25,0.045790845558694795,scrambled_array_coordinate
scrambled,19,8,25,-0.04324116052286589,scrambled_array_coordinate
scrambled,20,8,25,0.070529523731749325,scrambled_array_coordinate
scrambled,21,8,25,0.039419403837294434,scrambled_array_coordinate
scrambled,25,8,25,-0.037290463547537463,scrambled_array_coordinate
scrambled,31,8,25,0.061486496375266035,scrambled_array_coordinate
scrambled,36,8,25,0.085585577983103206,scrambled_array_coordinate
scrambled,38,8,25,0.045182806843210063,scrambled_array_coordinate
scrambled,41,8,25,-0.087148426150317537,scrambled_array_coordinate
scrambled,46,8,25,0.16209253037091337,scrambled_array_coordinate
scrambled,49,8,25,0.074171766408552289,scrambled_array_coordinate
scrambled,1,9,25,-0.04455000063787621,scrambled_array_coordinate
scrambled,3,9,25,-0.039174301823664236,scrambled_array_coordinate
scrambled,6,9,25,0.050805914074470791,scrambled_array_coordinate
scrambled,9,9,25,0.036843569411096608,scrambled_array_coordinate
scrambled,22,9,25,-0.039721767185089081,scrambled_array_coordinate
scrambled,41,9,25,-0.063709449836392429,scrambled_array_coordinate
scrambled,44,9,25,-0.045768264437895757,scrambled_array_coordinate
scrambled,46,9,25,0.040488686539386601,scrambled_array_coordinate
scrambled,49,9,25,0.055614290159086331,scrambled_array_coordinate
scrambled,13,10,25,0.036190320376952988,scrambled_array_coordinate
scrambled,41,10,25,0.04118894143211356,scrambled_array_coordinate
scrambled,11,11,25,-0.036194601840055456,scrambled_array_coordinate
scrambled,33,11,25,0.045965613972391885,scrambled_array_coordinate
scrambled,34,11,25,0.036100585733432305,scrambled_array_coordinate
scrambled,40,11,25,0.044396351583198046,scrambled_array_coordinate
scrambled,46,11,25,0.049185017319059061,scrambled_array_coordinate
scrambled,3,12,25,0.038208661545307679,scrambled_array_coordinate
scrambled,31,12,25,0.037786473924139592,scrambled_array_coordinate
scrambled,41,12,25,0.052577451436181803,scrambled_array_coordinate
scrambled,44,12,25,0.037057361580298771,scrambled_array_coordinate
scrambled,1,13,25,0.038583667589214145,scrambled_array_coordinate
scrambled,5,13,25,-0.039976532420054431,scrambled_array_coordinate
scrambled,8,13,25,-0.052216763128815451,scrambled_array_coordinate
scrambled,10,13,25,0.055374989785326942,scrambled_array_coordinate
scrambled,25,13,25,0.040765569255014261,scrambled_array_coordinate
scrambled,29,13,25,0.044325728887376695,scrambled_array_coordinate
scrambled,30,13,25,-0.044938868259432184,scrambled_array_coordinate
scrambled,41,13,25,0.03963342780539103,scrambled_array_coordinate
scrambled,44,13,25,0.039962743105796894,scrambled_array_coordinate
scrambled,46,13,25,-0.069730344491453683,scrambled_array_coordinate
scrambled,47,13,25,0.053214545213550818,scrambled_array_coordinate
scrambled,49,13,25,-0.041720041365725595,scrambled_array_coordinate
scrambled,1,17,25,0.052131705168864055,scrambled_array_coordinate
scrambled,4,17,25,-0.053410238702263746,scrambled_array_coordinate
scrambled,12,17,25,0.037734185791752244,scrambled_array_coordinate
scrambled,25,17,25,0.049878269620889634,scrambled_array_coordinate
scrambled,47,17,25,0.053450812177673862,scrambled_array_coordinate
scrambled,11,18,25,0.051377006072812974,scrambled_array_coordinate
scrambled,14,18,25,-0.037516292129208637,scrambled_array_coordinate
scrambled,18,18,25,0.042419282898328775,scrambled_array_coordinate
scrambled,38,18,25,0.046550516619224727,scrambled_array_coordinate
scrambled,43,18,25,0.044035336212397483,scrambled_array_coordinate
scrambled,11,19,25,0.038503240039926098,scrambled_array_coordinate
scrambled,22,19,25,0.065091604431595659,scrambled_array_coordinate
scrambled,24,19,25,0.045638195839979252,scrambled_array_coordinate
scrambled,29,19,25,0.04964649311433468,scrambled_array_coordinate
scrambled,41,19,25,0.070538490336080506,scrambled_array_coordinate
scrambled,46,19,25,-0.066433576383416792,scrambled_array_coordinate
scrambled,8,20,25,0.039678153442751864,scrambled_array_coordinate
scrambled,11,20,25,-0.045590527889702484,scrambled_array_coordinate
scrambled,24,20,25,-0.038300759162976893,scrambled_array_coordinate
scrambled,25,20,25,-0.04929767042378827,scrambled_array_coordinate
scrambled,36,20,25,0.040979879143905308,scrambled_array_coordinate
scrambled,39,20,25,0.042082772708172879,scrambled_array_coordinate
scrambled,41,20,25,-0.039181941708829028,scrambled_array_coordinate
scrambled,46,20,25,0.10715465102307838,scrambled_array_coordinate
scrambled,49,20,25,0.036618235415362986,scrambled_array_coordinate
scrambled,1,21,25,0.05307905154979177,scrambled_array_coordinate
scrambled,3,21,25,0.053735000798977077,scrambled_array_coordinate
scrambled,11,21,25,-0.04485500075820182,scrambled_array_coordinate
scrambled,19,21,25,-0.058227205266235545,scrambled_array_coordinate
scrambled,20,21,25,0.035889779361713371,scrambled_array_coordinate
scrambled,21,21,25,0.058284299223573713,scrambled_array_coordinate
scrambled,25,21,25,-0.036042843038288544,scrambled_array_coordinate
scrambled,31,21,25,0.050345382329963613,scrambled_array_coordinate
scrambled,34,21,25,0.040105092983017364,scrambled_array_coordinate
scrambled,36,21,25,0.050522483712633279,scrambled_array_coordinate
scrambled,44,21,25,0.036098005655277036,scrambled_array_coordinate
scrambled,46,21,25,0.090508217462369492,scrambled_array_coordinate
scrambled,41,22,25,-0.037353835327750627,scrambled_array_coordinate
scrambled,46,22,25,0.059358116527182918,scrambled_array_coordinate
scrambled,49,22,25,0.049002656570484616,scrambled_array_coordinate
scrambled,22,23,25,0.043241401222352746,scrambled_array_coordinate
scrambled,24,23,25,0.048366915952118672,scrambled_array_coordinate
scrambled,29,23,25,0.047087360222292297,scrambled_array_coordinate
scrambled,30,23,25,-0.044574915790780531,scrambled_array_coordinate
scrambled,10,24,25,0.05178149783591194,scrambled_array_coordinate
scrambled,13,24,25,-0.037214761182611508,scrambled_array_coordinate
scrambled,22,25,25,0.041137797481716559,scrambled_array_coordinate
scrambled,24,25,25,0.05483234353138329,scrambled_array_coordinate
scrambled,29,25,25,0.03914272061404335,scrambled_array_coordinate
scrambled,40,25,25,-0.039887869977731256,scrambled_array_coordinate
scrambled,46,25,25,-0.063646068946624196,scrambled_array_coordinate
scrambled,47,25,25,0.038936772254283158,scrambled_array_coordinate
scrambled,9,26,25,0.03685737824304635,scrambled_array_coordinate
scrambled,11,26,25,0.037303544804948255,scrambled_array_coordinate
scrambled,14,26,25,0.038562986005224453,scrambled_array_coordinate
scrambled,22,26,25,0.040229811368620562,scrambled_array_coordinate
scrambled,29,26,25,0.056355196500031408,scrambled_array_coordinate
scrambled,40,26,25,-0.04012316804799132,scrambled_array_coordinate
scrambled,41,26,25,0.057661857595146825,scrambled_array_coordinate
scrambled,44,26,25,0.037511308606063706,scrambled_array_coordinate
scrambled,46,26,25,-0.069918728102041861,scrambled_array_coordinate
scrambled,4,27,25,0.038968166955379892,scrambled_array_coordinate
scrambled,10,27,25,-0.052243789015541581,scrambled_array_coordinate
scrambled,13,27,25,0.036028850933061254,scrambled_array_coordinate
scrambled,46,27,25,0.050762445189871559,scrambled_array_coordinate
scrambled,46,28,25,0.043122729872664384,scrambled_array_coordinate
scrambled,1,29,25,-0.041991098072969801,scrambled_array_coordinate
scrambled,22,29,25,-0.03642849064401707,scrambled_array_coordinate
scrambled,29,29,25,-0.043038791251294999,scrambled_array_coordinate
scrambled,46,29,25,0.046210580787465601,scrambled_array_coordinate
scrambled,9,30,25,-0.036873540778105576,scrambled_array_coordinate
scrambled,4,31,25,0.044921376664822855,scrambled_array_coordinate
scrambled,11,31,25,0.040261540695614405,scrambled_array_coordinate
scrambled,22,31,25,0.036424322921526441,scrambled_array_coordinate
scrambled,25,31,25,-0.055589788731674458,scrambled_array_coordinate
scrambled,41,31,25,0.056650985865806913,scrambled_array_coordinate
scrambled,47,31,25,-0.039704093908565323,scrambled_array_coordinate
scrambled,5,32,25,0.039845579929892447,scrambled_array_coordinate
scrambled,10,32,25,-0.055118750668688807,scrambled_array_coordinate
scrambled,41,32,25,-0.061661453910274486,scrambled_array_coordinate
scrambled,43,32,25,0.03694280715192079,scrambled_array_coordinate
scrambled,46,32,25,0.063860502807664046,scrambled_array_coordinate
scrambled,49,32,25,0.041121915432973832,scrambled_array_coordinate
scrambled,4,33,25,0.03988554484808577,scrambled_array_coordinate
scrambled,6,35,25,0.035775406208021013,scrambled_array_coordinate
scrambled,8,35,25,0.041676146590897495,scrambled_array_coordinate
scrambled,39,35,25,0.041376843070397525,scrambled_array_coordinate
scrambled,46,35,25,0.095820481602784349,scrambled_array_coordinate
scrambled,49,35,25,0.04937857673091222,scrambled_array_coordinate
scrambled,9,36,25,-0.035766185908621725,scrambled_array_coordinate
scrambled,39,36,25,-0.039735703389864915,scrambled_array_coordinate
scrambled,40,36,25,0.03858111871312328,scrambled_array_coordinate
scrambled,41,36,25,0.057948117011777781,scrambled_array_coordinate
scrambled,46,36,25,-0.058817825814275339,scrambled_array_coordinate
scrambled,49,36,25,-0.054286506335032826,scrambled_array_coordinate
scrambled,10,37,25,0.040135341444445388,scrambled_array_coordinate
scrambled,22,37,25,0.046413836273770361,scrambled_array_coordinate
scrambled,27,37,25,-0.039929443351105841,scrambled_array_coordinate
scrambled,29,37,25,0.040989160053439819,scrambled_array_coordinate
scrambled,41,37,25,0.062315824506673591,scrambled_array_coordinate
scrambled,46,37,25,-0.062903838576333138,scrambled_array_coordinate
scrambled,10,38,25,0.039089565436540262,scrambled_array_coordinate
scrambled,27,38,25,-0.03642417807007188,scrambled_array_coordinate
scrambled,20,39,25,-0.042876338646171817,scrambled_array_coordinate
scrambled,22,39,25,0.083826117605679373,scrambled_array_coordinate
scrambled,23,39,25,-0.045905974530810516,scrambled_array_coordinate
scrambled,24,39,25,0.051474310581018687,scrambled_array_coordinate
scrambled,25,39,25,-0.059497934221338547,scrambled_array_coordinate
scrambled,26,39,25,0.050110520121529181,scrambled_array_coordinate
scrambled,27,39,25,-0.037294962623917592,scrambled_array_coordinate
scrambled,29,39,25,0.038232913784373559,scrambled_array_coordinate
scrambled,33,39,25,-0.03880043756202689,scrambled_array_coordinate
scrambled,36,39,25,-0.043505624337804985,scrambled_array_coordinate
scrambled,38,39,25,-0.036427461540822076,scrambled_array_coordinate
scrambled,41,39,25,0.07811569933547638,scrambled_array_coordinate
scrambled,46,39,25,-0.075599802977596151,scrambled_array_coordinate
scrambled,49,39,25,-0.043453127357938159,scrambled_array_coordinate
scrambled,11,40,25,0.04235341777239629,scrambled_array_coordinate
scrambled,31,40,25,-0.036128644272859091,scrambled_array_coordinate
scrambled,33,40,25,-0.04171886909567097,scrambled_array_coordinate
scrambled,40,40,25,-0.058963194456248424,scrambled_array_coordinate
scrambled,46,40,25,-0.077730182207305154,scrambled_array_coordinate
scrambled,1,41,25,0.0453524401710826,scrambled_array_coordinate
scrambled,11,41,25,0.041087616833268212,scrambled_array_coordinate
scrambled,21,41,25,0.041303073883431053,scrambled_array_coordinate
scrambled,22,41,25,0.039699523946682976,scrambled_array_coordinate
scrambled,24,41,25,0.057191540890882922,scrambled_array_coordinate
scrambled,46,41,25,-0.062252892074258423,scrambled_array_coordinate
scrambled,11,42,25,-0.039361537711924424,scrambled_array_coordinate
scrambled,22,42,25,-0.042568993481378485,scrambled_array_coordinate
scrambled,24,42,25,-0.049257948646657626,scrambled_array_coordinate
scrambled,29,42,25,-0.035851989099796644,scrambled_array_coordinate
scrambled,46,42,25,0.038072363960607286,scrambled_array_coordinate
scrambled,1,43,25,0.043379311267395387,scrambled_array_coordinate
scrambled,10,43,25,-0.047536314910250461,scrambled_array_coordinate
scrambled,11,43,25,0.039935765877092994,scrambled_array_coordinate
scrambled,21,43,25,0.042119517979067989,scrambled_array_coordinate
scrambled,24,43,25,0.061364391718413007,scrambled_array_coordinate
scrambled,27,43,25,0.037079474224278521,scrambled_array_coordinate
scrambled,46,43,25,-0.044726993905992787,scrambled_array_coordinate
scrambled,14,44,25,0.045199554998858638,scrambled_array_coordinate
scrambled,22,44,25,0.044899745007582516,scrambled_array_coordinate
scrambled,36,44,25,-0.046121189370815982,scrambled_array_coordinate
scrambled,38,44,25,-0.037486601479000022,scrambled_array_coordinate
scrambled,41,44,25,0.070689422697081158,scrambled_array_coordinate
scrambled,43,44,25,-0.038403602512992574,scrambled_array_coordinate
scrambled,46,44,25,-0.054550999660839983,scrambled_array_coordinate
scrambled,22,46,25,0.036673753038615774,scrambled_array_coordinate
scrambled,1,47,25,0.043961226520889976,scrambled_array_coordinate
scrambled,2,47,25,0.037839554089135301,scrambled_array_coordinate
scrambled,6,47,25,-0.070851462321369227,scrambled_array_coordinate
scrambled,25,47,25,0.041657516997843466,scrambled_array_coordinate
scrambled,35,47,25,0.035954894687708884,scrambled_array_coordinate
scrambled,40,47,25,0.054498514581414123,scrambled_array_coordinate
scrambled,41,47,25,0.055733716538493849,scrambled_array_coordinate
scrambled,46,47,25,-0.064154586644459957,scrambled_array_coordinate
scrambled,49,47,25,-0.064533902471225257,scrambled_array_coordinate
scrambled,10,49,25,-0.039898548718480129,scrambled_array_coordinate
scrambled,15,49,25,0.045015168142824621,scrambled_array_coordinate
scrambled,22,49,25,0.044265914509007555,scrambled_array_coordinate
scrambled,25,49,25,-0.035929062255447848,scrambled_array_coordinate
scrambled,40,0,26,-0.056079277010574448,scrambled_array_coordinate
scrambled,43,0,26,0.043178677506886122,scrambled_array_coordinate
scrambled,24,2,26,0.041473567189782297,scrambled_array_coordinate
scrambled,43,2,26,0.037697965363472856,scrambled_array_coordinate
scrambled,10,3,26,-0.052696568807669535,scrambled_array_coordinate
scrambled,15,3,26,0.040100255548662013,scrambled_array_coordinate
scrambled,40,3,26,-0.062740601532748741,scrambled_array_coordinate
scrambled,11,4,26,0.043237706034574337,scrambled_array_coordinate
scrambled,22,4,26,0.058978277114884396,scrambled_array_coordinate
scrambled,24,4,26,0.039606099733118717,scrambled_array_coordinate
scrambled,43,4,26,0.036354285277095638,scrambled_array_coordinate
scrambled,46,4,26,-0.056371129115803324,scrambled_array_coordinate
scrambled,11,6,26,0.040459189131577533,scrambled_array_coordinate
scrambled,40,6,26,-0.047160295832513584,scrambled_array_coordinate
scrambled,47,6,26,-0.037656992815226234,scrambled_array_coordinate
scrambled,1,7,26,0.046089473175432473,scrambled_array_coordinate
scrambled,23,7,26,0.038614438653722126,scrambled_array_coordinate
scrambled,25,7,26,0.053088558302075387,scrambled_array_coordinate
scrambled,26,7,26,-0.036264006325346564,scrambled_array_coordinate
scrambled,11,8,26,0.040806850038490487,scrambled_array_coordinate
scrambled,12,8,26,-0.039874982738372776,scrambled_array_coordinate
scrambled,20,8,26,-0.040354672316506912,scrambled_array_coordinate
scrambled,22,8,26,0.065387712833598399,scrambled_array_coordinate
scrambled,25,8,26,-0.056489101821116008,scrambled_array_coordinate
scrambled,41,8,26,0.061713770773637863,scrambled_array_coordinate
scrambled,46,8,26,-0.060869621566236536,scrambled_array_coordinate
scrambled,11,9,26,0.044097878779404111,scrambled_array_coordinate
scrambled,46,9,26,-0.050779415420488735,scrambled_array_coordinate
scrambled,24,10,26,-0.036878825728645231,scrambled_array_coordinate
scrambled,36,10,26,0.037566701093002898,scrambled_array_coordinate
scrambled,41,10,26,-0.047570228806984208,scrambled_array_coordinate
scrambled,46,10,26,0.055900777018085351,scrambled_array_coordinate
scrambled,10,11,26,0.041519248997797048,scrambled_array_coordinate
scrambled,11,11,26,-0.036455956600528867,scrambled_array_coordinate
scrambled,40,11,26,0.046823154998988058,scrambled_array_coordinate
scrambled,41,11,26,0.053799582571286302,scrambled_array_coordinate
scrambled,43,11,26,-0.048175928797189571,scrambled_array_coordinate
scrambled,2,13,26,0.037471972690692308,scrambled_array_coordinate
scrambled,24,13,26,-0.040984393506718911,scrambled_array_coordinate
scrambled,29,13,26,-0.040354460616472597,scrambled_array_coordinate
scrambled,49,13,26,-0.037553412429419598,scrambled_array_coordinate
scrambled,20,14,26,0.047811536133863637,scrambled_array_coordinate
scrambled,25,16,26,-0.053301057265853283,scrambled_array_coordinate
scrambled,19,17,26,0.039718090371341136,scrambled_array_coordinate
scrambled,43,17,26,-0.040350617501920087,scrambled_array_coordinate
scrambled,46,18,26,-0.03778439762807291,scrambled_array_coordinate
scrambled,36,19,26,0.039049906362323104,scrambled_array_coordinate
scrambled,41,19,26,-0.04773235083644873,scrambled_array_coordinate
scrambled,46,19,26,0.049273827812600438,scrambled_array_coordinate
scrambled,41,20,26,0.047200092081087809,scrambled_array_coordinate
scrambled,46,20,26,-0.04147896275237644,scrambled_array_coordinate
scrambled,49,20,26,-0.041375631766448089,scrambled_array_coordinate
scrambled,25,21,26,-0.037959882947617644,scrambled_array_coordinate
scrambled,41,21,26,0.055876667086402224,scrambled_array_coordinate
scrambled,49,23,26,0.039936185215946829,scrambled_array_coordinate
scrambled,18,24,26,-0.037651324109607469,scrambled_array_coordinate
scrambled,23,24,26,0.040827321567032851,scrambled_array_coordinate
scrambled,24,24,26,-0.075488541002609794,scrambled_array_coordinate
scrambled,26,24,26,-0.047265454847483165,scrambled_array_coordinate
scrambled,29,24,26,-0.037637867787704962,scrambled_array_coordinate
scrambled,48,24,26,0.055198872724976478,scrambled_array_coordinate
scrambled,35,25,26,-0.038211923314394748,scrambled_array_coordinate
scrambled,40,25,26,-0.044428014790094048,scrambled_array_coordinate
scrambled,41,25,26,-0.042509579092085151,scrambled_array_coordinate
scrambled,25,27,26,-0.049095323194890232,scrambled_array_coordinate
scrambled,13,30,26,-0.046780362740427066,scrambled_array_coordinate
scrambled,41,31,26,-0.041986240320369204,scrambled_array_coordinate
scrambled,49,31,26,0.038245432430859878,scrambled_array_coordinate
scrambled,40,32,26,-0.039524569400670964,scrambled_array_coordinate
scrambled,46,37,26,0.037211253733889546,scrambled_array_coordinate
scrambled,22,38,26,-0.037180247606399021,scrambled_array_coordinate
scrambled,12,39,26,0.042487171478910145,scrambled_array_coordinate
scrambled,19,39,26,-0.041535762418162737,scrambled_array_coordinate
scrambled,41,39,26,-0.075902216606541173,scrambled_array_coordinate
scrambled,43,39,26,0.049762066127355543,scrambled_array_coordinate
scrambled,46,39,26,0.076421122281380593,scrambled_array_coordinate
scrambled,5,40,26,0.039303516651850376,scrambled_array_coordinate
scrambled,9,40,26,0.038399130434216236,scrambled_array_coordinate
scrambled,40,40,26,-0.051933097113917408,scrambled_array_coordinate
scrambled,41,40,26,-0.060001630198581943,scrambled_array_coordinate
scrambled,43,40,26,0.040184686202518069,scrambled_array_coordinate
scrambled,49,40,26,0.042292352526067424,scrambled_array_coordinate
scrambled,1,41,26,0.054816469373859672,scrambled_array_coordinate
scrambled,6,41,26,0.038706478614020677,scrambled_array_coordinate
scrambled,10,41,26,-0.061545900612267931,scrambled_array_coordinate
scrambled,15,41,26,0.053323895929728908,scrambled_array_coordinate
scrambled,19,41,26,-0.040814965395954382,scrambled_array_coordinate
scrambled,22,41,26,0.057236458678234285,scrambled_array_coordinate
scrambled,23,41,26,0.039607530789485805,scrambled_array_coordinate
scrambled,26,41,26,-0.039245165552585289,scrambled_array_coordinate
scrambled,28,41,26,0.036461011849403445,scrambled_array_coordinate
scrambled,30,41,26,0.036938991446314969,scrambled_array_coordinate
scrambled,43,41,26,0.037883588601455777,scrambled_array_coordinate
scrambled,48,41,26,0.036292691689455779,scrambled_array_coordinate
scrambled,10,42,26,0.043909083676134109,scrambled_array_coordinate
scrambled,13,42,26,-0.047903204827757978,scrambled_array_coordinate
scrambled,49,42,26,-0.04340935598303413,scrambled_array_coordinate
scrambled,11,43,26,0.044191783362387382,scrambled_array_coordinate
scrambled,25,43,26,-0.038658740322650091,scrambled_array_coordinate
scrambled,40,43,26,-0.039741916424284297,scrambled_array_coordinate
scrambled,13,45,26,0.043748392588314117,scrambled_array_coordinate
scrambled,24,47,26,-0.053886150369377127,scrambled_array_coordinate
scrambled,33,47,26,0.036123571317750632,scrambled_array_coordinate
scrambled,40,47,26,0.04417784831295208,scrambled_array_coordinate
scrambled,46,47,26,0.060312697541051147,scrambled_array_coordinate
scrambled,40,49,26,-0.036594722211595605,scrambled_array_coordinate
scrambled,43,49,26,0.036420827019438343,scrambled_array_coordinate
scrambled,20,0,27,0.052654088357523471,scrambled_array_coordinate
scrambled,22,0,27,-0.064500813398690932,scrambled_array_coordinate
scrambled,29,0,27,-0.036278315154355388,scrambled_array_coordinate
scrambled,30,0,27,0.037837549589259167,scrambled_array_coordinate
scrambled,38,0,27,0.038962104629272958,scrambled_array_coordinate
scrambled,41,0,27,-0.040241454185735354,scrambled_array_coordinate
scrambled,46,0,27,0.10576527457983019,scrambled_array_coordinate
scrambled,49,0,27,0.040188678442845613,scrambled_array_coordinate
scrambled,0,1,27,-0.062238326868168325,scrambled_array_coordinate
scrambled,1,1,27,0.039677006653522723,scrambled_array_coordinate
scrambled,9,1,27,0.041138312374526996,scrambled_array_coordinate
scrambled,12,1,27,0.063519466756914139,scrambled_array_coordinate
scrambled,21,1,27,0.045071394475425949,scrambled_array_coordinate
scrambled,22,1,27,-0.037001543844978224,scrambled_array_coordinate
scrambled,25,1,27,0.040424663386833974,scrambled_array_coordinate
scrambled,28,1,27,-0.037250406357049771,scrambled_array_coordinate
scrambled,33,1,27,0.041297082508181517,scrambled_array_coordinate
scrambled,36,1,27,0.036785656691167019,scrambled_array_coordinate
scrambled,38,1,27,0.042327718524037827,scrambled_array_coordinate
scrambled,41,1,27,-0.081267329698516758,scrambled_array_coordinate
scrambled,46,1,27,0.0595459226316013,scrambled_array_coordinate
scrambled,6,2,27,0.041726058239082618,scrambled_array_coordinate
scrambled,9,2,27,-0.038407866241726887,scrambled_array_coordinate
scrambled,21,2,27,-0.040529433567413065,scrambled_array_coordinate
scrambled,46,2,27,0.037669802586343462,scrambled_array_coordinate
scrambled,4,3,27,-0.044812642429716651,scrambled_array_coordinate
scrambled,12,3,27,0.039097585007165085,scrambled_array_coordinate
scrambled,13,3,27,-0.03646784218422746,scrambled_array_coordinate
scrambled,22,3,27,-0.040744313065672617,scrambled_array_coordinate
scrambled,45,3,27,-0.037471106196751827,scrambled_array_coordinate
scrambled,1,4,27,-0.052530638518780835,scrambled_array_coordinate
scrambled,5,4,27,0.04504912718191572,scrambled_array_coordinate
scrambled,6,4,27,0.044186459374366875,scrambled_array_coordinate
scrambled,11,4,27,-0.049643923701680741,scrambled_array_coordinate
scrambled,14,4,27,-0.060288819628733788,scrambled_array_coordinate
scrambled,22,4,27,-0.072170704314370032,scrambled_array_coordinate
scrambled,24,4,27,-0.077871934575811944,scrambled_array_coordinate
scrambled,29,4,27,-0.061878678561447471,scrambled_array_coordinate
scrambled,31,4,27,0.062545386086021518,scrambled_array_coordinate
scrambled,33,4,27,0.044063171088693891,scrambled_array_coordinate
scrambled,35,4,27,-0.040203747041709335,scrambled_array_coordinate
scrambled,36,4,27,0.073526718701317259,scrambled_array_coordinate
scrambled,37,4,27,-0.049008636852575553,scrambled_array_coordinate
scrambled,40,4,27,0.040257781207321708,scrambled_array_coordinate
scrambled,41,4,27,-0.09802602942094614,scrambled_array_coordinate
scrambled,46,4,27,0.15728633832484434,scrambled_array_coordinate
scrambled,49,4,27,0.07288776617629289,scrambled_array_coordinate
scrambled,1,6,27,0.041600032878894522,scrambled_array_coordinate
scrambled,4,6,27,-0.05041154878893251,scrambled_array_coordinate
scrambled,10,6,27,0.037443856200417368,scrambled_array_coordinate
scrambled,12,6,27,0.047612753367107151,scrambled_array_coordinate
scrambled,13,6,27,-0.049672632937601442,scrambled_array_coordinate
scrambled,25,6,27,0.038532510807930909,scrambled_array_coordinate
scrambled,34,6,27,0.042614656199030349,scrambled_array_coordinate
scrambled,45,6,27,-0.054022824139609661,scrambled_array_coordinate
scrambled,0,7,27,0.041511960610582641,scrambled_array_coordinate
scrambled,1,7,27,-0.066796254192310667,scrambled_array_coordinate
scrambled,4,7,27,0.038414763549571379,scrambled_array_coordinate
scrambled,12,7,27,-0.059309997458477315,scrambled_array_coordinate
scrambled,21,7,27,-0.037908186652971361,scrambled_array_coordinate
scrambled,25,7,27,-0.0588367882789438,scrambled_array_coordinate
scrambled,33,7,27,-0.055139885319572111,scrambled_array_coordinate
scrambled,34,7,27,-0.038457972602776752,scrambled_array_coordinate
scrambled,41,7,27,0.044585857473314595,scrambled_array_coordinate
scrambled,0,8,27,-0.037040221028244828,scrambled_array_coordinate
scrambled,21,8,27,0.048838505737123117,scrambled_array_coordinate
scrambled,33,8,27,0.041326851857897522,scrambled_array_coordinate
scrambled,41,8,27,-0.046962625197039275,scrambled_array_coordinate
scrambled,43,8,27,0.036928656329916043,scrambled_array_coordinate
scrambled,11,9,27,-0.040453172001507103,scrambled_array_coordinate
scrambled,0,10,27,0.048003700455890079,scrambled_array_coordinate
scrambled,2,10,27,-0.039812858762523634,scrambled_array_coordinate
scrambled,10,10,27,0.036020643841733223,scrambled_array_coordinate
scrambled,11,10,27,0.062576167468072666,scrambled_array_coordinate
scrambled,12,10,27,-0.054580881572948929,scrambled_array_coordinate
scrambled,14,10,27,0.047833976819330645,scrambled_array_coordinate
scrambled,20,10,27,-0.041711534118116712,scrambled_array_coordinate
scrambled,22,10,27,0.082464977456905716,scrambled_array_coordinate
scrambled,24,10,27,0.043751596780487449,scrambled_array_coordinate
scrambled,27,10,27,-0.04527929609225629,scrambled_array_coordinate
scrambled,29,10,27,0.064740333457626906,scrambled_array_coordinate
scrambled,31,10,27,-0.042304238915925954,scrambled_array_coordinate
scrambled,33,10,27,-0.055554828763016199,scrambled_array_coordinate
scrambled,35,10,27,0.047965874496014686,scrambled_array_coordinate
scrambled,36,10,27,-0.066925345498539054,scrambled_array_coordinate
scrambled,38,10,27,-0.06008155358164316,scrambled_array_coordinate
scrambled,41,10,27,0.13024015322968419,scrambled_array_coordinate
scrambled,46,10,27,-0.17878803388614492,scrambled_array_coordinate
scrambled,49,10,27,-0.068644700394109373,scrambled_array_coordinate
scrambled,1,11,27,0.041605336212548069,scrambled_array_coordinate
scrambled,21,11,27,0.042945583472681931,scrambled_array_coordinate
scrambled,35,11,27,-0.037801980615574715,scrambled_array_coordinate
scrambled,41,11,27,-0.055605992394443839,scrambled_array_coordinate
scrambled,43,11,27,0.038493633258265304,scrambled_array_coordinate
scrambled,1,12,27,-0.050993996148267516,scrambled_array_coordinate
scrambled,25,12,27,-0.042218456674278849,scrambled_array_coordinate
scrambled,49,12,27,0.039933267889581729,scrambled_array_coordinate
scrambled,0,13,27,-0.04035397064535267,scrambled_array_coordinate
scrambled,5,13,27,0.038047482694386167,scrambled_array_coordinate
scrambled,10,13,27,-0.049588729151402181,scrambled_array_coordinate
scrambled,20,13,27,0.039057732525227505,scrambled_array_coordinate
scrambled,27,13,27,0.046443627285986347,scrambled_array_coordinate
scrambled,29,13,27,-0.041603965039678906,scrambled_array_coordinate
scrambled,30,13,27,0.039320074317728958,scrambled_array_coordinate
scrambled,36,13,27,0.045108745335423195,scrambled_array_coordinate
scrambled,38,13,27,0.046953127940473613,scrambled_array_coordinate
scrambled,40,13,27,-0.048315734631816737,scrambled_array_coordinate
scrambled,41,13,27,-0.08392073658775405,scrambled_array_coordinate
scrambled,43,13,27,0.041210896159896981,scrambled_array_coordinate
scrambled,46,13,27,0.12386719585963281,scrambled_array_coordinate
scrambled,49,13,27,0.038373617860299906,scrambled_array_coordinate
scrambled,20,14,27,0.053204955575317556,scrambled_array_coordinate
scrambled,4,16,27,-0.04434231229389813,scrambled_array_coordinate
scrambled,13,16,27,-0.037520661006436272,scrambled_array_coordinate
scrambled,20,16,27,-0.03751174958958902,scrambled_array_coordinate
scrambled,46,16,27,-0.041012239477310176,scrambled_array_coordinate
scrambled,1,17,27,0.06331190603760993,scrambled_array_coordinate
scrambled,9,17,27,0.036813667593890598,scrambled_array_coordinate
scrambled,10,17,27,-0.050138621633144753,scrambled_array_coordinate
scrambled,12,17,27,0.064008789816755993,scrambled_array_coordinate
scrambled,19,17,27,-0.047563605993435051,scrambled_array_coordinate
scrambled,21,17,27,0.057474966051210802,scrambled_array_coordinate
scrambled,22,17,27,-0.045108488333765247,scrambled_array_coordinate
scrambled,25,17,27,0.064538329628328825,scrambled_array_coordinate
scrambled,26,17,27,-0.037479875768651555,scrambled_array_coordinate
scrambled,27,17,27,0.036017739320906843,scrambled_array_coordinate
scrambled,33,17,27,0.065949804234817527,scrambled_array_coordinate
scrambled,34,17,27,0.036002035359121616,scrambled_array_coordinate
scrambled,35,17,27,-0.082213010753906454,scrambled_array_coordinate
scrambled,36,17,27,0.046775534424650926,scrambled_array_coordinate
scrambled,38,17,27,0.040254410796773075,scrambled_array_coordinate
scrambled,41,17,27,-0.11899747376312578,scrambled_array_coordinate
scrambled,43,17,27,0.053743687062059724,scrambled_array_coordinate
scrambled,46,17,27,0.069904524238076263,scrambled_array_coordinate
scrambled,49,17,27,0.044350269786994329,scrambled_array_coordinate
scrambled,0,18,27,-0.049241666141950066,scrambled_array_coordinate
scrambled,2,18,27,0.036433840660521022,scrambled_array_coordinate
scrambled,12,18,27,0.042029350397066068,scrambled_array_coordinate
scrambled,13,18,27,-0.037867847291113886,scrambled_array_coordinate
scrambled,22,18,27,-0.037665960103346829,scrambled_array_coordinate
scrambled,33,18,27,0.043539023959330597,scrambled_array_coordinate
scrambled,41,18,27,-0.058339215523241547,scrambled_array_coordinate
scrambled,46,18,27,0.067041114140694677,scrambled_array_coordinate
scrambled,41,19,27,0.036948337812026791,scrambled_array_coordinate
scrambled,46,19,27,-0.037526016818726457,scrambled_array_coordinate
scrambled,1,21,27,0.048962501656190829,scrambled_array_coordinate
scrambled,9,21,27,0.051852204486696009,scrambled_array_coordinate
scrambled,10,21,27,-0.061809831004781796,scrambled_array_coordinate
scrambled,12,21,27,0.045151369659719061,scrambled_array_coordinate
scrambled,16,21,27,0.036992426798683496,scrambled_array_coordinate
scrambled,19,21,27,-0.059777552902051438,scrambled_array_coordinate
scrambled,20,21,27,0.03932919884022823,scrambled_array_coordinate
scrambled,21,21,27,0.059017771310670687,scrambled_array_coordinate
scrambled,25,21,27,0.05475738912977042,scrambled_array_coordinate
scrambled,27,21,27,0.042061460682262901,scrambled_array_coordinate
scrambled,32,21,27,-0.038502971350042138,scrambled_array_coordinate
scrambled,33,21,27,0.054436003830905633,scrambled_array_coordinate
scrambled,35,21,27,-0.052663529412905745,scrambled_array_coordinate
scrambled,38,21,27,0.043693191569524288,scrambled_array_coordinate
scrambled,40,21,27,-0.044332558087124115,scrambled_array_coordinate
scrambled,41,21,27,-0.090637703603277081,scrambled_array_coordinate
scrambled,43,21,27,0.062712934796330888,scrambled_array_coordinate
scrambled,46,21,27,0.048189925147918096,scrambled_array_coordinate
scrambled,48,21,27,0.037019314246208315,scrambled_array_coordinate
scrambled,49,21,27,0.05624970613210848,scrambled_array_coordinate
scrambled,0,23,27,-0.040922010095395762,scrambled_array_coordinate
scrambled,6,24,27,-0.047985723327661503,scrambled_array_coordinate
scrambled,11,24,27,0.041560005458488231,scrambled_array_coordinate
scrambled,14,24,27,0.053583445761891155,scrambled_array_coordinate
scrambled,22,24,27,0.056450212741649519,scrambled_array_coordinate
scrambled,29,24,27,0.048503024895379436,scrambled_array_coordinate
scrambled,31,24,27,-0.050144648012371028,scrambled_array_coordinate
scrambled,33,24,27,-0.042661688794546529,scrambled_array_coordinate
scrambled,40,24,27,-0.049268937035819381,scrambled_array_coordinate
scrambled,41,24,27,0.069643986741823261,scrambled_array_coordinate
scrambled,44,24,27,0.038494064775033435,scrambled_array_coordinate
scrambled,46,24,27,-0.1210268373225727,scrambled_array_coordinate
scrambled,49,24,27,-0.077351454731474992,scrambled_array_coordinate
scrambled,0,25,27,-0.03597993430594959,scrambled_array_coordinate
scrambled,22,25,27,-0.036779667742203259,scrambled_array_coordinate
scrambled,33,25,27,0.03825602930412237,scrambled_array_coordinate
scrambled,41,25,27,-0.038680484864363249,scrambled_array_coordinate
scrambled,46,25,27,0.062301930031456398,scrambled_array_coordinate
scrambled,1,26,27,-0.039299166300019575,scrambled_array_coordinate
scrambled,24,26,27,-0.047209973474390328,scrambled_array_coordinate
scrambled,41,26,27,-0.047000478957394912,scrambled_array_coordinate
scrambled,46,26,27,0.064818169572068429,scrambled_array_coordinate
scrambled,49,26,27,0.041614141303833029,scrambled_array_coordinate
scrambled,14,27,27,0.043975846689220853,scrambled_array_coordinate
scrambled,22,27,27,0.042916256367677375,scrambled_array_coordinate
scrambled,31,27,27,-0.037950148518333976,scrambled_array_coordinate
scrambled,35,27,27,0.037052085766898474,scrambled_array_coordinate
scrambled,36,27,27,-0.046573638874474681,scrambled_array_coordinate
scrambled,41,27,27,0.074327010730081841,scrambled_array_coordinate
scrambled,46,27,27,-0.079897039908483181,scrambled_array_coordinate
scrambled,49,27,27,-0.044963228247456008,scrambled_array_coordinate
scrambled,46,28,27,-0.035828110494485928,scrambled_array_coordinate
scrambled,1,29,27,0.035980964407879325,scrambled_array_coordinate
scrambled,6,29,27,-0.039082518001727122,scrambled_array_coordinate
scrambled,14,29,27,0.036851954492167389,scrambled_array_coordinate
scrambled,22,29,27,0.047637255968934207,scrambled_array_coordinate
scrambled,24,29,27,0.043412941353734032,scrambled_array_coordinate
scrambled,29,29,27,0.04009914549433196,scrambled_array_coordinate
scrambled,31,29,27,-0.043992930929610999,scrambled_array_coordinate
scrambled,33,29,27,-0.038639115663236093,scrambled_array_coordinate
scrambled,36,29,27,-0.055989404448067034,scrambled_array_coordinate
scrambled,37,29,27,0.041768026789380137,scrambled_array_coordinate
scrambled,41,29,27,0.086039927877093997,scrambled_array_coordinate
scrambled,46,29,27,-0.1120437941346261,scrambled_array_coordinate
scrambled,49,29,27,-0.060699437504073209,scrambled_array_coordinate
scrambled,20,30,27,0.047473843873061083,scrambled_array_coordinate
scrambled,25,30,27,-0.03855253791196505,scrambled_array_coordinate
scrambled,40,30,27,-0.045883629741898996,scrambled_array_coordinate
scrambled,46,30,27,0.03879672633100998,scrambled_array_coordinate
scrambled,0,31,27,0.072308074810208317,scrambled_array_coordinate
scrambled,2,31,27,-0.04215868386407956,scrambled_array_coordinate
scrambled,5,31,27,-0.04102356604606773,scrambled_array_coordinate
scrambled,9,31,27,-0.041637307929497297,scrambled_array_coordinate
scrambled,10,31,27,0.038292960981355671,scrambled_array_coordinate
scrambled,11,31,27,0.050098424194175158,scrambled_array_coordinate
scrambled,12,31,27,-0.074526596377167062,scrambled_array_coordinate
scrambled,20,31,27,-0.057143439595596146,scrambled_array_coordinate
scrambled,22,31,27,0.074542239246759831,scrambled_array_coordinate
scrambled,24,31,27,0.04156010063393039,scrambled_array_coordinate
scrambled,27,31,27,-0.044162820568719958,scrambled_array_coordinate
scrambled,29,31,27,0.057774287027835033,scrambled_array_coordinate
scrambled,30,31,27,-0.042504091140092043,scrambled_array_coordinate
scrambled,32,31,27,0.037558675007448014,scrambled_array_coordinate
scrambled,33,31,27,-0.050651260565692344,scrambled_array_coordinate
scrambled,36,31,27,-0.069538414275331875,scrambled_array_coordinate
scrambled,38,31,27,-0.069421863997343083,scrambled_array_coordinate
scrambled,41,31,27,0.12656858902019139,scrambled_array_coordinate
scrambled,43,31,27,-0.040097937301947571,scrambled_array_coordinate
scrambled,46,31,27,-0.17072902950206592,scrambled_array_coordinate
scrambled,49,31,27,-0.047771362822022802,scrambled_array_coordinate
scrambled,1,32,27,0.052207861174449928,scrambled_array_coordinate
scrambled,25,32,27,0.046000550333196465,scrambled_array_coordinate
scrambled,46,32,27,-0.042534623172878587,scrambled_array_coordinate
scrambled,35,33,27,0.04091375824079365,scrambled_array_coordinate
scrambled,36,33,27,-0.04169257019088031,scrambled_array_coordinate
scrambled,41,33,27,0.066841097874097033,scrambled_array_coordinate
scrambled,46,33,27,-0.058248720632105566,scrambled_array_coordinate
scrambled,41,34,27,0.06404026899693073,scrambled_array_coordinate
scrambled,46,34,27,-0.067826056965588147,scrambled_array_coordinate
scrambled,6,35,27,-0.04916640697319892,scrambled_array_coordinate
scrambled,7,35,27,0.037806969026033414,scrambled_array_coordinate
scrambled,11,35,27,0.048884388232009364,scrambled_array_coordinate
scrambled,14,35,27,0.057734842707489589,scrambled_array_coordinate
scrambled,22,35,27,0.053363329167450436,scrambled_array_coordinate
scrambled,24,35,27,0.065225138617704556,scrambled_array_coordinate
scrambled,29,35,27,0.052858897947820685,scrambled_array_coordinate
scrambled,31,35,27,-0.041278439263014936,scrambled_array_coordinate
scrambled,33,35,27,-0.042261914492971162,scrambled_array_coordinate
scrambled,35,35,27,0.043950471140896293,scrambled_array_coordinate
scrambled,36,35,27,-0.050690740519642369,scrambled_array_coordinate
scrambled,41,35,27,0.096099891460868531,scrambled_array_coordinate
scrambled,46,35,27,-0.14040091254531445,scrambled_array_coordinate
scrambled,49,35,27,-0.069856445823825483,scrambled_array_coordinate
scrambled,12,36,27,-0.041840958970746585,scrambled_array_coordinate
scrambled,20,36,27,-0.04341186712313886,scrambled_array_coordinate
scrambled,24,36,27,0.045034996762868117,scrambled_array_coordinate
scrambled,30,36,27,-0.036338357060047843,scrambled_array_coordinate
scrambled,32,36,27,0.045453454544779413,scrambled_array_coordinate
scrambled,41,36,27,0.044720837498828783,scrambled_array_coordinate
scrambled,46,36,27,-0.070647167252310905,scrambled_array_coordinate
scrambled,46,38,27,-0.047426626385006034,scrambled_array_coordinate
scrambled,0,39,27,0.046119495757034661,scrambled_array_coordinate
scrambled,11,39,27,0.064580850126933098,scrambled_array_coordinate
scrambled,12,39,27,-0.07461023828423842,scrambled_array_coordinate
scrambled,14,39,27,0.041172087002083524,scrambled_array_coordinate
scrambled,21,39,27,-0.036649397846007251,scrambled_array_coordinate
scrambled,22,39,27,0.066010651080822533,scrambled_array_coordinate
scrambled,24,39,27,0.043079433309696262,scrambled_array_coordinate
scrambled,29,39,27,0.047539825091635173,scrambled_array_coordinate
scrambled,32,39,27,0.037374262000522379,scrambled_array_coordinate
scrambled,33,39,27,-0.039328390704778032,scrambled_array_coordinate
scrambled,35,39,27,0.050480245412243697,scrambled_array_coordinate
scrambled,36,39,27,-0.068028645075307342,scrambled_array_coordinate
scrambled,38,39,27,-0.047169515679063218,scrambled_array_coordinate
scrambled,41,39,27,0.13996342435943304,scrambled_array_coordinate
scrambled,43,39,27,-0.046034250448125869,scrambled_array_coordinate
scrambled,46,39,27,-0.14195446127552322,scrambled_array_coordinate
scrambled,49,39,27,-0.041976669714004752,scrambled_array_coordinate
scrambled,10,40,27,0.048465010882027412,scrambled_array_coordinate
scrambled,24,40,27,-0.037607656381718486,scrambled_array_coordinate
scrambled,40,40,27,0.040699765470082076,scrambled_array_coordinate
scrambled,41,40,27,0.052057262838529496,scrambled_array_coordinate
scrambled,43,40,27,-0.043892567748502156,scrambled_array_coordinate
scrambled,0,41,27,-0.03656616028604804,scrambled_array_coordinate
scrambled,6,41,27,0.050465676092142434,scrambled_array_coordinate
scrambled,11,41,27,-0.047611186611938437,scrambled_array_coordinate
scrambled,12,41,27,0.036397687684902057,scrambled_array_coordinate
scrambled,20,41,27,0.063115063170321756,scrambled_array_coordinate
scrambled,22,41,27,-0.05299911306925352,scrambled_array_coordinate
scrambled,24,41,27,-0.048379872048744776,scrambled_array_coordinate
scrambled,29,41,27,-0.050061455091374191,scrambled_array_coordinate
scrambled,30,41,27,0.053413508326072945,scrambled_array_coordinate
scrambled,33,41,27,0.042360233939925412,scrambled_array_coordinate
scrambled,36,41,27,0.046789917947376122,scrambled_array_coordinate
scrambled,41,41,27,-0.085825281535191408,scrambled_array_coordinate
scrambled,46,41,27,0.1407102557727205,scrambled_array_coordinate
scrambled,49,41,27,0.047767704295806422,scrambled_array_coordinate
scrambled,1,42,27,-0.046890390402671067,scrambled_array_coordinate
scrambled,41,42,27,-0.04020353835539376,scrambled_array_coordinate
scrambled,46,42,27,0.064415433573374384,scrambled_array_coordinate
scrambled,49,42,27,0.037348200632434152,scrambled_array_coordinate
scrambled,0,43,27,-0.05988327945020281,scrambled_array_coordinate
scrambled,12,43,27,0.036413492980341564,scrambled_array_coordinate
scrambled,22,43,27,-0.036871746678886937,scrambled_array_coordinate
scrambled,29,43,27,-0.037524707867003709,scrambled_array_coordinate
scrambled,36,43,27,0.0480199627907709,scrambled_array_coordinate
scrambled,41,43,27,-0.067271393652927627,scrambled_array_coordinate
scrambled,46,43,27,0.1056851897703346,scrambled_array_coordinate
scrambled,0,44,27,0.058737670269978254,scrambled_array_coordinate
scrambled,4,44,27,0.037846233730070684,scrambled_array_coordinate
scrambled,9,44,27,-0.043075658445274403,scrambled_array_coordinate
scrambled,12,44,27,-0.05542186172575371,scrambled_array_coordinate
scrambled,22,44,27,0.047126517485320811,scrambled_array_coordinate
scrambled,28,44,27,0.038191273938677835,scrambled_array_coordinate
scrambled,33,44,27,-0.050251803599863108,scrambled_array_coordinate
scrambled,36,44,27,-0.059507278427081256,scrambled_array_coordinate
scrambled,38,44,27,-0.039852319999523059,scrambled_array_coordinate
scrambled,41,44,27,0.095699111147581756,scrambled_array_coordinate
scrambled,46,44,27,-0.087083267342165691,scrambled_array_coordinate
scrambled,35,46,27,0.040740223501015749,scrambled_array_coordinate
scrambled,41,46,27,0.046682732276784017,scrambled_array_coordinate
scrambled,10,47,27,-0.037118702064535672,scrambled_array_coordinate
scrambled,41,47,27,-0.066709218358196501,scrambled_array_coordinate
scrambled,43,47,27,0.042051590531731138,scrambled_array_coordinate
scrambled,46,47,27,0.064771887620862292,scrambled_array_coordinate
scrambled,41,49,27,0.048200639777138475,scrambled_array_coordinate
scrambled,8,0,28,0.055303093191976613,scrambled_array_coordinate
scrambled,11,0,28,-0.042014328117352465,scrambled_array_coordinate
scrambled,20,0,28,0.040098121601072352,scrambled_array_coordinate
scrambled,22,0,28,-0.063598008451711804,scrambled_array_coordinate
scrambled,27,0,28,0.052365713331100905,scrambled_array_coordinate
scrambled,29,0,28,-0.037151179400618108,scrambled_array_coordinate
scrambled,31,0,28,0.048576657766233676,scrambled_array_coordinate
scrambled,40,0,28,0.041087868611663123,scrambled_array_coordinate
scrambled,46,0,28,0.047557652635790357,scrambled_array_coordinate
scrambled,1,1,28,-0.037453518002496432,scrambled_array_coordinate
scrambled,2,1,28,-0.044016958738542403,scrambled_array_coordinate
scrambled,3,1,28,-0.044953873378483264,scrambled_array_coordinate
scrambled,9,1,28,0.060230105694433128,scrambled_array_coordinate
scrambled,18,1,28,-0.042791601075088802,scrambled_array_coordinate
scrambled,20,1,28,-0.044546439648562815,scrambled_array_coordinate
scrambled,22,1,28,0.037423778040523652,scrambled_array_coordinate
scrambled,27,1,28,-0.038428139159449773,scrambled_array_coordinate
scrambled,28,1,28,-0.051804551407563272,scrambled_array_coordinate
scrambled,29,1,28,0.065171092050897772,scrambled_array_coordinate
scrambled,30,1,28,-0.048136282929865916,scrambled_array_coordinate
scrambled,37,1,28,-0.051314072139415509,scrambled_array_coordinate
scrambled,39,1,28,0.05289064124826922,scrambled_array_coordinate
scrambled,40,1,28,-0.066644252827201156,scrambled_array_coordinate
scrambled,49,1,28,0.037646964837576867,scrambled_array_coordinate
scrambled,23,2,28,0.054962963390659404,scrambled_array_coordinate
scrambled,24,2,28,-0.037167326706662021,scrambled_array_coordinate
scrambled,33,2,28,0.042189980321398438,scrambled_array_coordinate
scrambled,39,2,28,0.05046213305016372,scrambled_array_coordinate
scrambled,48,2,28,0.038619207370798672,scrambled_array_coordinate
scrambled,9,3,28,-0.048762948037730736,scrambled_array_coordinate
scrambled,13,3,28,0.054221156175573527,scrambled_array_coordinate
scrambled,22,3,28,-0.04505564425945828,scrambled_array_coordinate
scrambled,23,3,28,-0.037878602989715571,scrambled_array_coordinate
scrambled,29,3,28,-0.038893895562579772,scrambled_array_coordinate
scrambled,38,3,28,0.03705050397313471,scrambled_array_coordinate
scrambled,40,3,28,0.066562034082604193,scrambled_array_coordinate
scrambled,47,3,28,-0.046195274539365609,scrambled_array_coordinate
scrambled,9,4,28,-0.064370992787595491,scrambled_array_coordinate
scrambled,11,4,28,0.054927949946190206,scrambled_array_coordinate
scrambled,40,4,28,0.068316236208881317,scrambled_array_coordinate
scrambled,42,4,28,-0.047287722973405819,scrambled_array_coordinate
scrambled,11,5,28,0.036596757421475862,scrambled_array_coordinate
scrambled,39,5,28,-0.037280788162154542,scrambled_array_coordinate
scrambled,0,6,28,-0.043367271837657699,scrambled_array_coordinate
scrambled,3,6,28,-0.039764637809523114,scrambled_array_coordinate
scrambled,5,6,28,-0.052222337941896672,scrambled_array_coordinate
scrambled,10,6,28,0.039481129096442823,scrambled_array_coordinate
scrambled,19,6,28,0.03873007610308591,scrambled_array_coordinate
scrambled,27,6,28,-0.039664644249051188,scrambled_array_coordinate
scrambled,31,6,28,-0.035970200914994838,scrambled_array_coordinate
scrambled,46,6,28,-0.035774920406511257,scrambled_array_coordinate
scrambled,13,7,28,-0.041802418251911104,scrambled_array_coordinate
scrambled,30,7,28,-0.06000421977861839,scrambled_array_coordinate
scrambled,47,7,28,0.051125184561645748,scrambled_array_coordinate
scrambled,3,8,28,0.056334342435064431,scrambled_array_coordinate
scrambled,6,8,28,-0.065797992078619999,scrambled_array_coordinate
scrambled,11,8,28,0.045681146693537449,scrambled_array_coordinate
scrambled,14,8,28,0.075570514420475257,scrambled_array_coordinate
scrambled,17,8,28,-0.052895276217800762,scrambled_array_coordinate
scrambled,19,8,28,-0.052357226702121472,scrambled_array_coordinate
scrambled,20,8,28,-0.076600229259320293,scrambled_array_coordinate
scrambled,22,8,28,0.1049812271439504,scrambled_array_coordinate
scrambled,25,8,28,-0.052827745362397038,scrambled_array_coordinate
scrambled,30,8,28,-0.054618388963452426,scrambled_array_coordinate
scrambled,35,8,28,0.042742471730035397,scrambled_array_coordinate
scrambled,41,8,28,0.12528869349356525,scrambled_array_coordinate
scrambled,42,8,28,-0.036701168461378865,scrambled_array_coordinate
scrambled,44,8,28,0.056788336935899242,scrambled_array_coordinate
scrambled,46,8,28,-0.093206625479958491,scrambled_array_coordinate
scrambled,49,8,28,-0.069459939757820735,scrambled_array_coordinate
scrambled,3,9,28,-0.054893749246798386,scrambled_array_coordinate
scrambled,18,9,28,-0.050193047769956721,scrambled_array_coordinate
scrambled,20,9,28,-0.038204669026323475,scrambled_array_coordinate
scrambled,25,9,28,0.036274525061033916,scrambled_array_coordinate
scrambled,27,9,28,-0.040155406881000055,scrambled_array_coordinate
scrambled,31,9,28,-0.065952517677290837,scrambled_array_coordinate
scrambled,36,9,28,-0.052454028552608653,scrambled_array_coordinate
scrambled,38,9,28,-0.037915402680908837,scrambled_array_coordinate
scrambled,46,9,28,-0.075765743920253453,scrambled_array_coordinate
scrambled,49,9,28,-0.038742641347427269,scrambled_array_coordinate
scrambled,5,10,28,0.04714459587136665,scrambled_array_coordinate
scrambled,6,10,28,-0.037047061841240278,scrambled_array_coordinate
scrambled,8,10,28,-0.053059133331250723,scrambled_array_coordinate
scrambled,18,10,28,0.039263190288494045,scrambled_array_coordinate
scrambled,24,10,28,0.043347260509616001,scrambled_array_coordinate
scrambled,39,10,28,-0.049480350612872648,scrambled_array_coordinate
scrambled,45,10,28,0.038747360515622262,scrambled_array_coordinate
scrambled,46,10,28,-0.037304463241075586,scrambled_array_coordinate
scrambled,49,10,28,-0.079828374998091547,scrambled_array_coordinate
scrambled,18,11,28,0.039716022003646538,scrambled_array_coordinate
scrambled,23,11,28,-0.046966143767185491,scrambled_array_coordinate
scrambled,26,11,28,0.054065987426477564,scrambled_array_coordinate
scrambled,29,11,28,0.043585627811853614,scrambled_array_coordinate
scrambled,10,12,28,-0.042046578724972208,scrambled_array_coordinate
scrambled,15,12,28,0.03685034717656642,scrambled_array_coordinate
scrambled,25,12,28,-0.047292125596996873,scrambled_array_coordinate
scrambled,31,12,28,0.043330023442310128,scrambled_array_coordinate
scrambled,39,12,28,0.0435830962621266,scrambled_array_coordinate
scrambled,46,12,28,0.067122691506295323,scrambled_array_coordinate
scrambled,49,12,28,0.045518168217777183,scrambled_array_coordinate
scrambled,0,13,28,-0.046349355408215873,scrambled_array_coordinate
scrambled,6,13,28,0.050430590143062171,scrambled_array_coordinate
scrambled,9,13,28,0.037438082909494838,scrambled_array_coordinate
scrambled,14,13,28,-0.036493432924248025,scrambled_array_coordinate
scrambled,23,13,28,0.042404573790748683,scrambled_array_coordinate
scrambled,24,13,28,-0.067166367513402353,scrambled_array_coordinate
scrambled,25,13,28,-0.063082076095234946,scrambled_array_coordinate
scrambled,32,13,28,-0.041750203823847878,scrambled_array_coordinate
scrambled,39,13,28,0.063867243109887076,scrambled_array_coordinate
scrambled,40,13,28,-0.041066524551513599,scrambled_array_coordinate
scrambled,41,13,28,-0.066166251656132144,scrambled_array_coordinate
scrambled,46,13,28,0.11270376787447646,scrambled_array_coordinate
scrambled,48,13,28,0.036152632794043828,scrambled_array_coordinate
scrambled,49,13,28,0.072770733664299606,scrambled_array_coordinate
scrambled,4,14,28,-0.040341863538443733,scrambled_array_coordinate
scrambled,10,14,28,-0.061172144200319939,scrambled_array_coordinate
scrambled,11,14,28,-0.062976303372974565,scrambled_array_coordinate
scrambled,18,14,28,-0.047521190477803496,scrambled_array_coordinate
scrambled,19,14,28,-0.039953452443412481,scrambled_array_coordinate
scrambled,38,14,28,-0.037378622186699205,scrambled_array_coordinate
scrambled,42,14,28,-0.043534939383856892,scrambled_array_coordinate
scrambled,0,15,28,-0.043257435193747328,scrambled_array_coordinate
scrambled,6,15,28,0.045435045663041192,scrambled_array_coordinate
scrambled,18,15,28,-0.060122048503015613,scrambled_array_coordinate
scrambled,20,15,28,-0.046402421552285127,scrambled_array_coordinate
scrambled,22,15,28,0.069559979795545082,scrambled_array_coordinate
scrambled,23,15,28,0.052681934521469041,scrambled_array_coordinate
scrambled,31,15,28,-0.036014038372394266,scrambled_array_coordinate
scrambled,38,15,28,-0.039221649795225605,scrambled_array_coordinate
scrambled,39,15,28,0.053049181088370194,scrambled_array_coordinate
scrambled,0,16,28,-0.058756801572949886,scrambled_array_coordinate
scrambled,1,16,28,-0.039263468745287758,scrambled_array_coordinate
scrambled,3,16,28,0.043980221609806122,scrambled_array_coordinate
scrambled,20,16,28,-0.08593781984375895,scrambled_array_coordinate
scrambled,22,16,28,0.096808330613165045,scrambled_array_coordinate
scrambled,25,16,28,-0.070889100116046377,scrambled_array_coordinate
scrambled,30,16,28,-0.042523501050408079,scrambled_array_coordinate
scrambled,46,16,28,0.036215311221980767,scrambled_array_coordinate
scrambled,8,17,28,0.051837113209068322,scrambled_array_coordinate
scrambled,10,17,28,-0.05671150189131572,scrambled_array_coordinate
scrambled,13,17,28,0.05141013840728767,scrambled_array_coordinate
scrambled,4,18,28,0.05923754223410433,scrambled_array_coordinate
scrambled,6,18,28,-0.050693995096343133,scrambled_array_coordinate
scrambled,9,18,28,-0.047721446713874092,scrambled_array_coordinate
scrambled,10,18,28,0.071943668683787459,scrambled_array_coordinate
scrambled,11,18,28,0.058892864870095644,scrambled_array_coordinate
scrambled,18,18,28,0.03898683478679979,scrambled_array_coordinate
scrambled,19,18,28,0.036318466831333003,scrambled_array_coordinate
scrambled,20,18,28,0.066769168274773638,scrambled_array_coordinate
scrambled,22,18,28,-0.056222718801493328,scrambled_array_coordinate
scrambled,27,18,28,-0.061378437450954101,scrambled_array_coordinate
scrambled,30,18,28,0.037405165146463866,scrambled_array_coordinate
scrambled,36,18,28,0.036548766134542457,scrambled_array_coordinate
scrambled,37,18,28,-0.044795200638629608,scrambled_array_coordinate
scrambled,38,18,28,0.081414401845388229,scrambled_array_coordinate
scrambled,42,18,28,0.042469838721811093,scrambled_array_coordinate
scrambled,47,18,28,-0.080018273787658675,scrambled_array_coordinate
scrambled,1,19,28,-0.039667810126618443,scrambled_array_coordinate
scrambled,3,19,28,0.050710660824042256,scrambled_array_coordinate
scrambled,18,19,28,0.040645629382897959,scrambled_array_coordinate
scrambled,25,19,28,-0.055401977054500076,scrambled_array_coordinate
scrambled,31,19,28,0.048006840650324414,scrambled_array_coordinate
scrambled,36,19,28,0.042596995052081844,scrambled_array_coordinate
scrambled,37,19,28,-0.066907404378928434,scrambled_array_coordinate
scrambled,46,19,28,0.088649931690957487,scrambled_array_coordinate
scrambled,5,20,28,-0.056101394255723809,scrambled_array_coordinate
scrambled,12,20,28,-0.046743955539917559,scrambled_array_coordinate
scrambled,17,20,28,-0.045422752961852553,scrambled_array_coordinate
scrambled,22,20,28,0.064796943430329115,scrambled_array_coordinate
scrambled,24,20,28,0.049458078593607728,scrambled_array_coordinate
scrambled,29,20,28,0.071984075071877526,scrambled_array_coordinate
scrambled,30,20,28,-0.069550303154264553,scrambled_array_coordinate
scrambled,39,20,28,0.04087156442349886,scrambled_array_coordinate
scrambled,41,20,28,0.058381084571321198,scrambled_array_coordinate
scrambled,46,20,28,-0.065178577462348286,scrambled_array_coordinate
scrambled,47,20,28,0.062810891362289789,scrambled_array_coordinate
scrambled,1,21,28,0.043866056562251995,scrambled_array_coordinate
scrambled,2,21,28,-0.046396109405629535,scrambled_array_coordinate
scrambled,3,21,28,0.036362741078127349,scrambled_array_coordinate
scrambled,8,21,28,0.040226062915709578,scrambled_array_coordinate
scrambled,10,21,28,-0.041925095849815727,scrambled_array_coordinate
scrambled,13,21,28,0.060875983883503244,scrambled_array_coordinate
scrambled,14,21,28,0.048123429419286476,scrambled_array_coordinate
scrambled,17,21,28,-0.046954617890771926,scrambled_array_coordinate
scrambled,19,21,28,-0.051054582430865997,scrambled_array_coordinate
scrambled,21,21,28,0.055622129057384173,scrambled_array_coordinate
scrambled,22,21,28,0.066950054709037726,scrambled_array_coordinate
scrambled,29,21,28,0.042573996240290672,scrambled_array_coordinate
scrambled,31,21,28,0.040642550569950843,scrambled_array_coordinate
scrambled,39,21,28,0.043779139212083464,scrambled_array_coordinate
scrambled,41,21,28,0.094818126504191969,scrambled_array_coordinate
scrambled,43,21,28,-0.040078609416549039,scrambled_array_coordinate
scrambled,44,21,28,0.063977401860546138,scrambled_array_coordinate
scrambled,46,21,28,-0.038761029424895385,scrambled_array_coordinate
scrambled,1,22,28,0.048571931956423189,scrambled_array_coordinate
scrambled,3,22,28,-0.037657324090987918,scrambled_array_coordinate
scrambled,10,22,28,0.044026142241946051,scrambled_array_coordinate
scrambled,22,22,28,0.041743696075099625,scrambled_array_coordinate
scrambled,29,22,28,0.072955540242103101,scrambled_array_coordinate
scrambled,39,22,28,0.038090011143329196,scrambled_array_coordinate
scrambled,41,22,28,0.062078802639340562,scrambled_array_coordinate
scrambled,44,22,28,0.037897632530169194,scrambled_array_coordinate
scrambled,46,22,28,-0.058211526784048437,scrambled_array_coordinate
scrambled,7,23,28,-0.049133390237960137,scrambled_array_coordinate
scrambled,20,23,28,-0.038542739638183554,scrambled_array_coordinate
scrambled,22,23,28,0.0402692487167121,scrambled_array_coordinate
scrambled,24,23,28,-0.050085023219091196,scrambled_array_coordinate
scrambled,32,23,28,-0.041467682250971499,scrambled_array_coordinate
scrambled,34,23,28,0.050455251630968458,scrambled_array_coordinate
scrambled,37,23,28,-0.053991193825765484,scrambled_array_coordinate
scrambled,39,23,28,0.042738338878011178,scrambled_array_coordinate
scrambled,46,23,28,0.044788831433376912,scrambled_array_coordinate
scrambled,6,24,28,0.04935102528041891,scrambled_array_coordinate
scrambled,8,24,28,-0.054056313628068099,scrambled_array_coordinate
scrambled,20,24,28,-0.058030320360102458,scrambled_array_coordinate
scrambled,22,24,28,0.056177662978526131,scrambled_array_coordinate
scrambled,31,24,28,-0.049505640756575986,scrambled_array_coordinate
scrambled,42,24,28,-0.052871974454283648,scrambled_array_coordinate
scrambled,49,24,28,-0.035927771400418793,scrambled_array_coordinate
scrambled,1,25,28,-0.07522499953272016,scrambled_array_coordinate
scrambled,4,25,28,-0.040095515700087368,scrambled_array_coordinate
scrambled,8,25,28,0.037594763811975809,scrambled_array_coordinate
scrambled,9,25,28,0.056549571653770545,scrambled_array_coordinate
scrambled,11,25,28,-0.076583910552635873,scrambled_array_coordinate
scrambled,41,25,28,-0.038978597914948059,scrambled_array_coordinate
scrambled,46,25,28,0.068994208390555409,scrambled_array_coordinate
scrambled,49,25,28,0.040887047154564489,scrambled_array_coordinate
scrambled,0,26,28,-0.0528874997289559,scrambled_array_coordinate
scrambled,4,26,28,0.046564353683230163,scrambled_array_coordinate
scrambled,6,26,28,0.047634906127962007,scrambled_array_coordinate
scrambled,7,26,28,-0.042068102464304799,scrambled_array_coordinate
scrambled,11,26,28,-0.057647125528589131,scrambled_array_coordinate
scrambled,14,26,28,-0.051936416339877466,scrambled_array_coordinate
scrambled,33,26,28,0.04274792093893226,scrambled_array_coordinate
scrambled,37,26,28,-0.038290676492148457,scrambled_array_coordinate
scrambled,39,26,28,0.057410913366839615,scrambled_array_coordinate
scrambled,41,26,28,-0.054237655772271631,scrambled_array_coordinate
scrambled,45,26,28,0.035838586025053042,scrambled_array_coordinate
scrambled,46,26,28,0.1132969647263752,scrambled_array_coordinate
scrambled,49,26,28,0.068407317232357809,scrambled_array_coordinate
scrambled,3,27,28,0.041212686225175925,scrambled_array_coordinate
scrambled,41,27,28,0.053536561372391246,scrambled_array_coordinate
scrambled,46,27,28,-0.053145988335828523,scrambled_array_coordinate
scrambled,49,27,28,-0.059878949886698361,scrambled_array_coordinate
scrambled,0,29,28,0.061407833114080573,scrambled_array_coordinate
scrambled,1,29,28,0.05907075796649798,scrambled_array_coordinate
scrambled,36,29,28,-0.042165359749737431,scrambled_array_coordinate
scrambled,37,29,28,0.064927238512993535,scrambled_array_coordinate
scrambled,39,29,28,-0.047932895157547402,scrambled_array_coordinate
scrambled,41,29,28,0.062971925598929959,scrambled_array_coordinate
scrambled,45,29,28,-0.041214684655786066,scrambled_array_coordinate
scrambled,46,29,28,-0.10717451540166535,scrambled_array_coordinate
scrambled,49,29,28,-0.071919822176692919,scrambled_array_coordinate
scrambled,3,30,28,0.0657634135385846,scrambled_array_coordinate
scrambled,6,30,28,-0.054172484573781599,scrambled_array_coordinate
scrambled,11,30,28,0.036629998904720337,scrambled_array_coordinate
scrambled,18,30,28,0.068790628157791939,scrambled_array_coordinate
scrambled,20,30,28,0.043758370787008977,scrambled_array_coordinate
scrambled,25,30,28,-0.043449845667839035,scrambled_array_coordinate
scrambled,31,30,28,0.049775330765718689,scrambled_array_coordinate
scrambled,42,30,28,0.046657212821635305,scrambled_array_coordinate
scrambled,1,31,28,0.045600548065015206,scrambled_array_coordinate
scrambled,4,31,28,0.048284462416463933,scrambled_array_coordinate
scrambled,8,31,28,-0.053160838638401223,scrambled_array_coordinate
scrambled,9,31,28,-0.038314320899876325,scrambled_array_coordinate
scrambled,17,31,28,-0.049221192815689332,scrambled_array_coordinate
scrambled,18,31,28,0.053342485801482674,scrambled_array_coordinate
scrambled,33,31,28,0.048905948544730633,scrambled_array_coordinate
scrambled,37,31,28,-0.038343128542111624,scrambled_array_coordinate
scrambled,6,32,28,-0.043843193876305225,scrambled_array_coordinate
scrambled,14,32,28,0.047908107390915611,scrambled_array_coordinate
scrambled,39,32,28,-0.036653216868078174,scrambled_array_coordinate
scrambled,41,32,28,0.060289606139125686,scrambled_array_coordinate
scrambled,46,32,28,-0.10304697140984076,scrambled_array_coordinate
scrambled,49,32,28,-0.047292670964532879,scrambled_array_coordinate
scrambled,4,33,28,0.037949618772380733,scrambled_array_coordinate
scrambled,23,33,28,0.035908664576880335,scrambled_array_coordinate
scrambled,37,33,28,-0.047979249381136319,scrambled_array_coordinate
scrambled,42,33,28,0.045881572838322178,scrambled_array_coordinate
scrambled,25,34,28,-0.037715929663022674,scrambled_array_coordinate
scrambled,49,34,28,0.040467895058635919,scrambled_array_coordinate
scrambled,12,35,28,-0.036059386013018786,scrambled_array_coordinate
scrambled,14,35,28,0.038149814339151836,scrambled_array_coordinate
scrambled,20,35,28,-0.038618540361164307,scrambled_array_coordinate
scrambled,22,35,28,0.049547829933558475,scrambled_array_coordinate
scrambled,24,35,28,0.039446125527227927,scrambled_array_coordinate
scrambled,29,35,28,0.053260873331515836,scrambled_array_coordinate
scrambled,30,35,28,-0.064250295804778784,scrambled_array_coordinate
scrambled,38,35,28,-0.048099251216946137,scrambled_array_coordinate
scrambled,41,35,28,0.062191422081892184,scrambled_array_coordinate
scrambled,44,35,28,0.047705789422097335,scrambled_array_coordinate
scrambled,45,35,28,-0.037830605272830456,scrambled_array_coordinate
scrambled,46,35,28,-0.077424805139351668,scrambled_array_coordinate
scrambled,47,35,28,0.064849629034152367,scrambled_array_coordinate
scrambled,2,36,28,0.054586155053480592,scrambled_array_coordinate
scrambled,3,36,28,0.063347747322994141,scrambled_array_coordinate
scrambled,7,36,28,0.064145626313313317,scrambled_array_coordinate
scrambled,10,36,28,-0.042140903304013461,scrambled_array_coordinate
scrambled,20,36,28,0.051964234322453777,scrambled_array_coordinate
scrambled,22,36,28,-0.045700733478047546,scrambled_array_coordinate
scrambled,28,36,28,0.047547545099744411,scrambled_array_coordinate
scrambled,29,36,28,-0.059415842042116272,scrambled_array_coordinate
scrambled,34,36,28,-0.044937778060008475,scrambled_array_coordinate
scrambled,36,36,28,0.047749421449037953,scrambled_array_coordinate
scrambled,37,36,28,0.045935645110702868,scrambled_array_coordinate
scrambled,38,36,28,0.0438284175554998,scrambled_array_coordinate
scrambled,40,36,28,0.039792991897124631,scrambled_array_coordinate
scrambled,47,36,28,-0.04112909655969306,scrambled_array_coordinate
scrambled,4,37,28,0.060239820721157938,scrambled_array_coordinate
scrambled,7,37,28,-0.043820082735716741,scrambled_array_coordinate
scrambled,14,37,28,-0.0432649292936748,scrambled_array_coordinate
scrambled,18,37,28,0.040115232952646587,scrambled_array_coordinate
scrambled,20,37,28,0.044015570239224089,scrambled_array_coordinate
scrambled,31,37,28,0.040484602976586521,scrambled_array_coordinate
scrambled,33,37,28,0.03726667101922021,scrambled_array_coordinate
scrambled,36,37,28,0.04347514936288524,scrambled_array_coordinate
scrambled,37,37,28,-0.076547059053681518,scrambled_array_coordinate
scrambled,38,37,28,0.03684106055626335,scrambled_array_coordinate
scrambled,41,37,28,-0.039462951662350969,scrambled_array_coordinate
scrambled,42,37,28,0.040990814302212158,scrambled_array_coordinate
scrambled,45,37,28,0.042484881759761998,scrambled_array_coordinate
scrambled,46,37,28,0.088562124555095781,scrambled_array_coordinate
scrambled,49,37,28,0.057850884011364755,scrambled_array_coordinate
scrambled,4,38,28,0.049124173585954216,scrambled_array_coordinate
scrambled,11,38,28,0.061467490408959331,scrambled_array_coordinate
scrambled,18,38,28,0.050187752083273057,scrambled_array_coordinate
scrambled,30,38,28,0.036713127783866678,scrambled_array_coordinate
scrambled,38,38,28,0.061008462327425135,scrambled_array_coordinate
scrambled,47,38,28,-0.056646902244000867,scrambled_array_coordinate
scrambled,1,39,28,0.050610989289882391,scrambled_array_coordinate
scrambled,5,39,28,0.044575569188515365,scrambled_array_coordinate
scrambled,6,39,28,0.045875212249410657,scrambled_array_coordinate
scrambled,10,39,28,-0.051816511292962629,scrambled_array_coordinate
scrambled,15,39,28,0.042664051995279374,scrambled_array_coordinate
scrambled,23,39,28,0.04139294457934569,scrambled_array_coordinate
scrambled,27,39,28,0.045436045040081641,scrambled_array_coordinate
scrambled,31,39,28,0.036515970213414566,scrambled_array_coordinate
scrambled,33,39,28,0.053127913550704876,scrambled_array_coordinate
scrambled,34,39,28,0.05240955269194944,scrambled_array_coordinate
scrambled,39,39,28,0.057009969451942789,scrambled_array_coordinate
scrambled,46,39,28,0.075714913954340393,scrambled_array_coordinate
scrambled,11,40,28,-0.038764329265462076,scrambled_array_coordinate
scrambled,22,40,28,-0.038330057065891841,scrambled_array_coordinate
scrambled,29,40,28,-0.043901493428426544,scrambled_array_coordinate
scrambled,41,40,28,-0.057892786518266466,scrambled_array_coordinate
scrambled,46,40,28,0.043370531033523625,scrambled_array_coordinate
scrambled,5,41,28,0.045057447197092045,scrambled_array_coordinate
scrambled,6,41,28,0.047980914260416181,scrambled_array_coordinate
scrambled,9,41,28,-0.055689001019581193,scrambled_array_coordinate
scrambled,10,41,28,-0.055213592656329656,scrambled_array_coordinate
scrambled,15,41,28,0.046314518060811299,scrambled_array_coordinate
scrambled,18,41,28,-0.054032147117668385,scrambled_array_coordinate
scrambled,20,41,28,0.078453516994245465,scrambled_array_coordinate
scrambled,22,41,28,-0.04122144278232813,scrambled_array_coordinate
scrambled,24,41,28,-0.044714241173941037,scrambled_array_coordinate
scrambled,32,41,28,-0.036435720326154747,scrambled_array_coordinate
scrambled,34,41,28,0.048077698984064617,scrambled_array_coordinate
scrambled,36,41,28,0.036925754982085363,scrambled_array_coordinate
scrambled,39,41,28,0.045125146744729061,scrambled_array_coordinate
scrambled,40,41,28,0.040452325009684494,scrambled_array_coordinate
scrambled,42,41,28,-0.050662548252714788,scrambled_array_coordinate
scrambled,43,41,28,-0.045816285580061317,scrambled_array_coordinate
scrambled,46,41,28,0.090339715034984447,scrambled_array_coordinate
scrambled,47,41,28,-0.054568379760612504,scrambled_array_coordinate
scrambled,1,42,28,-0.059569963620935688,scrambled_array_coordinate
scrambled,4,42,28,-0.042726396557905486,scrambled_array_coordinate
scrambled,24,42,28,0.036302079294765338,scrambled_array_coordinate
scrambled,32,42,28,0.038014538774255854,scrambled_array_coordinate
scrambled,34,42,28,-0.042364186026170036,scrambled_array_coordinate
scrambled,39,42,28,-0.048904782973215405,scrambled_array_coordinate
scrambled,41,42,28,-0.045813040137354752,scrambled_array_coordinate
scrambled,44,42,28,-0.038765451642930444,scrambled_array_coordinate
scrambled,1,43,28,-0.066368904609767715,scrambled_array_coordinate
scrambled,3,43,28,0.09673188342114887,scrambled_array_coordinate
scrambled,4,43,28,-0.03752224371891634,scrambled_array_coordinate
scrambled,7,43,28,0.043638074129088857,scrambled_array_coordinate
scrambled,19,43,28,-0.044906038097791541,scrambled_array_coordinate
scrambled,24,43,28,-0.042679382246792331,scrambled_array_coordinate
scrambled,25,43,28,-0.064324651891900078,scrambled_array_coordinate
scrambled,29,43,28,-0.07493339475413982,scrambled_array_coordinate
scrambled,31,43,28,0.046454133771565341,scrambled_array_coordinate
scrambled,36,43,28,0.066325451786705167,scrambled_array_coordinate
scrambled,40,43,28,0.037619894715734611,scrambled_array_coordinate
scrambled,46,43,28,0.087441853150579466,scrambled_array_coordinate
scrambled,47,43,28,-0.038732616842053341,scrambled_array_coordinate
scrambled,6,44,28,0.046154724832075361,scrambled_array_coordinate
scrambled,8,44,28,0.050361554014939497,scrambled_array_coordinate
scrambled,10,44,28,-0.059395525407335621,scrambled_array_coordinate
scrambled,11,44,28,-0.085955285099179421,scrambled_array_coordinate
scrambled,20,44,28,0.036078669650916627,scrambled_array_coordinate
scrambled,27,44,28,0.060880708163706623,scrambled_array_coordinate
scrambled,31,44,28,0.053437734968012081,scrambled_array_coordinate
scrambled,37,44,28,0.036134352980893576,scrambled_array_coordinate
scrambled,38,44,28,-0.052260556414538278,scrambled_array_coordinate
scrambled,46,44,28,0.07005838037222345,scrambled_array_coordinate
scrambled,47,44,28,0.058176007367417147,scrambled_array_coordinate
scrambled,8,45,28,0.035996339896218803,scrambled_array_coordinate
scrambled,10,45,28,-0.051637903877677589,scrambled_array_coordinate
scrambled,11,45,28,-0.042514817476592796,scrambled_array_coordinate
scrambled,20,45,28,0.03733994403746712,scrambled_array_coordinate
scrambled,27,45,28,0.037032866435358067,scrambled_array_coordinate
scrambled,46,46,28,0.044505682621210303,scrambled_array_coordinate
scrambled,3,47,28,0.036945188816193339,scrambled_array_coordinate
scrambled,5,47,28,0.057022211803087496,scrambled_array_coordinate
scrambled,10,47,28,-0.062199489544556757,scrambled_array_coordinate
scrambled,13,47,28,0.040544347866736365,scrambled_array_coordinate
scrambled,19,47,28,-0.04276119969490632,scrambled_array_coordinate
scrambled,27,47,28,0.052950484676688093,scrambled_array_coordinate
scrambled,29,47,28,-0.072464999076666814,scrambled_array_coordinate
scrambled,36,47,28,0.044906190514015974,scrambled_array_coordinate
scrambled,38,47,28,0.045802062936408629,scrambled_array_coordinate
scrambled,39,47,28,-0.038290036601127925,scrambled_array_coordinate
scrambled,46,47,28,0.03644932062027275,scrambled_array_coordinate
scrambled,47,47,28,-0.055032183061619382,scrambled_array_coordinate
scrambled,1,48,28,-0.04361446697773827,scrambled_array_coordinate
scrambled,4,48,28,-0.036952741764902326,scrambled_array_coordinate
scrambled,9,48,28,0.050617385420441349,scrambled_array_coordinate
scrambled,11,48,28,-0.046706868177867025,scrambled_array_coordinate
scrambled,20,48,28,-0.040114715376233789,scrambled_array_coordinate
scrambled,47,48,28,0.038755934071854611,scrambled_array_coordinate
scrambled,18,49,28,0.046294134156028129,scrambled_array_coordinate
scrambled,31,49,28,0.057675462064706751,scrambled_array_coordinate
scrambled,8,0,29,0.046298666320016391,scrambled_array_coordinate
scrambled,2,1,29,0.039071439479438745,scrambled_array_coordinate
scrambled,13,1,29,-0.03892052872330666,scrambled_array_coordinate
scrambled,20,1,29,0.069382486354420722,scrambled_array_coordinate
scrambled,35,1,29,0.043289314690137276,scrambled_array_coordinate
scrambled,26,2,29,-0.036577476737594074,scrambled_array_coordinate
scrambled,40,2,29,-0.036621178576546148,scrambled_array_coordinate
scrambled,46,2,29,0.036981468654815476,scrambled_array_coordinate
scrambled,13,4,29,0.048615415124218096,scrambled_array_coordinate
scrambled,20,4,29,-0.078516452932502381,scrambled_array_coordinate
scrambled,35,4,29,-0.055536268798555451,scrambled_array_coordinate
scrambled,40,4,29,0.049140119776774134,scrambled_array_coordinate
scrambled,30,5,29,-0.044711152053516466,scrambled_array_coordinate
scrambled,13,6,29,0.046434961479114675,scrambled_array_coordinate
scrambled,26,6,29,-0.050509451990955842,scrambled_array_coordinate
scrambled,27,6,29,0.041006016116438816,scrambled_array_coordinate
scrambled,30,6,29,-0.05146211904779955,scrambled_array_coordinate
scrambled,40,6,29,0.036382722421113123,scrambled_array_coordinate
scrambled,14,8,29,-0.037883295528548633,scrambled_array_coordinate
scrambled,20,8,29,-0.039886730802831637,scrambled_array_coordinate
scrambled,35,8,29,-0.048084863771401962,scrambled_array_coordinate
scrambled,37,8,29,0.039367213766133002,scrambled_array_coordinate
scrambled,39,8,29,-0.040662030925552088,scrambled_array_coordinate
scrambled,41,8,29,-0.045401324112748699,scrambled_array_coordinate
scrambled,14,9,29,0.042559773058219001,scrambled_array_coordinate
scrambled,20,9,29,0.040622585111792953,scrambled_array_coordinate
scrambled,26,9,29,-0.038893504963347154,scrambled_array_coordinate
scrambled,27,9,29,0.037697182333346783,scrambled_array_coordinate
scrambled,35,9,29,0.038343644700166463,scrambled_array_coordinate
scrambled,39,9,29,0.039321175498975958,scrambled_array_coordinate
scrambled,20,10,29,-0.05102997680284091,scrambled_array_coordinate
scrambled,46,10,29,-0.051814447571973607,scrambled_array_coordinate
scrambled,13,12,29,0.041343785559893563,scrambled_array_coordinate
scrambled,41,12,29,-0.040609455718765154,scrambled_array_coordinate
scrambled,25,13,29,-0.048256486649804198,scrambled_array_coordinate
scrambled,30,13,29,0.044864176943993896,scrambled_array_coordinate
scrambled,41,13,29,0.036448934426395886,scrambled_array_coordinate
scrambled,42,13,29,-0.041306744963827274,scrambled_array_coordinate
scrambled,20,14,29,0.047511966406616868,scrambled_array_coordinate
scrambled,40,14,29,-0.057871087228012784,scrambled_array_coordinate
scrambled,46,15,29,0.043691372209794924,scrambled_array_coordinate
scrambled,16,16,29,-0.049087047742600115,scrambled_array_coordinate
scrambled,20,16,29,-0.071843350219311819,scrambled_array_coordinate
scrambled,30,16,29,-0.061809371014210857,scrambled_array_coordinate
scrambled,41,16,29,-0.036250227863808673,scrambled_array_coordinate
scrambled,0,17,29,0.037047881427420042,scrambled_array_coordinate
scrambled,40,17,29,0.057080082313933786,scrambled_array_coordinate
scrambled,20,18,29,0.059918493949096312,scrambled_array_coordinate
scrambled,35,18,29,0.038238250878883481,scrambled_array_coordinate
scrambled,40,18,29,-0.047873333959791341,scrambled_array_coordinate
scrambled,31,19,29,-0.044044142017805189,scrambled_array_coordinate
scrambled,14,20,29,-0.037439452896307339,scrambled_array_coordinate
scrambled,35,20,29,-0.03795534387948437,scrambled_array_coordinate
scrambled,41,20,29,-0.073448850116031819,scrambled_array_coordinate
scrambled,46,20,29,0.048903919895920085,scrambled_array_coordinate
scrambled,27,21,29,-0.045492697882056211,scrambled_array_coordinate
scrambled,31,21,29,-0.04772101427725027,scrambled_array_coordinate
scrambled,37,21,29,0.0369053980843791,scrambled_array_coordinate
scrambled,41,21,29,-0.04719032779023264,scrambled_array_coordinate
scrambled,18,23,29,0.036953174739868963,scrambled_array_coordinate
scrambled,37,23,29,0.041392047000070535,scrambled_array_coordinate
scrambled,41,23,29,0.040049906920905792,scrambled_array_coordinate
scrambled,46,23,29,-0.041971186658812214,scrambled_array_coordinate
scrambled,8,24,29,-0.047512949087639214,scrambled_array_coordinate
scrambled,22,24,29,0.037771880107902729,scrambled_array_coordinate
scrambled,48,24,29,0.038211287109007411,scrambled_array_coordinate
scrambled,0,26,29,0.046346599943865377,scrambled_array_coordinate
scrambled,9,26,29,-0.037327497338269497,scrambled_array_coordinate
scrambled,13,26,29,0.038938798842809014,scrambled_array_coordinate
scrambled,20,26,29,-0.036010569041933192,scrambled_array_coordinate
scrambled,30,26,29,-0.037828000949524127,scrambled_array_coordinate
scrambled,32,26,29,0.038652506160480028,scrambled_array_coordinate
scrambled,35,26,29,-0.043088049192305813,scrambled_array_coordinate
scrambled,39,26,29,-0.044696610987452652,scrambled_array_coordinate
scrambled,40,26,29,0.04398486688071538,scrambled_array_coordinate
scrambled,46,26,29,-0.050256609039277984,scrambled_array_coordinate
scrambled,31,27,29,-0.040698099023211934,scrambled_array_coordinate
scrambled,40,27,29,-0.055077532540026966,scrambled_array_coordinate
scrambled,13,28,29,-0.044368940389366944,scrambled_array_coordinate
scrambled,40,28,29,-0.040405238906841737,scrambled_array_coordinate
scrambled,27,29,29,0.043913316157613708,scrambled_array_coordinate
scrambled,30,29,29,0.037361674794028799,scrambled_array_coordinate
scrambled,8,30,29,0.043209914456736546,scrambled_array_coordinate
scrambled,40,30,29,-0.050209777316132145,scrambled_array_coordinate
scrambled,46,30,29,0.049818129872091818,scrambled_array_coordinate
scrambled,30,31,29,-0.036388466949379444,scrambled_array_coordinate
scrambled,35,31,29,-0.046235546634266149,scrambled_array_coordinate
scrambled,39,31,29,-0.037972761125796971,scrambled_array_coordinate
scrambled,41,31,29,-0.042337818028641158,scrambled_array_coordinate
scrambled,20,33,29,0.047804531500279773,scrambled_array_coordinate
scrambled,40,33,29,-0.038346909602637175,scrambled_array_coordinate
scrambled,20,34,29,-0.044739230619031616,scrambled_array_coordinate
scrambled,24,34,29,-0.036400520378864036,scrambled_array_coordinate
scrambled,27,34,29,0.045893103409019781,scrambled_array_coordinate
scrambled,12,35,29,0.038607948970781535,scrambled_array_coordinate
scrambled,20,35,29,0.060687212628634843,scrambled_array_coordinate
scrambled,30,35,29,0.041853253027643804,scrambled_array_coordinate
scrambled,40,35,29,-0.040164163820138134,scrambled_array_coordinate
scrambled,41,35,29,-0.037024050419249492,scrambled_array_coordinate
scrambled,46,35,29,0.045174455486411864,scrambled_array_coordinate
scrambled,1,36,29,-0.043229822326461734,scrambled_array_coordinate
scrambled,27,36,29,-0.03958273491930684,scrambled_array_coordinate
scrambled,41,36,29,-0.044809821101906844,scrambled_array_coordinate
scrambled,46,37,29,-0.039347495272786741,scrambled_array_coordinate
scrambled,18,38,29,0.043003735739027278,scrambled_array_coordinate
scrambled,31,40,29,0.04103121330787815,scrambled_array_coordinate
scrambled,10,41,29,-0.043420954586233615,scrambled_array_coordinate
scrambled,13,41,29,0.065414102321983039,scrambled_array_coordinate
scrambled,18,41,29,-0.047507001602992822,scrambled_array_coordinate
scrambled,22,41,29,0.046190403467197376,scrambled_array_coordinate
scrambled,23,41,29,0.039414988011934021,scrambled_array_coordinate
scrambled,26,41,29,-0.059118156693877232,scrambled_array_coordinate
scrambled,31,41,29,-0.058890161953797482,scrambled_array_coordinate
scrambled,1,42,29,-0.044201713375629628,scrambled_array_coordinate
scrambled,36,42,29,0.036623904574012149,scrambled_array_coordinate
scrambled,37,42,29,-0.046191836828999085,scrambled_array_coordinate
scrambled,2,43,29,0.041075836467265037,scrambled_array_coordinate
scrambled,25,43,29,-0.038843882377911934,scrambled_array_coordinate
scrambled,31,43,29,-0.06172180838242531,scrambled_array_coordinate
scrambled,33,43,29,-0.036073879345190164,scrambled_array_coordinate
scrambled,40,43,29,-0.059921591460571799,scrambled_array_coordinate
scrambled,14,45,29,-0.035780012356198536,scrambled_array_coordinate
scrambled,25,45,29,0.041122129272755985,scrambled_array_coordinate
scrambled,37,49,29,0.037229948049283555,scrambled_array_coordinate
scrambled,10,0,30,-0.037396509485817228,scrambled_array_coordinate
scrambled,22,0,30,0.047597446810711284,scrambled_array_coordinate
scrambled,41,0,30,-0.050520720672094378,scrambled_array_coordinate
scrambled,0,1,30,-0.073701031050931926,scrambled_array_coordinate
scrambled,15,1,30,-0.056414014938167459,scrambled_array_coordinate
scrambled,23,1,30,-0.037114637487861223,scrambled_array_coordinate
scrambled,40,1,30,0.036790041586060182,scrambled_array_coordinate
scrambled,1,2,30,0.049836317726439552,scrambled_array_coordinate
scrambled,10,2,30,-0.045256477798006019,scrambled_array_coordinate
scrambled,24,2,30,0.040796271460725286,scrambled_array_coordinate
scrambled,40,2,30,-0.046768452903331571,scrambled_array_coordinate
scrambled,43,2,30,0.046031940831801281,scrambled_array_coordinate
scrambled,1,3,30,-0.04538223967170011,scrambled_array_coordinate
scrambled,2,3,30,-0.043372225902016656,scrambled_array_coordinate
scrambled,11,3,30,0.037476356634785581,scrambled_array_coordinate
scrambled,35,3,30,-0.043210789624142404,scrambled_array_coordinate
scrambled,0,4,30,0.054675896286528414,scrambled_array_coordinate
scrambled,2,4,30,-0.048074483278184227,scrambled_array_coordinate
scrambled,27,4,30,-0.036254985447364746,scrambled_array_coordinate
scrambled,29,4,30,0.039736485714594316,scrambled_array_coordinate
scrambled,33,4,30,-0.040881482497075974,scrambled_array_coordinate
scrambled,40,4,30,-0.0381134764839684,scrambled_array_coordinate
scrambled,46,4,30,-0.061397977467534316,scrambled_array_coordinate
scrambled,2,6,30,-0.050985435429343272,scrambled_array_coordinate
scrambled,11,6,30,0.049951280322872306,scrambled_array_coordinate
scrambled,13,6,30,0.038929245214478228,scrambled_array_coordinate
scrambled,46,6,30,-0.070216276362016924,scrambled_array_coordinate
scrambled,2,7,30,0.040311713417130787,scrambled_array_coordinate
scrambled,4,7,30,-0.051109146015083214,scrambled_array_coordinate
scrambled,10,7,30,0.037310830750933013,scrambled_array_coordinate
scrambled,13,7,30,-0.070292761763268485,scrambled_array_coordinate
scrambled,18,7,30,0.04217170353894243,scrambled_array_coordinate
scrambled,2,8,30,-0.03890977408018198,scrambled_array_coordinate
scrambled,14,8,30,0.044958407475302754,scrambled_array_coordinate
scrambled,22,8,30,0.039622410003889622,scrambled_array_coordinate
scrambled,26,8,30,0.047985400325167127,scrambled_array_coordinate
scrambled,27,8,30,-0.047394045792534617,scrambled_array_coordinate
scrambled,29,8,30,0.073074921070182944,scrambled_array_coordinate
scrambled,33,8,30,-0.040671059629794122,scrambled_array_coordinate
scrambled,41,8,30,0.050728213015997357,scrambled_array_coordinate
scrambled,46,8,30,-0.11278086315465095,scrambled_array_coordinate
scrambled,11,9,30,0.039860826492250895,scrambled_array_coordinate
scrambled,24,9,30,0.047559553828247052,scrambled_array_coordinate
scrambled,46,9,30,-0.068103468636511247,scrambled_array_coordinate
scrambled,14,11,30,0.042174536665335313,scrambled_array_coordinate
scrambled,24,11,30,-0.043086246199074536,scrambled_array_coordinate
scrambled,39,11,30,0.036115513644222691,scrambled_array_coordinate
scrambled,40,11,30,0.038206374872112335,scrambled_array_coordinate
scrambled,41,11,30,0.038334750160733878,scrambled_array_coordinate
scrambled,43,11,30,-0.052445364877972196,scrambled_array_coordinate
scrambled,49,11,30,-0.036346588238094932,scrambled_array_coordinate
scrambled,2,13,30,0.035964364884427925,scrambled_array_coordinate
scrambled,7,13,30,-0.039165796547987693,scrambled_array_coordinate
scrambled,11,13,30,-0.064355853575463376,scrambled_array_coordinate
scrambled,13,13,30,0.037605024446581863,scrambled_array_coordinate
scrambled,20,13,30,0.036296887785341417,scrambled_array_coordinate
scrambled,22,13,30,-0.038319983922923108,scrambled_array_coordinate
scrambled,25,13,30,0.054464291916225267,scrambled_array_coordinate
scrambled,40,13,30,0.039861814162526391,scrambled_array_coordinate
scrambled,46,13,30,0.065677403313100249,scrambled_array_coordinate
scrambled,0,14,30,-0.055875568192170003,scrambled_array_coordinate
scrambled,14,14,30,-0.046167766328241398,scrambled_array_coordinate
scrambled,37,14,30,0.036315260457269009,scrambled_array_coordinate
scrambled,46,14,30,0.048929439739214417,scrambled_array_coordinate
scrambled,1,15,30,0.043337528737701296,scrambled_array_coordinate
scrambled,13,15,30,0.04326393576320859,scrambled_array_coordinate
scrambled,25,15,30,0.04073471660317439,scrambled_array_coordinate
scrambled,36,15,30,-0.051568848189189907,scrambled_array_coordinate
scrambled,46,15,30,-0.039011662275138477,scrambled_array_coordinate
scrambled,0,16,30,0.042504009032558028,scrambled_array_coordinate
scrambled,2,16,30,-0.038972033426354719,scrambled_array_coordinate
scrambled,46,16,30,-0.039801008057089492,scrambled_array_coordinate
scrambled,8,17,30,0.036056799364089211,scrambled_array_coordinate
scrambled,14,17,30,0.037901055996816924,scrambled_array_coordinate
scrambled,24,17,30,-0.075884328798857689,scrambled_array_coordinate
scrambled,43,17,30,-0.046695854443461415,scrambled_array_coordinate
scrambled,0,18,30,-0.050711097544791216,scrambled_array_coordinate
scrambled,11,18,30,0.042207868352945342,scrambled_array_coordinate
scrambled,25,18,30,-0.043784916657182739,scrambled_array_coordinate
scrambled,46,19,30,0.063875880322162334,scrambled_array_coordinate
scrambled,49,19,30,0.040603516557412393,scrambled_array_coordinate
scrambled,6,20,30,-0.044151193128450797,scrambled_array_coordinate
scrambled,20,20,30,-0.053807511620533946,scrambled_array_coordinate
scrambled,22,20,30,0.046455780651081059,scrambled_array_coordinate
scrambled,29,20,30,0.037735677808970865,scrambled_array_coordinate
scrambled,41,20,30,0.062673290522746339,scrambled_array_coordinate
scrambled,46,20,30,-0.10635862666742993,scrambled_array_coordinate
scrambled,49,20,30,-0.057689857771381088,scrambled_array_coordinate
scrambled,13,21,30,0.056423803876884913,scrambled_array_coordinate
scrambled,22,21,30,0.05609856236378457,scrambled_array_coordinate
scrambled,41,21,30,0.047029414045673706,scrambled_array_coordinate
scrambled,43,21,30,-0.04010132304113271,scrambled_array_coordinate
scrambled,46,21,30,-0.044320779023365772,scrambled_array_coordinate
scrambled,11,22,30,0.041234407799661837,scrambled_array_coordinate
scrambled,22,22,30,0.040032833944674683,scrambled_array_coordinate
scrambled,24,22,30,0.040219351036760199,scrambled_array_coordinate
scrambled,29,22,30,0.042592016520917098,scrambled_array_coordinate
scrambled,46,22,30,-0.084243476791827573,scrambled_array_coordinate
scrambled,10,23,30,-0.038355499570715219,scrambled_array_coordinate
scrambled,15,23,30,0.044399093323464076,scrambled_array_coordinate
scrambled,18,23,30,-0.03930700232215785,scrambled_array_coordinate
scrambled,20,23,30,0.052754014481874181,scrambled_array_coordinate
scrambled,40,23,30,-0.042238363716774301,scrambled_array_coordinate
scrambled,41,23,30,-0.037907594538963883,scrambled_array_coordinate
scrambled,49,23,30,0.035838275558067727,scrambled_array_coordinate
scrambled,10,24,30,0.044958897814444204,scrambled_array_coordinate
scrambled,11,24,30,-0.049237771151849713,scrambled_array_coordinate
scrambled,15,24,30,-0.05072977991281237,scrambled_array_coordinate
scrambled,18,24,30,0.046619851267591501,scrambled_array_coordinate
scrambled,22,24,30,-0.062110535940601209,scrambled_array_coordinate
scrambled,23,24,30,-0.042003773595230262,scrambled_array_coordinate
scrambled,31,24,30,0.045903754577907331,scrambled_array_coordinate
scrambled,40,24,30,0.05710216537704188,scrambled_array_coordinate
scrambled,6,25,30,0.035928797369938072,scrambled_array_coordinate
scrambled,10,25,30,-0.039207696541246603,scrambled_array_coordinate
scrambled,40,25,30,-0.036407324061296514,scrambled_array_coordinate
scrambled,5,26,30,0.040036950448445338,scrambled_array_coordinate
scrambled,23,26,30,0.046495764860845994,scrambled_array_coordinate
scrambled,24,26,30,-0.05322936737352827,scrambled_array_coordinate
scrambled,35,26,30,-0.038960501349526062,scrambled_array_coordinate
scrambled,46,26,30,0.051723708798759947,scrambled_array_coordinate
scrambled,49,26,30,0.048227368227917178,scrambled_array_coordinate
scrambled,1,27,30,0.055944494824689224,scrambled_array_coordinate
scrambled,4,27,30,0.03614924175391708,scrambled_array_coordinate
scrambled,10,27,30,-0.047167518271717675,scrambled_array_coordinate
scrambled,13,27,30,0.03766435699356982,scrambled_array_coordinate
scrambled,22,27,30,0.035956686426502224,scrambled_array_coordinate
scrambled,24,27,30,0.038512824474505193,scrambled_array_coordinate
scrambled,8,29,30,-0.051037340378205016,scrambled_array_coordinate
scrambled,24,29,30,0.051365884067603715,scrambled_array_coordinate
scrambled,30,29,30,-0.042928394427040398,scrambled_array_coordinate
scrambled,46,29,30,-0.063682557154869951,scrambled_array_coordinate
scrambled,1,30,30,0.062069138261809445,scrambled_array_coordinate
scrambled,8,30,30,-0.044768952163578866,scrambled_array_coordinate
scrambled,9,30,30,-0.039907328334028422,scrambled_array_coordinate
scrambled,22,30,30,0.047628450370451332,scrambled_array_coordinate
scrambled,25,30,30,0.050774422294034172,scrambled_array_coordinate
scrambled,0,31,30,0.059117707881830073,scrambled_array_coordinate
scrambled,5,31,30,0.040200223076080718,scrambled_array_coordinate
scrambled,23,31,30,0.045958692798980384,scrambled_array_coordinate
scrambled,2,32,30,-0.040438214044214972,scrambled_array_coordinate
scrambled,11,32,30,0.058488817129221139,scrambled_array_coordinate
scrambled,22,32,30,0.060383097748852248,scrambled_array_coordinate
scrambled,24,32,30,0.037659958033383241,scrambled_array_coordinate
scrambled,29,32,30,0.04014421848990754,scrambled_array_coordinate
scrambled,36,32,30,-0.036404407786855296,scrambled_array_coordinate
scrambled,41,32,30,0.043841995369028108,scrambled_array_coordinate
scrambled,46,32,30,-0.090244362473321044,scrambled_array_coordinate
scrambled,46,33,30,0.053151916242310117,scrambled_array_coordinate
scrambled,11,34,30,-0.041675049626386046,scrambled_array_coordinate
scrambled,30,34,30,-0.040158393438491036,scrambled_array_coordinate
scrambled,36,34,30,0.038447626173937231,scrambled_array_coordinate
scrambled,41,34,30,-0.038953387417539002,scrambled_array_coordinate
scrambled,8,35,30,-0.037120168724313,scrambled_array_coordinate
scrambled,11,35,30,0.035888219571973169,scrambled_array_coordinate
scrambled,20,35,30,-0.039118934517338874,scrambled_array_coordinate
scrambled,22,35,30,0.040473739278416347,scrambled_array_coordinate
scrambled,24,35,30,0.053794716157984875,scrambled_array_coordinate
scrambled,36,35,30,-0.036508411192399212,scrambled_array_coordinate
scrambled,41,35,30,0.042813210694542622,scrambled_array_coordinate
scrambled,46,35,30,-0.060335779493766707,scrambled_array_coordinate
scrambled,47,35,30,0.036082632176646055,scrambled_array_coordinate
scrambled,14,37,30,-0.046312988173592903,scrambled_array_coordinate
scrambled,29,37,30,-0.043381791666764861,scrambled_array_coordinate
scrambled,41,37,30,-0.05034867992748928,scrambled_array_coordinate
scrambled,46,37,30,0.10488986536464741,scrambled_array_coordinate
scrambled,49,37,30,0.040008029522204051,scrambled_array_coordinate
scrambled,13,39,30,-0.0433833935854607,scrambled_array_coordinate
scrambled,14,39,30,-0.047702629664210627,scrambled_array_coordinate
scrambled,15,39,30,0.036730272822242574,scrambled_array_coordinate
scrambled,40,39,30,-0.036890611642711936,scrambled_array_coordinate
scrambled,41,39,30,-0.059148359809054349,scrambled_array_coordinate
scrambled,43,39,30,0.049043801996676635,scrambled_array_coordinate
scrambled,46,39,30,0.060482895077386335,scrambled_array_coordinate
scrambled,6,40,30,0.046133028637186532,scrambled_array_coordinate
scrambled,10,40,30,-0.048645919197514161,scrambled_array_coordinate
scrambled,15,40,30,0.044556668004308679,scrambled_array_coordinate
scrambled,35,40,30,-0.044986569713341189,scrambled_array_coordinate
scrambled,41,40,30,-0.048828707718607589,scrambled_array_coordinate
scrambled,43,40,30,0.042670466115077521,scrambled_array_coordinate
scrambled,1,41,30,-0.078568447659491683,scrambled_array_coordinate
scrambled,8,41,30,0.041690656055179867,scrambled_array_coordinate
scrambled,9,41,30,0.036864282977087916,scrambled_array_coordinate
scrambled,18,41,30,0.043475671501022911,scrambled_array_coordinate
scrambled,23,41,30,-0.047248693186139834,scrambled_array_coordinate
scrambled,25,41,30,-0.058043443454806422,scrambled_array_coordinate
scrambled,28,41,30,-0.039977034408430909,scrambled_array_coordinate
scrambled,31,41,30,0.04093391996186603,scrambled_array_coordinate
scrambled,34,41,30,-0.041976598485592452,scrambled_array_coordinate
scrambled,36,41,30,0.042322142989252867,scrambled_array_coordinate
scrambled,41,41,30,-0.050106337594972794,scrambled_array_coordinate
scrambled,44,41,30,-0.035947382981088474,scrambled_array_coordinate
scrambled,46,41,30,0.064417892969778803,scrambled_array_coordinate
scrambled,49,41,30,0.060517084423008426,scrambled_array_coordinate
scrambled,1,42,30,0.046911050446753422,scrambled_array_coordinate
scrambled,24,42,30,-0.035802804680755446,scrambled_array_coordinate
scrambled,40,42,30,0.037176856644364167,scrambled_array_coordinate
scrambled,49,42,30,-0.041305472160346593,scrambled_array_coordinate
scrambled,4,43,30,0.042762907190559397,scrambled_array_coordinate
scrambled,6,43,30,0.04633261219382237,scrambled_array_coordinate
scrambled,8,43,30,0.043043435541815771,scrambled_array_coordinate
scrambled,10,43,30,-0.056106259886346641,scrambled_array_coordinate
scrambled,13,43,30,0.063043575439733004,scrambled_array_coordinate
scrambled,20,43,30,0.048339150389189178,scrambled_array_coordinate
scrambled,27,43,30,0.040392598196625704,scrambled_array_coordinate
scrambled,45,43,30,0.0424990450223727,scrambled_array_coordinate
scrambled,46,43,30,0.056874871849904522,scrambled_array_coordinate
scrambled,49,43,30,0.070624644382351304,scrambled_array_coordinate
scrambled,6,44,30,0.04081354903139138,scrambled_array_coordinate
scrambled,10,44,30,-0.040369384209633055,scrambled_array_coordinate
scrambled,15,44,30,0.05154503201511506,scrambled_array_coordinate
scrambled,23,44,30,0.053237587268607181,scrambled_array_coordinate
scrambled,26,44,30,-0.054067603882957976,scrambled_array_coordinate
scrambled,28,44,30,0.037046589043088662,scrambled_array_coordinate
scrambled,29,44,30,-0.036476646329432184,scrambled_array_coordinate
scrambled,33,44,30,0.037818120797400052,scrambled_array_coordinate
scrambled,41,44,30,-0.045006100163977207,scrambled_array_coordinate
scrambled,46,44,30,0.073022554973103088,scrambled_array_coordinate
scrambled,1,45,30,-0.064989461916644037,scrambled_array_coordinate
scrambled,3,45,30,0.036798702788520085,scrambled_array_coordinate
scrambled,9,45,30,0.042493112579924518,scrambled_array_coordinate
scrambled,24,45,30,-0.044641072554039374,scrambled_array_coordinate
scrambled,25,45,30,-0.052863039628289962,scrambled_array_coordinate
scrambled,36,45,30,0.039049965739409977,scrambled_array_coordinate
scrambled,10,46,30,-0.045531998643518735,scrambled_array_coordinate
scrambled,14,46,30,-0.039243027066540134,scrambled_array_coordinate
scrambled,46,46,30,0.046277256468806302,scrambled_array_coordinate
scrambled,2,47,30,0.036662918938988341,scrambled_array_coordinate
scrambled,11,47,30,-0.042731321464972868,scrambled_array_coordinate
scrambled,22,47,30,-0.037753628212157768,scrambled_array_coordinate
scrambled,40,47,30,0.040229469200544765,scrambled_array_coordinate
scrambled,43,47,30,-0.037555801594884711,scrambled_array_coordinate
scrambled,46,47,30,0.04959595590981003,scrambled_array_coordinate
scrambled,10,49,30,-0.038701785562539989,scrambled_array_coordinate
scrambled,24,49,30,0.051751327811950125,scrambled_array_coordinate
scrambled,41,49,30,-0.040016565682207274,scrambled_array_coordinate
scrambled,11,0,31,-0.037706392610780903,scrambled_array_coordinate
scrambled,25,0,31,0.041097085551543622,scrambled_array_coordinate
scrambled,0,1,31,-0.052475928237358464,scrambled_array_coordinate
scrambled,39,1,31,0.043427104874457959,scrambled_array_coordinate
scrambled,46,1,31,0.040745153551600258,scrambled_array_coordinate
scrambled,47,1,31,0.036465726147881357,scrambled_array_coordinate
scrambled,49,1,31,0.045033756796013097,scrambled_array_coordinate
scrambled,20,2,31,-0.038465074660549416,scrambled_array_coordinate
scrambled,22,3,31,-0.04247161065119958,scrambled_array_coordinate
scrambled,24,3,31,-0.036066291750485348,scrambled_array_coordinate
scrambled,30,3,31,0.041061280707695144,scrambled_array_coordinate
scrambled,40,3,31,0.05329619683320326,scrambled_array_coordinate
scrambled,24,4,31,-0.040570820853182976,scrambled_array_coordinate
scrambled,47,4,31,-0.041317332977861131,scrambled_array_coordinate
scrambled,10,6,31,0.047177059340249378,scrambled_array_coordinate
scrambled,4,8,31,-0.055331648457304823,scrambled_array_coordinate
scrambled,13,8,31,-0.037370174746946976,scrambled_array_coordinate
scrambled,25,8,31,0.044071413270782497,scrambled_array_coordinate
scrambled,41,8,31,-0.039918780270965896,scrambled_array_coordinate
scrambled,1,9,31,0.040777530827980149,scrambled_array_coordinate
scrambled,11,9,31,-0.037617454211431235,scrambled_array_coordinate
scrambled,22,9,31,0.036357519230884587,scrambled_array_coordinate
scrambled,44,9,31,0.036965997923029716,scrambled_array_coordinate
scrambled,29,10,31,-0.042473291436893219,scrambled_array_coordinate
scrambled,40,11,31,-0.04406939267146321,scrambled_array_coordinate
scrambled,41,11,31,-0.039562298935864056,scrambled_array_coordinate
scrambled,9,12,31,0.036337497001160006,scrambled_array_coordinate
scrambled,33,12,31,-0.038104581343269682,scrambled_array_coordinate
scrambled,40,12,31,-0.038932347280559158,scrambled_array_coordinate
scrambled,46,12,31,-0.042759722046867003,scrambled_array_coordinate
scrambled,4,13,31,0.037983133225013399,scrambled_array_coordinate
scrambled,22,13,31,0.064009623025122003,scrambled_array_coordinate
scrambled,40,13,31,-0.037092100698961773,scrambled_array_coordinate
scrambled,8,14,31,0.045598850897778292,scrambled_array_coordinate
scrambled,11,14,31,-0.041855349030392161,scrambled_array_coordinate
scrambled,27,14,31,0.047873517122124003,scrambled_array_coordinate
scrambled,46,14,31,0.040109623796165027,scrambled_array_coordinate
scrambled,20,15,31,-0.03681363846296299,scrambled_array_coordinate
scrambled,22,15,31,0.051988735975898828,scrambled_array_coordinate
scrambled,1,16,31,-0.040840873358068873,scrambled_array_coordinate
scrambled,4,16,31,-0.043543464794582744,scrambled_array_coordinate
scrambled,9,16,31,0.038455702162134071,scrambled_array_coordinate
scrambled,20,16,31,-0.0411823019020384,scrambled_array_coordinate
scrambled,2,17,31,-0.040584183863562336,scrambled_array_coordinate
scrambled,4,18,31,0.040276861576677231,scrambled_array_coordinate
scrambled,6,18,31,-0.038241094608542643,scrambled_array_coordinate
scrambled,9,18,31,-0.040049210953946222,scrambled_array_coordinate
scrambled,10,18,31,0.041878968475817444,scrambled_array_coordinate
scrambled,11,18,31,0.053238067577495482,scrambled_array_coordinate
scrambled,18,18,31,0.062471422272974725,scrambled_array_coordinate
scrambled,38,18,31,0.042881331729249066,scrambled_array_coordinate
scrambled,19,19,31,0.04011443108947111,scrambled_array_coordinate
scrambled,4,20,31,-0.042531070063388722,scrambled_array_coordinate
scrambled,9,20,31,0.038209342340440107,scrambled_array_coordinate
scrambled,10,20,31,0.040302231428402287,scrambled_array_coordinate
scrambled,20,20,31,-0.044787471900847704,scrambled_array_coordinate
scrambled,29,20,31,0.050229900178591677,scrambled_array_coordinate
scrambled,46,20,31,-0.073758375705801085,scrambled_array_coordinate
scrambled,47,20,31,0.042648365698420357,scrambled_array_coordinate
scrambled,3,21,31,-0.037478372943321063,scrambled_array_coordinate
scrambled,17,21,31,0.038627447188471421,scrambled_array_coordinate
scrambled,25,21,31,0.062161873028268269,scrambled_array_coordinate
scrambled,41,21,31,-0.036733845352415959,scrambled_array_coordinate
scrambled,11,23,31,-0.043280746606883545,scrambled_array_coordinate
scrambled,19,23,31,0.039218845922151357,scrambled_array_coordinate
scrambled,39,23,31,0.038082338940096001,scrambled_array_coordinate
scrambled,46,23,31,0.061147541977153962,scrambled_array_coordinate
scrambled,49,23,31,0.045686622986757179,scrambled_array_coordinate
scrambled,10,24,31,-0.041407490580429439,scrambled_array_coordinate
scrambled,22,24,31,0.048019847975934137,scrambled_array_coordinate
scrambled,25,24,31,-0.050252963085127347,scrambled_array_coordinate
scrambled,11,25,31,-0.051435425747780726,scrambled_array_coordinate
scrambled,39,25,31,0.043177076119091287,scrambled_array_coordinate
scrambled,43,25,31,-0.037994247567067575,scrambled_array_coordinate
scrambled,46,25,31,0.050216935350771534,scrambled_array_coordinate
scrambled,1,26,31,-0.037798678797790586,scrambled_array_coordinate
scrambled,10,26,31,0.038846812879054553,scrambled_array_coordinate
scrambled,11,26,31,-0.036678566165226044,scrambled_array_coordinate
scrambled,24,26,31,-0.046827823488925377,scrambled_array_coordinate
scrambled,2,27,31,0.040146470276382205,scrambled_array_coordinate
scrambled,1,29,31,0.045560623115639451,scrambled_array_coordinate
scrambled,10,29,31,-0.037804997210451038,scrambled_array_coordinate
scrambled,24,29,31,0.041529720950554322,scrambled_array_coordinate
scrambled,37,29,31,0.037887251875509016,scrambled_array_coordinate
scrambled,46,29,31,-0.043588249634571113,scrambled_array_coordinate
scrambled,11,30,31,0.039234533452640753,scrambled_array_coordinate
scrambled,25,30,31,0.036363368579661132,scrambled_array_coordinate
scrambled,31,30,31,-0.042546128279095256,scrambled_array_coordinate
scrambled,46,30,31,-0.048619923138173357,scrambled_array_coordinate
scrambled,10,31,31,0.05679803781873468,scrambled_array_coordinate
scrambled,42,31,31,0.042600749208730776,scrambled_array_coordinate
scrambled,49,32,31,-0.041327165673838942,scrambled_array_coordinate
scrambled,13,35,31,-0.037649306069118794,scrambled_array_coordinate
scrambled,24,35,31,0.038897671968538966,scrambled_array_coordinate
scrambled,38,35,31,-0.037304538634588394,scrambled_array_coordinate
scrambled,46,35,31,-0.041829305194234695,scrambled_array_coordinate
scrambled,47,35,31,0.061823158221787154,scrambled_array_coordinate
scrambled,11,36,31,0.041552003806869624,scrambled_array_coordinate
scrambled,39,36,31,-0.054625146023668338,scrambled_array_coordinate
scrambled,46,36,31,-0.069560140539852891,scrambled_array_coordinate
scrambled,49,36,31,-0.042779740305727627,scrambled_array_coordinate
scrambled,49,37,31,0.044119890002263691,scrambled_array_coordinate
scrambled,20,38,31,0.048603961682936563,scrambled_array_coordinate
scrambled,38,38,31,0.037636583101122341,scrambled_array_coordinate
scrambled,36,39,31,-0.044415355974500463,scrambled_array_coordinate
scrambled,11,40,31,-0.051082630631475189,scrambled_array_coordinate
scrambled,40,40,31,0.040336064786220101,scrambled_array_coordinate
scrambled,13,41,31,0.055798033754797076,scrambled_array_coordinate
scrambled,21,41,31,-0.042654254527110011,scrambled_array_coordinate
scrambled,24,41,31,-0.058822397352820951,scrambled_array_coordinate
scrambled,26,41,31,-0.042975389666461944,scrambled_array_coordinate
scrambled,29,41,31,-0.054633104187937778,scrambled_array_coordinate
scrambled,30,41,31,0.042954273745229643,scrambled_array_coordinate
scrambled,15,43,31,-0.037470968900563562,scrambled_array_coordinate
scrambled,40,43,31,0.036475638597782321,scrambled_array_coordinate
scrambled,42,43,31,-0.055403650646835799,scrambled_array_coordinate
scrambled,0,44,31,0.03723200275015242,scrambled_array_coordinate
scrambled,11,44,31,-0.049695992220581638,scrambled_array_coordinate
scrambled,18,44,31,-0.04120343968965634,scrambled_array_coordinate
scrambled,7,47,31,0.037649939413630817,scrambled_array_coordinate
scrambled,10,47,31,-0.048199472142357286,scrambled_array_coordinate
scrambled,30,47,31,0.0363126649012473,scrambled_array_coordinate
scrambled,44,47,31,-0.043888831240482852,scrambled_array_coordinate
scrambled,47,47,31,-0.049188445315198975,scrambled_array_coordinate
scrambled,25,49,31,0.036839924750694919,scrambled_array_coordinate
scrambled,41,0,32,0.05047609401309551,scrambled_array_coordinate
scrambled,31,1,32,-0.037026200482074084,scrambled_array_coordinate
scrambled,40,1,32,-0.041334138089738438,scrambled_array_coordinate
scrambled,0,2,32,-0.037501115524842497,scrambled_array_coordinate
scrambled,0,4,32,0.046847514807918773,scrambled_array_coordinate
scrambled,2,4,32,-0.037029723843454758,scrambled_array_coordinate
scrambled,10,4,32,0.039369631715192227,scrambled_array_coordinate
scrambled,31,4,32,0.04040491572975257,scrambled_array_coordinate
scrambled,35,4,32,-0.037363813316386975,scrambled_array_coordinate
scrambled,40,4,32,0.045917601286585702,scrambled_array_coordinate
scrambled,45,4,32,-0.036538327328938677,scrambled_array_coordinate
scrambled,46,4,32,-0.043339124336918632,scrambled_array_coordinate
scrambled,15,8,32,0.036739112371387779,scrambled_array_coordinate
scrambled,27,8,32,0.04865221150526839,scrambled_array_coordinate
scrambled,31,8,32,0.065812677763542229,scrambled_array_coordinate
scrambled,33,8,32,0.036922574206045729,scrambled_array_coordinate
scrambled,36,8,32,0.042732983433230592,scrambled_array_coordinate
scrambled,46,8,32,0.058529309604967251,scrambled_array_coordinate
scrambled,0,9,32,-0.038198651055933001,scrambled_array_coordinate
scrambled,31,9,32,-0.050853316016225933,scrambled_array_coordinate
scrambled,41,9,32,-0.038926301793848567,scrambled_array_coordinate
scrambled,13,10,32,0.044030964437349017,scrambled_array_coordinate
scrambled,31,10,32,0.03623063021708052,scrambled_array_coordinate
scrambled,46,10,32,0.079678906883195441,scrambled_array_coordinate
scrambled,49,10,32,0.046248978379776907,scrambled_array_coordinate
scrambled,21,12,32,0.038143769446774473,scrambled_array_coordinate
scrambled,22,12,32,0.04361726759125318,scrambled_array_coordinate
scrambled,41,12,32,0.040868461132127568,scrambled_array_coordinate
scrambled,46,12,32,-0.040063335059219336,scrambled_array_coordinate
scrambled,24,13,32,0.044671641809847597,scrambled_array_coordinate
scrambled,29,13,32,0.04179029591774118,scrambled_array_coordinate
scrambled,37,13,32,0.03754959018124903,scrambled_array_coordinate
scrambled,40,13,32,-0.042006655650426841,scrambled_array_coordinate
scrambled,41,13,32,0.038573035326147663,scrambled_array_coordinate
scrambled,46,13,32,-0.07148694378292185,scrambled_array_coordinate
scrambled,2,14,32,0.036052339249064119,scrambled_array_coordinate
scrambled,46,15,32,-0.036089136134571771,scrambled_array_coordinate
scrambled,0,16,32,0.040034236439194848,scrambled_array_coordinate
scrambled,31,16,32,0.04470165857724475,scrambled_array_coordinate
scrambled,0,17,32,0.049817772521630971,scrambled_array_coordinate
scrambled,46,17,32,-0.044169136964096134,scrambled_array_coordinate
scrambled,3,21,32,0.050066155318702482,scrambled_array_coordinate
scrambled,17,21,32,-0.037822428519237922,scrambled_array_coordinate
scrambled,25,21,32,-0.051421485015116536,scrambled_array_coordinate
scrambled,31,21,32,0.055762745118408917,scrambled_array_coordinate
scrambled,36,21,32,0.045213861407194224,scrambled_array_coordinate
scrambled,41,21,32,0.036424193343922426,scrambled_array_coordinate
scrambled,46,22,32,0.03602956336033182,scrambled_array_coordinate
scrambled,46,23,32,0.039639776980114387,scrambled_array_coordinate
scrambled,20,24,32,0.042160821455720983,scrambled_array_coordinate
scrambled,30,24,32,0.03758067521280746,scrambled_array_coordinate
scrambled,41,24,32,-0.038232410531862118,scrambled_array_coordinate
scrambled,0,26,32,0.055055997374567026,scrambled_array_coordinate
scrambled,20,26,32,-0.053103174207459899,scrambled_array_coordinate
scrambled,30,26,32,-0.042703857023004145,scrambled_array_coordinate
scrambled,46,26,32,-0.041386748511760392,scrambled_array_coordinate
scrambled,20,27,32,0.049223368550621649,scrambled_array_coordinate
scrambled,46,27,32,0.063943125364997633,scrambled_array_coordinate
scrambled,46,28,32,0.051976844434940259,scrambled_array_coordinate
scrambled,46,29,32,0.056746089399244165,scrambled_array_coordinate
scrambled,22,30,32,0.043285197064192933,scrambled_array_coordinate
scrambled,41,30,32,0.042198597605249667,scrambled_array_coordinate
scrambled,31,31,32,0.050620912913645746,scrambled_array_coordinate
scrambled,37,31,32,-0.048393118356878366,scrambled_array_coordinate
scrambled,49,31,32,0.041328611875547518,scrambled_array_coordinate
scrambled,46,32,32,0.043127600270100437,scrambled_array_coordinate
scrambled,0,33,32,-0.041478010702321433,scrambled_array_coordinate
scrambled,20,35,32,0.043288501564637996,scrambled_array_coordinate
scrambled,46,35,32,0.052617380229392989,scrambled_array_coordinate
scrambled,46,36,32,-0.045311180656564462,scrambled_array_coordinate
scrambled,24,40,32,-0.035921747461732781,scrambled_array_coordinate
scrambled,13,41,32,-0.036129259150508124,scrambled_array_coordinate
scrambled,24,41,32,0.040050482972876743,scrambled_array_coordinate
scrambled,29,41,32,0.036308065450217128,scrambled_array_coordinate
scrambled,41,41,32,0.05215919462288638,scrambled_array_coordinate
scrambled,46,41,32,-0.039253355009208846,scrambled_array_coordinate
scrambled,1,43,32,0.049348990132044065,scrambled_array_coordinate
scrambled,18,43,32,0.038151054634495023,scrambled_array_coordinate
scrambled,20,43,32,0.042627583894411167,scrambled_array_coordinate
scrambled,24,43,32,0.036132699707525785,scrambled_array_coordinate
scrambled,35,43,32,0.055204295543207854,scrambled_array_coordinate
scrambled,41,43,32,0.05968236073844415,scrambled_array_coordinate
scrambled,49,43,32,-0.035881013630479616,scrambled_array_coordinate
scrambled,0,45,32,0.042791601845318911,scrambled_array_coordinate
scrambled,41,49,32,0.040460565181408566,scrambled_array_coordinate
scrambled,0,0,33,-0.04267104148722161,scrambled_array_coordinate
scrambled,8,0,33,-0.041842097436711863,scrambled_array_coordinate
scrambled,10,0,33,0.058202170601821361,scrambled_array_coordinate
scrambled,15,0,33,-0.043566730519190237,scrambled_array_coordinate
scrambled,20,0,33,-0.05310387920927831,scrambled_array_coordinate
scrambled,49,0,33,-0.044384321745520115,scrambled_array_coordinate
scrambled,3,1,33,0.058405769114957283,scrambled_array_coordinate
scrambled,5,1,33,0.037118431666032972,scrambled_array_coordinate
scrambled,20,1,33,0.042994936860643478,scrambled_array_coordinate
scrambled,36,1,33,0.056446054855364199,scrambled_array_coordinate
scrambled,42,1,33,-0.053359909408837919,scrambled_array_coordinate
scrambled,22,2,33,-0.036295828253562326,scrambled_array_coordinate
scrambled,25,2,33,0.05676998196239344,scrambled_array_coordinate
scrambled,35,2,33,0.04009519999648143,scrambled_array_coordinate
scrambled,36,2,33,-0.036079412752203228,scrambled_array_coordinate
scrambled,41,2,33,0.048871567210414024,scrambled_array_coordinate
scrambled,46,2,33,-0.042411952425196457,scrambled_array_coordinate
scrambled,10,3,33,0.057899224335435914,scrambled_array_coordinate
scrambled,11,3,33,-0.039498847527178034,scrambled_array_coordinate
scrambled,15,3,33,-0.039050942876408812,scrambled_array_coordinate
scrambled,20,3,33,-0.036303698819228486,scrambled_array_coordinate
scrambled,24,3,33,-0.037201102718818622,scrambled_array_coordinate
scrambled,30,3,33,-0.036679048340254782,scrambled_array_coordinate
scrambled,38,3,33,-0.041702198838944764,scrambled_array_coordinate
scrambled,40,3,33,0.047524422151411984,scrambled_array_coordinate
scrambled,47,3,33,0.044993728422825195,scrambled_array_coordinate
scrambled,6,4,33,-0.036842233144971016,scrambled_array_coordinate
scrambled,10,4,33,0.038039305218042122,scrambled_array_coordinate
scrambled,11,4,33,-0.041246741789799028,scrambled_array_coordinate
scrambled,22,4,33,-0.044647645578284947,scrambled_array_coordinate
scrambled,30,4,33,-0.051350602845484032,scrambled_array_coordinate
scrambled,24,6,33,-0.037801907599893644,scrambled_array_coordinate
scrambled,40,6,33,0.064612840591223006,scrambled_array_coordinate
scrambled,13,7,33,-0.051634036120765316,scrambled_array_coordinate
scrambled,23,7,33,-0.04561097897648738,scrambled_array_coordinate
scrambled,24,7,33,0.045726900443444317,scrambled_array_coordinate
scrambled,25,7,33,-0.047535511036550578,scrambled_array_coordinate
scrambled,26,7,33,0.046352857595505115,scrambled_array_coordinate
scrambled,3,8,33,-0.040060421016235699,scrambled_array_coordinate
scrambled,11,8,33,-0.06292618282390687,scrambled_array_coordinate
scrambled,12,8,33,0.043721955383440363,scrambled_array_coordinate
scrambled,14,8,33,-0.048905433441364818,scrambled_array_coordinate
scrambled,17,8,33,0.05407496246739902,scrambled_array_coordinate
scrambled,20,8,33,0.036968389905699436,scrambled_array_coordinate
scrambled,22,8,33,-0.081809099356839582,scrambled_array_coordinate
scrambled,24,8,33,-0.052855972392833406,scrambled_array_coordinate
scrambled,25,8,33,0.040298666990760991,scrambled_array_coordinate
scrambled,30,8,33,0.037630275578701251,scrambled_array_coordinate
scrambled,41,8,33,-0.10066599600758157,scrambled_array_coordinate
scrambled,44,8,33,-0.038351968806167078,scrambled_array_coordinate
scrambled,46,8,33,0.058229417468224666,scrambled_array_coordinate
scrambled,3,9,33,0.0455342568946841,scrambled_array_coordinate
scrambled,6,9,33,-0.043968718687392688,scrambled_array_coordinate
scrambled,17,9,33,-0.037873165392019029,scrambled_array_coordinate
scrambled,18,9,33,0.036402677680906416,scrambled_array_coordinate
scrambled,31,9,33,0.042234536425075492,scrambled_array_coordinate
scrambled,36,9,33,0.047108039968670946,scrambled_array_coordinate
scrambled,1,10,33,-0.03795662210616204,scrambled_array_coordinate
scrambled,3,10,33,-0.041026863813053899,scrambled_array_coordinate
scrambled,6,10,33,0.037169956492372758,scrambled_array_coordinate
scrambled,11,10,33,-0.053677473445775628,scrambled_array_coordinate
scrambled,19,10,33,0.036037964437573386,scrambled_array_coordinate
scrambled,22,10,33,-0.048600453778736168,scrambled_array_coordinate
scrambled,41,10,33,-0.039680825761780766,scrambled_array_coordinate
scrambled,46,10,33,0.068581966648091255,scrambled_array_coordinate
scrambled,49,10,33,0.044784233309885263,scrambled_array_coordinate
scrambled,10,11,33,-0.049724673925356587,scrambled_array_coordinate
scrambled,11,11,33,0.047635268001979966,scrambled_array_coordinate
scrambled,18,11,33,-0.035782724766349541,scrambled_array_coordinate
scrambled,22,11,33,0.044543860216467043,scrambled_array_coordinate
scrambled,31,11,33,-0.039389626125116005,scrambled_array_coordinate
scrambled,35,11,33,-0.039393908358706577,scrambled_array_coordinate
scrambled,41,11,33,-0.053530271261775224,scrambled_array_coordinate
scrambled,43,11,33,0.041799020031659931,scrambled_array_coordinate
scrambled,16,12,33,-0.042186721217083063,scrambled_array_coordinate
scrambled,20,12,33,-0.039023722243452207,scrambled_array_coordinate
scrambled,27,12,33,-0.047957689658599485,scrambled_array_coordinate
scrambled,31,12,33,-0.059537143592332288,scrambled_array_coordinate
scrambled,33,12,33,-0.049752477458482977,scrambled_array_coordinate
scrambled,35,12,33,-0.039625752131639699,scrambled_array_coordinate
scrambled,37,12,33,0.038024598981920774,scrambled_array_coordinate
scrambled,39,12,33,-0.054401972136141383,scrambled_array_coordinate
scrambled,40,12,33,-0.042738799645778015,scrambled_array_coordinate
scrambled,41,12,33,-0.059955220492924469,scrambled_array_coordinate
scrambled,43,12,33,0.039302751954684016,scrambled_array_coordinate
scrambled,44,12,33,-0.042494138203380015,scrambled_array_coordinate
scrambled,46,12,33,-0.042245051671990878,scrambled_array_coordinate
scrambled,2,13,33,-0.038034068373539391,scrambled_array_coordinate
scrambled,23,13,33,-0.04184079339490817,scrambled_array_coordinate
scrambled,24,13,33,0.072503129244475731,scrambled_array_coordinate
scrambled,26,13,33,0.057228681593089567,scrambled_array_coordinate
scrambled,29,13,33,0.03907566845899136,scrambled_array_coordinate
scrambled,33,13,33,-0.041232620178728405,scrambled_array_coordinate
scrambled,36,13,33,-0.042188702471810419,scrambled_array_coordinate
scrambled,39,13,33,-0.050645243858915945,scrambled_array_coordinate
scrambled,46,13,33,-0.08827215819091358,scrambled_array_coordinate
scrambled,0,14,33,-0.037486041839822654,scrambled_array_coordinate
scrambled,1,15,33,0.038345106699514221,scrambled_array_coordinate
scrambled,20,15,33,0.038038046380638499,scrambled_array_coordinate
scrambled,25,15,33,0.056488818453389891,scrambled_array_coordinate
scrambled,41,15,33,0.04224204997694167,scrambled_array_coordinate
scrambled,46,15,33,-0.053806342719476756,scrambled_array_coordinate
scrambled,3,16,33,-0.039954937326269903,scrambled_array_coordinate
scrambled,22,16,33,-0.064371672206450167,scrambled_array_coordinate
scrambled,25,16,33,0.067071069297277963,scrambled_array_coordinate
scrambled,42,16,33,0.038851884147564041,scrambled_array_coordinate
scrambled,46,16,33,-0.037818802454301199,scrambled_array_coordinate
scrambled,2,17,33,-0.056480655120916816,scrambled_array_coordinate
scrambled,11,17,33,0.048756833364456173,scrambled_array_coordinate
scrambled,22,17,33,0.039096584676311809,scrambled_array_coordinate
scrambled,29,17,33,0.041590828439443395,scrambled_array_coordinate
scrambled,46,17,33,-0.048960228537023864,scrambled_array_coordinate
scrambled,0,18,33,-0.047220693506799305,scrambled_array_coordinate
scrambled,4,18,33,-0.055628904285180102,scrambled_array_coordinate
scrambled,9,18,33,0.035909534209473293,scrambled_array_coordinate
scrambled,35,18,33,0.037382945491404571,scrambled_array_coordinate
scrambled,42,18,33,-0.041462243894651057,scrambled_array_coordinate
scrambled,47,18,33,0.046230268093192146,scrambled_array_coordinate
scrambled,3,19,33,-0.039337401871034759,scrambled_array_coordinate
scrambled,31,19,33,-0.039953712907576204,scrambled_array_coordinate
scrambled,33,19,33,-0.047283521838579506,scrambled_array_coordinate
scrambled,37,19,33,0.040423526865326395,scrambled_array_coordinate
scrambled,25,20,33,0.039711893400173989,scrambled_array_coordinate
scrambled,39,20,33,-0.046638479831642876,scrambled_array_coordinate
scrambled,46,20,33,-0.052977939405902404,scrambled_array_coordinate
scrambled,0,21,33,-0.036348987820104151,scrambled_array_coordinate
scrambled,2,21,33,-0.037872337363169098,scrambled_array_coordinate
scrambled,6,21,33,0.035989668746319606,scrambled_array_coordinate
scrambled,12,21,33,0.036800721984813094,scrambled_array_coordinate
scrambled,17,21,33,0.055027184883097012,scrambled_array_coordinate
scrambled,18,21,33,-0.04163039345060851,scrambled_array_coordinate
scrambled,27,21,33,-0.045164793989737814,scrambled_array_coordinate
scrambled,30,21,33,0.038455956604710691,scrambled_array_coordinate
scrambled,31,21,33,-0.077085484429897044,scrambled_array_coordinate
scrambled,33,21,33,-0.038307173423759784,scrambled_array_coordinate
scrambled,35,21,33,-0.03689439254349533,scrambled_array_coordinate
scrambled,37,21,33,0.041707748206244365,scrambled_array_coordinate
scrambled,39,21,33,-0.049510842494534739,scrambled_array_coordinate
scrambled,41,21,33,-0.099679218087903546,scrambled_array_coordinate
scrambled,43,21,33,0.046912395786297474,scrambled_array_coordinate
scrambled,44,21,33,-0.058107372147290622,scrambled_array_coordinate
scrambled,49,22,33,-0.037703091067566183,scrambled_array_coordinate
scrambled,22,23,33,-0.050664408629068007,scrambled_array_coordinate
scrambled,24,23,33,-0.047177716587807221,scrambled_array_coordinate
scrambled,29,23,33,-0.04581529554099404,scrambled_array_coordinate
scrambled,46,23,33,0.036658667072283255,scrambled_array_coordinate
scrambled,8,24,33,0.049552587955919117,scrambled_array_coordinate
scrambled,18,24,33,0.048405237768459772,scrambled_array_coordinate
scrambled,20,24,33,0.049066647408294382,scrambled_array_coordinate
scrambled,21,24,33,0.039871285349113723,scrambled_array_coordinate
scrambled,22,24,33,-0.040258997388047828,scrambled_array_coordinate
scrambled,23,24,33,-0.051507406290659211,scrambled_array_coordinate
scrambled,24,24,33,0.058721946195305269,scrambled_array_coordinate
scrambled,26,24,33,0.040694363877125182,scrambled_array_coordinate
scrambled,27,24,33,0.044637726009790074,scrambled_array_coordinate
scrambled,31,24,33,0.059527560943936048,scrambled_array_coordinate
scrambled,38,24,33,0.038022274130111861,scrambled_array_coordinate
scrambled,40,24,33,-0.036749717969871712,scrambled_array_coordinate
scrambled,45,24,33,0.037510936558449004,scrambled_array_coordinate
scrambled,48,24,33,-0.053617600118535259,scrambled_array_coordinate
scrambled,49,24,33,0.066292516976937513,scrambled_array_coordinate
scrambled,23,25,33,0.038110254640389113,scrambled_array_coordinate
scrambled,24,25,33,-0.041100797762309009,scrambled_array_coordinate
scrambled,25,25,33,0.041070829244123502,scrambled_array_coordinate
scrambled,26,25,33,-0.047367708628030941,scrambled_array_coordinate
scrambled,35,25,33,0.039053334235482969,scrambled_array_coordinate
scrambled,40,25,33,0.049528159427843818,scrambled_array_coordinate
scrambled,41,25,33,0.045542978252029874,scrambled_array_coordinate
scrambled,16,26,33,-0.038994034099373971,scrambled_array_coordinate
scrambled,18,26,33,-0.038488591467473854,scrambled_array_coordinate
scrambled,29,26,33,-0.038583571565474803,scrambled_array_coordinate
scrambled,49,26,33,-0.048824699761171687,scrambled_array_coordinate
scrambled,3,27,33,-0.048124783756192585,scrambled_array_coordinate
scrambled,11,27,33,-0.044758433143670229,scrambled_array_coordinate
scrambled,22,27,33,-0.045653112198425869,scrambled_array_coordinate
scrambled,24,27,33,-0.047630639433804058,scrambled_array_coordinate
scrambled,25,27,33,0.044060962664773891,scrambled_array_coordinate
scrambled,29,27,33,-0.037028500719435198,scrambled_array_coordinate
scrambled,46,27,33,0.053968552147820814,scrambled_array_coordinate
scrambled,41,28,33,-0.04649358994286093,scrambled_array_coordinate
scrambled,46,28,33,0.065477452545238984,scrambled_array_coordinate
scrambled,25,29,33,-0.050481992449653824,scrambled_array_coordinate
scrambled,1,30,33,0.062224550224412575,scrambled_array_coordinate
scrambled,3,30,33,-0.046651096444540192,scrambled_array_coordinate
scrambled,18,30,33,-0.050190045578899244,scrambled_array_coordinate
scrambled,22,30,33,0.053904805574908926,scrambled_array_coordinate
scrambled,31,30,33,-0.077917935840603886,scrambled_array_coordinate
scrambled,33,30,33,-0.037366032624538296,scrambled_array_coordinate
scrambled,36,30,33,-0.067516420845639316,scrambled_array_coordinate
scrambled,37,30,33,0.062081881875132722,scrambled_array_coordinate
scrambled,40,30,33,-0.043680919989437343,scrambled_array_coordinate
scrambled,46,30,33,-0.046968330912719569,scrambled_array_coordinate
scrambled,49,30,33,-0.04186170523768809,scrambled_array_coordinate
scrambled,11,31,33,-0.047804011890288142,scrambled_array_coordinate
scrambled,18,31,33,-0.04358727097172941,scrambled_array_coordinate
scrambled,20,31,33,-0.039499377781644883,scrambled_array_coordinate
scrambled,21,31,33,-0.036823717814121214,scrambled_array_coordinate
scrambled,29,31,33,-0.041161794377619153,scrambled_array_coordinate
scrambled,23,32,33,0.040445994529442947,scrambled_array_coordinate
scrambled,24,32,33,-0.049280797103920138,scrambled_array_coordinate
scrambled,25,32,33,0.036856959417278165,scrambled_array_coordinate
scrambled,26,32,33,-0.048260888990137599,scrambled_array_coordinate
scrambled,16,33,33,0.038834898852087699,scrambled_array_coordinate
scrambled,22,36,33,0.043368538793970582,scrambled_array_coordinate
scrambled,24,36,33,0.038188590743559563,scrambled_array_coordinate
scrambled,29,36,33,0.053894750314599456,scrambled_array_coordinate
scrambled,36,36,33,-0.043569568014003683,scrambled_array_coordinate
scrambled,40,36,33,-0.039056437447703034,scrambled_array_coordinate
scrambled,46,36,33,-0.066004993891470951,scrambled_array_coordinate
scrambled,2,39,33,0.042026626164469734,scrambled_array_coordinate
scrambled,3,39,33,-0.036474457379036207,scrambled_array_coordinate
scrambled,10,39,33,0.046165047237246841,scrambled_array_coordinate
scrambled,19,39,33,0.056207759534269958,scrambled_array_coordinate
scrambled,20,39,33,-0.036625203704768398,scrambled_array_coordinate
scrambled,46,39,33,-0.053033864327591801,scrambled_array_coordinate
scrambled,2,40,33,0.036033369551459096,scrambled_array_coordinate
scrambled,17,40,33,-0.039661133111387477,scrambled_array_coordinate
scrambled,24,40,33,-0.038183090894758707,scrambled_array_coordinate
scrambled,26,40,33,-0.042638831541680577,scrambled_array_coordinate
scrambled,28,40,33,0.035795484373642446,scrambled_array_coordinate
scrambled,33,40,33,0.044749734671481467,scrambled_array_coordinate
scrambled,39,40,33,0.042543707902531709,scrambled_array_coordinate
scrambled,40,40,33,0.067294886833643208,scrambled_array_coordinate
scrambled,41,40,33,0.071906646576373537,scrambled_array_coordinate
scrambled,43,40,33,-0.050118764707423581,scrambled_array_coordinate
scrambled,44,40,33,0.043734510797432902,scrambled_array_coordinate
scrambled,1,41,33,-0.058316738142787747,scrambled_array_coordinate
scrambled,6,41,33,-0.059056766047141843,scrambled_array_coordinate
scrambled,10,41,33,0.072793040193475239,scrambled_array_coordinate
scrambled,13,41,33,-0.040927344830137984,scrambled_array_coordinate
scrambled,15,41,33,-0.055380295200508863,scrambled_array_coordinate
scrambled,16,41,33,-0.047631615805247877,scrambled_array_coordinate
scrambled,19,41,33,0.056136237358986561,scrambled_array_coordinate
scrambled,22,41,33,-0.049333652282812925,scrambled_array_coordinate
scrambled,28,41,33,-0.038312829129398478,scrambled_array_coordinate
scrambled,30,41,33,-0.054188216230529399,scrambled_array_coordinate
scrambled,33,41,33,-0.036057780822780335,scrambled_array_coordinate
scrambled,48,41,33,-0.045777129065255023,scrambled_array_coordinate
scrambled,10,42,33,-0.045092762021773349,scrambled_array_coordinate
scrambled,11,42,33,0.048537739886949573,scrambled_array_coordinate
scrambled,13,42,33,0.056866163684623862,scrambled_array_coordinate
scrambled,16,42,33,0.043747443016593793,scrambled_array_coordinate
scrambled,23,42,33,0.036893038277744365,scrambled_array_coordinate
scrambled,33,42,33,0.044339477645169087,scrambled_array_coordinate
scrambled,49,42,33,0.04649045113683184,scrambled_array_coordinate
scrambled,3,43,33,-0.052368163826692418,scrambled_array_coordinate
scrambled,4,43,33,0.052557500837576314,scrambled_array_coordinate
scrambled,5,43,33,-0.050203410038057603,scrambled_array_coordinate
scrambled,7,43,33,-0.043699739617088354,scrambled_array_coordinate
scrambled,11,43,33,-0.061402798235536238,scrambled_array_coordinate
scrambled,25,43,33,0.045694397383511276,scrambled_array_coordinate
scrambled,31,43,33,-0.039749098347145059,scrambled_array_coordinate
scrambled,33,43,33,-0.037146280928612205,scrambled_array_coordinate
scrambled,36,43,33,-0.038504998128526619,scrambled_array_coordinate
scrambled,42,43,33,0.042875230896026413,scrambled_array_coordinate
scrambled,4,44,33,0.036171948381758683,scrambled_array_coordinate
scrambled,28,44,33,0.040810216457970006,scrambled_array_coordinate
scrambled,31,44,33,-0.040010032581347013,scrambled_array_coordinate
scrambled,47,44,33,-0.043785131197989893,scrambled_array_coordinate
scrambled,1,45,33,-0.053319700093082192,scrambled_array_coordinate
scrambled,36,45,33,0.038256736580570813,scrambled_array_coordinate
scrambled,41,45,33,-0.050544045368128905,scrambled_array_coordinate
scrambled,2,47,33,-0.052886744786971175,scrambled_array_coordinate
scrambled,6,47,33,0.049073774071666937,scrambled_array_coordinate
scrambled,13,47,33,-0.036734820154676606,scrambled_array_coordinate
scrambled,22,47,33,0.036503890402631266,scrambled_array_coordinate
scrambled,23,47,33,-0.037093413073771578,scrambled_array_coordinate
scrambled,24,47,33,0.051246740441625666,scrambled_array_coordinate
scrambled,26,47,33,0.067187036574078499,scrambled_array_coordinate
scrambled,27,47,33,-0.045871534240742251,scrambled_array_coordinate
scrambled,29,47,33,0.055531622694679227,scrambled_array_coordinate
scrambled,36,47,33,-0.043711760645006391,scrambled_array_coordinate
scrambled,40,47,33,-0.065558042408681072,scrambled_array_coordinate
scrambled,43,47,33,0.041308840150347012,scrambled_array_coordinate
scrambled,6,48,33,-0.039944980928510648,scrambled_array_coordinate
scrambled,3,49,33,-0.03688476496586085,scrambled_array_coordinate
scrambled,10,0,34,0.04455615675354075,scrambled_array_coordinate
scrambled,18,0,34,0.044600139914815456,scrambled_array_coordinate
scrambled,24,0,34,-0.039558417105261055,scrambled_array_coordinate
scrambled,3,1,34,0.036913066135111181,scrambled_array_coordinate
scrambled,7,1,34,0.050999344771408626,scrambled_array_coordinate
scrambled,11,1,34,0.037064396185684523,scrambled_array_coordinate
scrambled,14,1,34,0.040675945084467577,scrambled_array_coordinate
scrambled,20,1,34,0.042622196760975797,scrambled_array_coordinate
scrambled,34,1,34,-0.049214282746232504,scrambled_array_coordinate
scrambled,46,1,34,-0.044086245215247503,scrambled_array_coordinate
scrambled,2,2,34,0.049030845538998842,scrambled_array_coordinate
scrambled,7,2,34,-0.044573602623194541,scrambled_array_coordinate
scrambled,11,2,34,-0.045606269218844482,scrambled_array_coordinate
scrambled,16,2,34,0.04089871034267873,scrambled_array_coordinate
scrambled,25,2,34,0.044864087065338863,scrambled_array_coordinate
scrambled,5,3,34,-0.036745689219641532,scrambled_array_coordinate
scrambled,11,3,34,-0.042557424990667149,scrambled_array_coordinate
scrambled,20,3,34,-0.048840544638192172,scrambled_array_coordinate
scrambled,24,3,34,-0.055207897209922363,scrambled_array_coordinate
scrambled,30,3,34,-0.03707997305752863,scrambled_array_coordinate
scrambled,39,3,34,0.046127081443305101,scrambled_array_coordinate
scrambled,43,3,34,-0.037075280022960941,scrambled_array_coordinate
scrambled,44,3,34,0.036228299672249838,scrambled_array_coordinate
scrambled,7,4,34,-0.036395153978931977,scrambled_array_coordinate
scrambled,10,4,34,0.039175865858366486,scrambled_array_coordinate
scrambled,20,4,34,-0.055069228205295549,scrambled_array_coordinate
scrambled,31,4,34,0.04400294421356462,scrambled_array_coordinate
scrambled,38,4,34,-0.049304940896254638,scrambled_array_coordinate
scrambled,40,4,34,0.056919073586674855,scrambled_array_coordinate
scrambled,41,4,34,0.037441699875372346,scrambled_array_coordinate
scrambled,47,4,34,0.048858035374681218,scrambled_array_coordinate
scrambled,6,5,34,0.040942698590560517,scrambled_array_coordinate
scrambled,10,6,34,0.036166261801619901,scrambled_array_coordinate
scrambled,11,6,34,-0.040660030747958771,scrambled_array_coordinate
scrambled,21,6,34,-0.037262049533537088,scrambled_array_coordinate
scrambled,27,6,34,-0.043351972590835973,scrambled_array_coordinate
scrambled,40,6,34,0.05356702665385487,scrambled_array_coordinate
scrambled,43,6,34,-0.04887931052664677,scrambled_array_coordinate
scrambled,43,7,34,0.047603093064539262,scrambled_array_coordinate
scrambled,4,8,34,0.04213928615307784,scrambled_array_coordinate
scrambled,5,8,34,-0.041498528602111881,scrambled_array_coordinate
scrambled,6,8,34,-0.041220878953685348,scrambled_array_coordinate
scrambled,14,8,34,0.035817827415989024,scrambled_array_coordinate
scrambled,17,8,34,-0.041773201539150435,scrambled_array_coordinate
scrambled,21,8,34,0.050401627775595835,scrambled_array_coordinate
scrambled,30,8,34,-0.040084084371409791,scrambled_array_coordinate
scrambled,31,8,34,0.04178415158238992,scrambled_array_coordinate
scrambled,35,8,34,0.053021807424757567,scrambled_array_coordinate
scrambled,39,8,34,0.037661679683275717,scrambled_array_coordinate
scrambled,40,8,34,0.051120042308998137,scrambled_array_coordinate
scrambled,41,8,34,0.095559761024077414,scrambled_array_coordinate
scrambled,46,8,34,-0.061670028918477504,scrambled_array_coordinate
scrambled,10,9,34,0.038479186992312765,scrambled_array_coordinate
scrambled,17,9,34,0.038969495192176691,scrambled_array_coordinate
scrambled,21,9,34,-0.042913166857963377,scrambled_array_coordinate
scrambled,27,9,34,-0.048330904944955608,scrambled_array_coordinate
scrambled,31,9,34,-0.059782662892899095,scrambled_array_coordinate
scrambled,33,9,34,-0.043431551522042443,scrambled_array_coordinate
scrambled,37,9,34,0.04069818341767148,scrambled_array_coordinate
scrambled,49,9,34,-0.037126793773180011,scrambled_array_coordinate
scrambled,13,10,34,-0.041876621647425658,scrambled_array_coordinate
scrambled,47,10,34,0.038228788123846114,scrambled_array_coordinate
scrambled,49,10,34,0.043616525696784987,scrambled_array_coordinate
scrambled,2,11,34,-0.0442048861120799,scrambled_array_coordinate
scrambled,11,11,34,0.053773670153072009,scrambled_array_coordinate
scrambled,22,11,34,0.046678179853648451,scrambled_array_coordinate
scrambled,25,11,34,-0.037896562370905475,scrambled_array_coordinate
scrambled,26,11,34,0.055550722139810757,scrambled_array_coordinate
scrambled,30,11,34,0.037027123848332989,scrambled_array_coordinate
scrambled,35,11,34,-0.038257502988863247,scrambled_array_coordinate
scrambled,42,11,34,-0.051452866661003273,scrambled_array_coordinate
scrambled,4,12,34,0.038418413339798743,scrambled_array_coordinate
scrambled,24,12,34,0.037377708219369407,scrambled_array_coordinate
scrambled,31,12,34,0.03866101558673931,scrambled_array_coordinate
scrambled,37,12,34,-0.040395063741145029,scrambled_array_coordinate
scrambled,43,12,34,0.04788435012003437,scrambled_array_coordinate
scrambled,5,13,34,0.043500811791942783,scrambled_array_coordinate
scrambled,10,13,34,-0.058444136393972113,scrambled_array_coordinate
scrambled,19,13,34,-0.042745500502930849,scrambled_array_coordinate
scrambled,27,13,34,0.050191754162211479,scrambled_array_coordinate
scrambled,30,13,34,0.038880106134346594,scrambled_array_coordinate
scrambled,33,13,34,-0.04298673743513394,scrambled_array_coordinate
scrambled,38,13,34,0.04064574487333187,scrambled_array_coordinate
scrambled,40,13,34,-0.048478818454252365,scrambled_array_coordinate
scrambled,43,13,34,0.041558118781524073,scrambled_array_coordinate
scrambled,10,14,34,0.042459039741150839,scrambled_array_coordinate
scrambled,13,14,34,-0.036040162620509068,scrambled_array_coordinate
scrambled,20,14,34,0.072300582090535817,scrambled_array_coordinate
scrambled,27,14,34,-0.042995791337645556,scrambled_array_coordinate
scrambled,29,14,34,0.03719898137555424,scrambled_array_coordinate
scrambled,0,15,34,0.043393266940074518,scrambled_array_coordinate
scrambled,25,15,34,0.03828321582348141,scrambled_array_coordinate
scrambled,9,16,34,-0.050912384729182032,scrambled_array_coordinate
scrambled,26,16,34,0.041530443912360285,scrambled_array_coordinate
scrambled,40,16,34,0.058574487213735364,scrambled_array_coordinate
scrambled,11,17,34,0.04693232721564803,scrambled_array_coordinate
scrambled,13,17,34,0.060558389266090321,scrambled_array_coordinate
scrambled,20,17,34,-0.036153266679543591,scrambled_array_coordinate
scrambled,47,17,34,-0.038541019268510168,scrambled_array_coordinate
scrambled,49,17,34,0.037620204232558109,scrambled_array_coordinate
scrambled,1,18,34,-0.037878629889398933,scrambled_array_coordinate
scrambled,4,18,34,-0.045500173632989645,scrambled_array_coordinate
scrambled,11,18,34,-0.062752755309244207,scrambled_array_coordinate
scrambled,14,18,34,0.041609632554352911,scrambled_array_coordinate
scrambled,16,18,34,0.038512856763142242,scrambled_array_coordinate
scrambled,21,18,34,-0.037257671204012001,scrambled_array_coordinate
scrambled,38,18,34,-0.051715294734262479,scrambled_array_coordinate
scrambled,42,18,34,-0.047482690791789274,scrambled_array_coordinate
scrambled,43,18,34,-0.038393587624673001,scrambled_array_coordinate
scrambled,20,19,34,0.046710885765663679,scrambled_array_coordinate
scrambled,36,19,34,0.038753875513593106,scrambled_array_coordinate
scrambled,46,19,34,0.044343300675938994,scrambled_array_coordinate
scrambled,9,20,34,-0.036687106512599925,scrambled_array_coordinate
scrambled,37,20,34,-0.040120697519933669,scrambled_array_coordinate
scrambled,41,20,34,0.054437577912019648,scrambled_array_coordinate
scrambled,46,20,34,-0.058132772059428656,scrambled_array_coordinate
scrambled,49,20,34,-0.050280497049409741,scrambled_array_coordinate
scrambled,3,21,34,0.046126252267156928,scrambled_array_coordinate
scrambled,7,21,34,0.038509191572912008,scrambled_array_coordinate
scrambled,14,21,34,0.049011192486802899,scrambled_array_coordinate
scrambled,17,21,34,-0.040743285439659792,scrambled_array_coordinate
scrambled,19,21,34,-0.045123409483070406,scrambled_array_coordinate
scrambled,21,21,34,0.044784694511161502,scrambled_array_coordinate
scrambled,22,21,34,0.046470750254008181,scrambled_array_coordinate
scrambled,24,21,34,0.037209394274766584,scrambled_array_coordinate
scrambled,25,21,34,-0.044158651088067553,scrambled_array_coordinate
scrambled,37,21,34,-0.039621259175991901,scrambled_array_coordinate
scrambled,41,21,34,0.062122449466429946,scrambled_array_coordinate
scrambled,46,21,34,-0.038208587501496173,scrambled_array_coordinate
scrambled,40,22,34,0.040166972045143121,scrambled_array_coordinate
scrambled,41,22,34,0.03845685671336669,scrambled_array_coordinate
scrambled,46,22,34,-0.036297657020736986,scrambled_array_coordinate
scrambled,49,22,34,-0.037031445862600064,scrambled_array_coordinate
scrambled,15,23,34,-0.040102575716042553,scrambled_array_coordinate
scrambled,22,23,34,-0.050193736079112573,scrambled_array_coordinate
scrambled,37,23,34,0.036920384290845466,scrambled_array_coordinate
scrambled,40,23,34,0.071213977398079886,scrambled_array_coordinate
scrambled,34,24,34,-0.036713153189517546,scrambled_array_coordinate
scrambled,40,24,34,-0.057224335169615372,scrambled_array_coordinate
scrambled,41,24,34,-0.041321123008103713,scrambled_array_coordinate
scrambled,49,24,34,0.046238989183627718,scrambled_array_coordinate
scrambled,9,25,34,-0.036459298697914165,scrambled_array_coordinate
scrambled,22,25,34,-0.041742321341369411,scrambled_array_coordinate
scrambled,24,25,34,-0.045735437933658196,scrambled_array_coordinate
scrambled,40,25,34,0.047229037132331758,scrambled_array_coordinate
scrambled,43,25,34,-0.05025232292948803,scrambled_array_coordinate
scrambled,9,26,34,-0.04224883139158693,scrambled_array_coordinate
scrambled,36,26,34,0.038729142756737903,scrambled_array_coordinate
scrambled,40,26,34,0.06284291471527205,scrambled_array_coordinate
scrambled,20,27,34,0.038005319265513676,scrambled_array_coordinate
scrambled,35,27,34,0.040371896770178273,scrambled_array_coordinate
scrambled,39,27,34,0.037930411115652173,scrambled_array_coordinate
scrambled,41,27,34,0.043758732230107324,scrambled_array_coordinate
scrambled,39,28,34,0.041720886590898627,scrambled_array_coordinate
scrambled,10,29,34,0.03640161067862277,scrambled_array_coordinate
scrambled,18,29,34,0.040378600777854837,scrambled_array_coordinate
scrambled,22,29,34,0.036123941449640574,scrambled_array_coordinate
scrambled,25,29,34,-0.045139972226708333,scrambled_array_coordinate
scrambled,40,29,34,-0.048653210090997503,scrambled_array_coordinate
scrambled,1,30,34,0.04475344961885247,scrambled_array_coordinate
scrambled,10,30,34,-0.036832204451228943,scrambled_array_coordinate
scrambled,19,30,34,-0.042645523713997172,scrambled_array_coordinate
scrambled,25,30,34,-0.042827127463930748,scrambled_array_coordinate
scrambled,34,30,34,0.040773041932062784,scrambled_array_coordinate
scrambled,39,30,34,0.045126147548299224,scrambled_array_coordinate
scrambled,40,30,34,-0.044179109099133022,scrambled_array_coordinate
scrambled,41,30,34,0.044623632705604169,scrambled_array_coordinate
scrambled,44,30,34,0.038154947247995459,scrambled_array_coordinate
scrambled,49,30,34,-0.053634629830736261,scrambled_array_coordinate
scrambled,11,31,34,-0.052678161081827601,scrambled_array_coordinate
scrambled,31,31,34,0.051389825438852677,scrambled_array_coordinate
scrambled,38,31,34,-0.042125138074113014,scrambled_array_coordinate
scrambled,40,31,34,0.057201613800856699,scrambled_array_coordinate
scrambled,10,32,34,0.043167044385150663,scrambled_array_coordinate
scrambled,27,32,34,-0.049462878444919832,scrambled_array_coordinate
scrambled,41,32,34,0.047787963458861417,scrambled_array_coordinate
scrambled,43,32,34,-0.051589029413282958,scrambled_array_coordinate
scrambled,4,33,34,-0.042890738111780596,scrambled_array_coordinate
scrambled,30,34,34,0.054378413107510883,scrambled_array_coordinate
scrambled,4,35,34,0.03886621837989384,scrambled_array_coordinate
scrambled,6,35,34,-0.038927911079663105,scrambled_array_coordinate
scrambled,49,35,34,-0.056923120900153917,scrambled_array_coordinate
scrambled,7,36,34,-0.039171659427856519,scrambled_array_coordinate
scrambled,11,36,34,-0.0401737308818398,scrambled_array_coordinate
scrambled,37,36,34,-0.061323271754122541,scrambled_array_coordinate
scrambled,40,36,34,-0.044627294152407633,scrambled_array_coordinate
scrambled,45,36,34,0.041515570668758467,scrambled_array_coordinate
scrambled,46,36,34,0.036701976665528178,scrambled_array_coordinate
scrambled,7,37,34,0.040446678187645364,scrambled_array_coordinate
scrambled,10,37,34,-0.04903811853521705,scrambled_array_coordinate
scrambled,36,37,34,0.038923231248631639,scrambled_array_coordinate
scrambled,46,37,34,0.039154912724894048,scrambled_array_coordinate
scrambled,2,38,34,-0.037784010890575891,scrambled_array_coordinate
scrambled,8,38,34,0.055112311875528938,scrambled_array_coordinate
scrambled,9,38,34,0.03696298541276128,scrambled_array_coordinate
scrambled,27,38,34,0.046498284509590065,scrambled_array_coordinate
scrambled,18,39,34,0.049864095610674883,scrambled_array_coordinate
scrambled,22,39,34,-0.039235660462454684,scrambled_array_coordinate
scrambled,26,39,34,-0.036724751020743011,scrambled_array_coordinate
scrambled,27,39,34,0.041854892116128146,scrambled_array_coordinate
scrambled,31,39,34,0.060570748297389489,scrambled_array_coordinate
scrambled,33,39,34,0.04945261560220543,scrambled_array_coordinate
scrambled,37,39,34,-0.041565970910638905,scrambled_array_coordinate
scrambled,46,39,34,0.046677840409844164,scrambled_array_coordinate
scrambled,3,40,34,-0.038100240888441245,scrambled_array_coordinate
scrambled,10,40,34,0.039743418402079803,scrambled_array_coordinate
scrambled,19,40,34,0.039522438402394847,scrambled_array_coordinate
scrambled,22,40,34,-0.05431001527881766,scrambled_array_coordinate
scrambled,24,40,34,-0.056843516020073759,scrambled_array_coordinate
scrambled,25,40,34,0.044248343835202306,scrambled_array_coordinate
scrambled,40,40,34,0.041200931470792124,scrambled_array_coordinate
scrambled,1,41,34,-0.051799271870200544,scrambled_array_coordinate
scrambled,3,41,34,0.077501630581660957,scrambled_array_coordinate
scrambled,5,41,34,-0.048142965007617132,scrambled_array_coordinate
scrambled,10,41,34,0.041028757480298973,scrambled_array_coordinate
scrambled,11,41,34,-0.047774538451627498,scrambled_array_coordinate
scrambled,13,41,34,-0.040308494990512707,scrambled_array_coordinate
scrambled,18,41,34,0.036957864880264875,scrambled_array_coordinate
scrambled,27,41,34,-0.047338469980581728,scrambled_array_coordinate
scrambled,46,41,34,0.043210343145555594,scrambled_array_coordinate
scrambled,11,42,34,0.039360152104423791,scrambled_array_coordinate
scrambled,25,42,34,0.060754380751181759,scrambled_array_coordinate
scrambled,29,42,34,0.046620588386605905,scrambled_array_coordinate
scrambled,31,42,34,-0.03950607080333543,scrambled_array_coordinate
scrambled,46,42,34,-0.043137671662068992,scrambled_array_coordinate
scrambled,4,43,34,0.047805062440364199,scrambled_array_coordinate
scrambled,11,43,34,-0.05584350058527212,scrambled_array_coordinate
scrambled,20,43,34,0.048442272870000608,scrambled_array_coordinate
scrambled,35,43,34,0.037220817401668709,scrambled_array_coordinate
scrambled,39,43,34,0.068252796327504459,scrambled_array_coordinate
scrambled,44,43,34,0.042670633428884858,scrambled_array_coordinate
scrambled,46,43,34,0.050865220342711862,scrambled_array_coordinate
scrambled,14,44,34,-0.046665193225705635,scrambled_array_coordinate
scrambled,33,44,34,0.039991648643596077,scrambled_array_coordinate
scrambled,35,44,34,-0.038908977879493947,scrambled_array_coordinate
scrambled,46,44,34,0.054882414719614095,scrambled_array_coordinate
scrambled,48,44,34,0.035846795387360367,scrambled_array_coordinate
scrambled,20,45,34,-0.037730122560804533,scrambled_array_coordinate
scrambled,32,45,34,0.040676693172481869,scrambled_array_coordinate
scrambled,40,45,34,0.040654426027767164,scrambled_array_coordinate
scrambled,22,46,34,-0.040431850213408289,scrambled_array_coordinate
scrambled,2,47,34,-0.043298621793692121,scrambled_array_coordinate
scrambled,25,47,34,-0.040231902005025952,scrambled_array_coordinate
scrambled,29,47,34,0.045910190839759113,scrambled_array_coordinate
scrambled,40,47,34,-0.062743767314009158,scrambled_array_coordinate
scrambled,43,47,34,0.042043613559881607,scrambled_array_coordinate
scrambled,49,47,34,0.046054471158103037,scrambled_array_coordinate
scrambled,27,49,34,0.041086222001633407,scrambled_array_coordinate
scrambled,39,49,34,0.039783001129212653,scrambled_array_coordinate
scrambled,41,49,34,0.049107471041397253,scrambled_array_coordinate
scrambled,49,49,34,-0.044292518748572415,scrambled_array_coordinate
scrambled,23,0,35,0.038751445131324169,scrambled_array_coordinate
scrambled,24,0,35,-0.045319688155122363,scrambled_array_coordinate
scrambled,35,1,35,-0.049438555538275489,scrambled_array_coordinate
scrambled,13,2,35,0.039128484649199304,scrambled_array_coordinate
scrambled,40,2,35,0.062732291124391062,scrambled_array_coordinate
scrambled,9,3,35,0.0541767206551046,scrambled_array_coordinate
scrambled,13,3,35,-0.053234325645831443,scrambled_array_coordinate
scrambled,14,3,35,0.046050559680657362,scrambled_array_coordinate
scrambled,20,3,35,0.042023758504326672,scrambled_array_coordinate
scrambled,39,3,35,0.03938873237061085,scrambled_array_coordinate
scrambled,40,3,35,-0.086427940114138915,scrambled_array_coordinate
scrambled,44,3,35,0.036744520356536824,scrambled_array_coordinate
scrambled,46,4,35,0.057599882503590695,scrambled_array_coordinate
scrambled,9,6,35,0.036602342242209825,scrambled_array_coordinate
scrambled,13,6,35,-0.05981599563917829,scrambled_array_coordinate
scrambled,14,6,35,0.040288898006827487,scrambled_array_coordinate
scrambled,20,6,35,0.046892712490227133,scrambled_array_coordinate
scrambled,30,6,35,0.036692850777700819,scrambled_array_coordinate
scrambled,40,6,35,-0.079858801679537572,scrambled_array_coordinate
scrambled,1,8,35,0.037211602977736839,scrambled_array_coordinate
scrambled,11,8,35,-0.045997123004392716,scrambled_array_coordinate
scrambled,22,8,35,-0.039938900810445516,scrambled_array_coordinate
scrambled,40,8,35,0.039001547204992819,scrambled_array_coordinate
scrambled,42,8,35,0.037396881195616974,scrambled_array_coordinate
scrambled,35,9,35,-0.045650415062323438,scrambled_array_coordinate
scrambled,33,11,35,0.043347381764884375,scrambled_array_coordinate
scrambled,49,12,35,-0.041130032976538784,scrambled_array_coordinate
scrambled,0,13,35,0.035812720851871267,scrambled_array_coordinate
scrambled,20,13,35,0.042082156769915502,scrambled_array_coordinate
scrambled,22,13,35,-0.055245710958752248,scrambled_array_coordinate
scrambled,0,14,35,0.03764950711241654,scrambled_array_coordinate
scrambled,1,14,35,-0.046667202574548407,scrambled_array_coordinate
scrambled,3,14,35,0.04348636332597227,scrambled_array_coordinate
scrambled,9,14,35,0.052389343172278433,scrambled_array_coordinate
scrambled,10,14,35,0.039834877562224189,scrambled_array_coordinate
scrambled,13,14,35,-0.051570377999578407,scrambled_array_coordinate
scrambled,14,14,35,0.050310339625204314,scrambled_array_coordinate
scrambled,23,14,35,0.044113335597830171,scrambled_array_coordinate
scrambled,24,14,35,-0.057994877460145422,scrambled_array_coordinate
scrambled,25,14,35,-0.043445573875846133,scrambled_array_coordinate
scrambled,32,14,35,-0.042654972204407268,scrambled_array_coordinate
scrambled,36,14,35,0.038640971982792101,scrambled_array_coordinate
scrambled,37,14,35,-0.044210950874612784,scrambled_array_coordinate
scrambled,38,14,35,0.040660446603640786,scrambled_array_coordinate
scrambled,40,14,35,-0.066069804107895175,scrambled_array_coordinate
scrambled,47,14,35,-0.039245667545776713,scrambled_array_coordinate
scrambled,48,14,35,0.043677171887599599,scrambled_array_coordinate
scrambled,49,14,35,-0.038686970951691373,scrambled_array_coordinate
scrambled,0,15,35,0.039399807469644832,scrambled_array_coordinate
scrambled,6,15,35,-0.037053029912846994,scrambled_array_coordinate
scrambled,13,15,35,-0.040027715323469874,scrambled_array_coordinate
scrambled,20,15,35,0.057312395351647449,scrambled_array_coordinate
scrambled,22,15,35,-0.054335688108736249,scrambled_array_coordinate
scrambled,40,15,35,-0.051540317066966282,scrambled_array_coordinate
scrambled,1,16,35,0.041898647188393229,scrambled_array_coordinate
scrambled,20,16,35,0.064112813448487821,scrambled_array_coordinate
scrambled,41,17,35,-0.036823858385726216,scrambled_array_coordinate
scrambled,46,17,35,0.053002805018049028,scrambled_array_coordinate
scrambled,20,18,35,-0.040937194223173344,scrambled_array_coordinate
scrambled,13,19,35,0.040291167486236998,scrambled_array_coordinate
scrambled,40,19,35,0.063695766754780656,scrambled_array_coordinate
scrambled,1,20,35,0.038338802757995651,scrambled_array_coordinate
scrambled,49,20,35,-0.03601778703855292,scrambled_array_coordinate
scrambled,2,21,35,0.038928729295021988,scrambled_array_coordinate
scrambled,10,21,35,0.045767680772023568,scrambled_array_coordinate
scrambled,11,21,35,-0.059170104206108458,scrambled_array_coordinate
scrambled,13,21,35,-0.065949224097345674,scrambled_array_coordinate
scrambled,22,21,35,-0.061708548830614308,scrambled_array_coordinate
scrambled,24,21,35,-0.045270464841844202,scrambled_array_coordinate
scrambled,29,21,35,-0.040957769867805451,scrambled_array_coordinate
scrambled,36,21,35,0.042536068824414033,scrambled_array_coordinate
scrambled,46,21,35,0.053485849417260034,scrambled_array_coordinate
scrambled,49,21,35,-0.051745243577117309,scrambled_array_coordinate
scrambled,9,23,35,-0.039994965661294075,scrambled_array_coordinate
scrambled,14,23,35,-0.059307879720836808,scrambled_array_coordinate
scrambled,20,23,35,-0.049109037203981347,scrambled_array_coordinate
scrambled,32,23,35,0.040773932733053186,scrambled_array_coordinate
scrambled,40,23,35,0.065707802947731112,scrambled_array_coordinate
scrambled,41,23,35,-0.035786810005468891,scrambled_array_coordinate
scrambled,46,23,35,0.037010141198438019,scrambled_array_coordinate
scrambled,0,24,35,0.061541069285822078,scrambled_array_coordinate
scrambled,6,24,35,-0.051333976668099093,scrambled_array_coordinate
scrambled,8,24,35,0.039931851568526029,scrambled_array_coordinate
scrambled,9,24,35,0.055505570552487657,scrambled_array_coordinate
scrambled,13,24,35,-0.051456183333188493,scrambled_array_coordinate
scrambled,14,24,35,0.059732838986177893,scrambled_array_coordinate
scrambled,20,24,35,0.064564979829877897,scrambled_array_coordinate
scrambled,22,24,35,-0.056878564550467539,scrambled_array_coordinate
scrambled,29,24,35,0.045115890642204295,scrambled_array_coordinate
scrambled,33,24,35,-0.05620266907741707,scrambled_array_coordinate
scrambled,38,24,35,0.036117711232854469,scrambled_array_coordinate
scrambled,40,24,35,-0.075375833853327787,scrambled_array_coordinate
scrambled,46,24,35,-0.047965599867738309,scrambled_array_coordinate
scrambled,13,25,35,0.046181343678605109,scrambled_array_coordinate
scrambled,20,26,35,0.042299967125467561,scrambled_array_coordinate
scrambled,30,26,35,0.040230585140564615,scrambled_array_coordinate
scrambled,46,26,35,0.041799245663352885,scrambled_array_coordinate
scrambled,10,27,35,0.03830353548518603,scrambled_array_coordinate
scrambled,14,30,35,0.037709007967262793,scrambled_array_coordinate
scrambled,23,30,35,0.040286661596116775,scrambled_array_coordinate
scrambled,24,30,35,-0.068306027321289153,scrambled_array_coordinate
scrambled,48,30,35,0.039423056758776387,scrambled_array_coordinate
scrambled,15,31,35,-0.037348809891233591,scrambled_array_coordinate
scrambled,35,31,35,0.047894827215776162,scrambled_array_coordinate
scrambled,40,31,35,0.037432148654983205,scrambled_array_coordinate
scrambled,41,31,35,0.040251144866723855,scrambled_array_coordinate
scrambled,20,33,35,-0.036287901523438047,scrambled_array_coordinate
scrambled,14,34,35,0.037750389529979035,scrambled_array_coordinate
scrambled,41,34,35,0.049478645269101985,scrambled_array_coordinate
scrambled,46,34,35,-0.054065182305321015,scrambled_array_coordinate
scrambled,0,35,35,0.036986519351026793,scrambled_array_coordinate
scrambled,10,35,35,0.037295385153889304,scrambled_array_coordinate
scrambled,41,35,35,0.044573783395370499,scrambled_array_coordinate
scrambled,46,35,35,-0.073037023185364119,scrambled_array_coordinate
scrambled,49,35,35,-0.041556547095084426,scrambled_array_coordinate
scrambled,13,36,35,0.039462594665760443,scrambled_array_coordinate
scrambled,20,36,35,-0.037055316958075138,scrambled_array_coordinate
scrambled,22,36,35,0.042274047913870613,scrambled_array_coordinate
scrambled,38,36,35,-0.038705150586158713,scrambled_array_coordinate
scrambled,40,36,35,0.043325390889101423,scrambled_array_coordinate
scrambled,46,36,35,-0.036482222946616787,scrambled_array_coordinate
scrambled,24,37,35,-0.036138887627292511,scrambled_array_coordinate
scrambled,13,38,35,-0.035931211831216975,scrambled_array_coordinate
scrambled,14,38,35,0.045165435293692054,scrambled_array_coordinate
scrambled,40,38,35,-0.04767154038341672,scrambled_array_coordinate
scrambled,49,38,35,-0.041162509646576931,scrambled_array_coordinate
scrambled,10,39,35,0.040198445160935535,scrambled_array_coordinate
scrambled,15,39,35,-0.036619516820889111,scrambled_array_coordinate
scrambled,30,39,35,-0.041009684336396887,scrambled_array_coordinate
scrambled,35,39,35,0.036021237044303905,scrambled_array_coordinate
scrambled,40,39,35,0.042445707410810177,scrambled_array_coordinate
scrambled,40,40,35,-0.058333225633336705,scrambled_array_coordinate
scrambled,1,41,35,-0.04586457690310522,scrambled_array_coordinate
scrambled,10,41,35,0.036699584079089784,scrambled_array_coordinate
scrambled,11,41,35,-0.038641189973710695,scrambled_array_coordinate
scrambled,13,41,35,-0.046941972570454155,scrambled_array_coordinate
scrambled,22,41,35,-0.062805058537181505,scrambled_array_coordinate
scrambled,46,41,35,0.044139085592095624,scrambled_array_coordinate
scrambled,15,42,35,0.038645910099765,scrambled_array_coordinate
scrambled,20,42,35,0.041846635532436012,scrambled_array_coordinate
scrambled,23,42,35,0.03681754109104754,scrambled_array_coordinate
scrambled,30,42,35,0.035789849709375356,scrambled_array_coordinate
scrambled,40,42,35,-0.062218217053828614,scrambled_array_coordinate
scrambled,7,43,35,-0.035965848603796202,scrambled_array_coordinate
scrambled,25,43,35,0.040347169174465417,scrambled_array_coordinate
scrambled,42,43,35,0.050964208075881499,scrambled_array_coordinate
scrambled,22,44,35,0.040640990365961846,scrambled_array_coordinate
scrambled,41,44,35,0.036067289647538393,scrambled_array_coordinate
scrambled,0,45,35,-0.055062307138551377,scrambled_array_coordinate
scrambled,8,45,35,-0.048897648229600507,scrambled_array_coordinate
scrambled,9,45,35,-0.043295686441032724,scrambled_array_coordinate
scrambled,14,45,35,-0.040186859226091075,scrambled_array_coordinate
scrambled,15,45,35,-0.04230414583363528,scrambled_array_coordinate
scrambled,20,45,35,-0.055829482658312522,scrambled_array_coordinate
scrambled,24,45,35,0.040272604164462954,scrambled_array_coordinate
scrambled,30,45,35,-0.039220312243484573,scrambled_array_coordinate
scrambled,32,45,35,0.042120482138463228,scrambled_array_coordinate
scrambled,40,45,35,0.055113327419384156,scrambled_array_coordinate
scrambled,11,47,35,-0.040263721003922261,scrambled_array_coordinate
scrambled,46,47,35,0.057078882124820415,scrambled_array_coordinate
scrambled,14,49,35,0.044207792500719295,scrambled_array_coordinate
scrambled,24,49,35,-0.041840254177928152,scrambled_array_coordinate
scrambled,6,0,36,-0.040860976999639802,scrambled_array_coordinate
scrambled,10,0,36,0.052797571096045888,scrambled_array_coordinate
scrambled,14,0,36,0.038229580030313993,scrambled_array_coordinate
scrambled,15,0,36,-0.047972661912362588,scrambled_array_coordinate
scrambled,35,0,36,0.049972072998491754,scrambled_array_coordinate
scrambled,40,0,36,0.06962595977104559,scrambled_array_coordinate
scrambled,41,0,36,0.063931647415015835,scrambled_array_coordinate
scrambled,43,0,36,-0.067359757953874333,scrambled_array_coordinate
scrambled,1,1,36,-0.05091749299448594,scrambled_array_coordinate
scrambled,2,1,36,-0.038168113911024294,scrambled_array_coordinate
scrambled,9,1,36,0.040637896021055046,scrambled_array_coordinate
scrambled,28,1,36,-0.037891627613015379,scrambled_array_coordinate
scrambled,29,1,36,0.038170123867027055,scrambled_array_coordinate
scrambled,41,1,36,-0.051057239962655453,scrambled_array_coordinate
scrambled,49,1,36,0.04652310569177312,scrambled_array_coordinate
scrambled,7,2,36,-0.045609343854981346,scrambled_array_coordinate
scrambled,24,2,36,-0.040511781534298297,scrambled_array_coordinate
scrambled,25,2,36,0.048762399890421713,scrambled_array_coordinate
scrambled,41,2,36,0.046867369404439516,scrambled_array_coordinate
scrambled,43,2,36,-0.040498080596087706,scrambled_array_coordinate
scrambled,44,2,36,0.039199770065934288,scrambled_array_coordinate
scrambled,6,3,36,-0.052018852820022596,scrambled_array_coordinate
scrambled,10,3,36,0.064333664736195756,scrambled_array_coordinate
scrambled,15,3,36,-0.058774446269457679,scrambled_array_coordinate
scrambled,24,3,36,-0.037878017431630953,scrambled_array_coordinate
scrambled,35,3,36,0.08002244629312727,scrambled_array_coordinate
scrambled,40,3,36,0.097649267474103019,scrambled_array_coordinate
scrambled,41,3,36,0.041585467176348589,scrambled_array_coordinate
scrambled,43,3,36,-0.040065182791440689,scrambled_array_coordinate
scrambled,47,3,36,0.03910595030103995,scrambled_array_coordinate
scrambled,49,3,36,-0.044085772560074656,scrambled_array_coordinate
scrambled,0,4,36,-0.056001961360101479,scrambled_array_coordinate
scrambled,10,4,36,0.040618416150392307,scrambled_array_coordinate
scrambled,15,4,36,-0.042899766251969861,scrambled_array_coordinate
scrambled,23,4,36,-0.037504932836531328,scrambled_array_coordinate
scrambled,40,4,36,0.052321923708845551,scrambled_array_coordinate
scrambled,41,4,36,0.037326458164803247,scrambled_array_coordinate
scrambled,43,4,36,-0.06401476820089029,scrambled_array_coordinate
scrambled,0,6,36,-0.049550115566255423,scrambled_array_coordinate
scrambled,10,6,36,0.064752062424898643,scrambled_array_coordinate
scrambled,11,6,36,-0.037612975480951605,scrambled_array_coordinate
scrambled,12,6,36,0.045365627252422568,scrambled_array_coordinate
scrambled,15,6,36,-0.066595540078554089,scrambled_array_coordinate
scrambled,24,6,36,-0.052541972989546513,scrambled_array_coordinate
scrambled,25,6,36,0.05583792393980521,scrambled_array_coordinate
scrambled,35,6,36,0.05884156533195755,scrambled_array_coordinate
scrambled,40,6,36,0.064577774015317044,scrambled_array_coordinate
scrambled,47,6,36,0.055936654803092969,scrambled_array_coordinate
scrambled,49,6,36,-0.039394887755700318,scrambled_array_coordinate
scrambled,7,7,36,0.049783495408728222,scrambled_array_coordinate
scrambled,13,7,36,-0.056645914255767586,scrambled_array_coordinate
scrambled,19,7,36,0.038906866037111312,scrambled_array_coordinate
scrambled,20,7,36,-0.065358814229842785,scrambled_array_coordinate
scrambled,23,7,36,-0.040616028469651948,scrambled_array_coordinate
scrambled,24,7,36,0.058323414689163529,scrambled_array_coordinate
scrambled,25,7,36,-0.061122866230589108,scrambled_array_coordinate
scrambled,32,7,36,0.0473744100930256,scrambled_array_coordinate
scrambled,34,7,36,-0.04150436544011557,scrambled_array_coordinate
scrambled,35,7,36,-0.036011749720097866,scrambled_array_coordinate
scrambled,40,7,36,-0.06474390766256416,scrambled_array_coordinate
scrambled,48,7,36,-0.043067573840962665,scrambled_array_coordinate
scrambled,0,8,36,-0.041787053224720226,scrambled_array_coordinate
scrambled,3,8,36,0.059725755679261514,scrambled_array_coordinate
scrambled,6,8,36,-0.03579884636067017,scrambled_array_coordinate
scrambled,12,8,36,0.037317446499267333,scrambled_array_coordinate
scrambled,17,8,36,-0.045552890537219011,scrambled_array_coordinate
scrambled,19,8,36,-0.053959386130875267,scrambled_array_coordinate
scrambled,21,8,36,0.065866899873794529,scrambled_array_coordinate
scrambled,28,8,36,-0.035901341908500119,scrambled_array_coordinate
scrambled,31,8,36,0.069925563810710453,scrambled_array_coordinate
scrambled,33,8,36,0.057380433749193958,scrambled_array_coordinate
scrambled,34,8,36,0.03796715269688182,scrambled_array_coordinate
scrambled,36,8,36,0.083721372160790758,scrambled_array_coordinate
scrambled,44,8,36,0.040907429754891096,scrambled_array_coordinate
scrambled,46,8,36,0.078986615925330336,scrambled_array_coordinate
scrambled,10,9,36,0.04160439296833273,scrambled_array_coordinate
scrambled,11,9,36,-0.046312515200073213,scrambled_array_coordinate
scrambled,12,9,36,0.046694987225785731,scrambled_array_coordinate
scrambled,22,9,36,-0.037294096484657931,scrambled_array_coordinate
scrambled,24,9,36,-0.037051466469658886,scrambled_array_coordinate
scrambled,25,9,36,0.040969227576166264,scrambled_array_coordinate
scrambled,31,9,36,-0.037556916191979289,scrambled_array_coordinate
scrambled,41,9,36,-0.05354870196431772,scrambled_array_coordinate
scrambled,49,9,36,-0.041264416717839258,scrambled_array_coordinate
scrambled,0,10,36,0.043232015760918514,scrambled_array_coordinate
scrambled,2,10,36,0.059993347578618877,scrambled_array_coordinate
scrambled,13,10,36,-0.04728677687941929,scrambled_array_coordinate
scrambled,15,10,36,0.060277506230791644,scrambled_array_coordinate
scrambled,19,10,36,0.051651010535504069,scrambled_array_coordinate
scrambled,25,10,36,-0.037473533732236865,scrambled_array_coordinate
scrambled,27,10,36,0.059349306827752024,scrambled_array_coordinate
scrambled,28,10,36,0.056235448579389218,scrambled_array_coordinate
scrambled,29,10,36,-0.044902227996374861,scrambled_array_coordinate
scrambled,32,10,36,0.038274783198455953,scrambled_array_coordinate
scrambled,33,10,36,0.049101213857702206,scrambled_array_coordinate
scrambled,42,10,36,0.047453863393442965,scrambled_array_coordinate
scrambled,46,10,36,0.043237854767071045,scrambled_array_coordinate
scrambled,2,11,36,-0.050049506760750519,scrambled_array_coordinate
scrambled,11,11,36,0.048369574297933544,scrambled_array_coordinate
scrambled,22,11,36,0.04031654497332901,scrambled_array_coordinate
scrambled,29,11,36,0.048712014850713713,scrambled_array_coordinate
scrambled,35,11,36,-0.039344955336455684,scrambled_array_coordinate
scrambled,40,11,36,-0.043629070606121791,scrambled_array_coordinate
scrambled,41,11,36,-0.043613698525999472,scrambled_array_coordinate
scrambled,43,11,36,0.040428318071608446,scrambled_array_coordinate
scrambled,49,11,36,0.038894125914568693,scrambled_array_coordinate
scrambled,3,12,36,0.046366373340248943,scrambled_array_coordinate
scrambled,19,12,36,-0.037058234225674336,scrambled_array_coordinate
scrambled,21,12,36,0.041284063335809813,scrambled_array_coordinate
scrambled,22,12,36,0.043607574500153908,scrambled_array_coordinate
scrambled,23,12,36,-0.049521486998551717,scrambled_array_coordinate
scrambled,24,12,36,0.047061527455345926,scrambled_array_coordinate
scrambled,25,12,36,-0.067082059598928157,scrambled_array_coordinate
scrambled,26,12,36,0.040766662032745919,scrambled_array_coordinate
scrambled,29,12,36,0.036037584569599469,scrambled_array_coordinate
scrambled,2,13,36,-0.077665291434395031,scrambled_array_coordinate
scrambled,4,13,36,0.050251260489937437,scrambled_array_coordinate
scrambled,11,13,36,0.053005632935534584,scrambled_array_coordinate
scrambled,13,13,36,0.055953182043304996,scrambled_array_coordinate
scrambled,22,13,36,0.070630037814389812,scrambled_array_coordinate
scrambled,29,13,36,0.054750225391525423,scrambled_array_coordinate
scrambled,33,13,36,-0.066355841595147846,scrambled_array_coordinate
scrambled,40,13,36,-0.042409796645996513,scrambled_array_coordinate
scrambled,46,13,36,-0.06722319790275115,scrambled_array_coordinate
scrambled,1,15,36,0.036936367436359127,scrambled_array_coordinate
scrambled,7,15,36,-0.040209656811348679,scrambled_array_coordinate
scrambled,13,15,36,0.053876252687906447,scrambled_array_coordinate
scrambled,25,15,36,0.066503041869017482,scrambled_array_coordinate
scrambled,46,15,36,-0.042715484980682915,scrambled_array_coordinate
scrambled,18,16,36,0.037727257701738709,scrambled_array_coordinate
scrambled,47,16,36,0.039883604967545928,scrambled_array_coordinate
scrambled,2,17,36,-0.067114264839788218,scrambled_array_coordinate
scrambled,10,17,36,-0.043890797520055876,scrambled_array_coordinate
scrambled,11,17,36,0.05354048315086081,scrambled_array_coordinate
scrambled,13,17,36,0.070554786447991985,scrambled_array_coordinate
scrambled,19,17,36,-0.063711798445086842,scrambled_array_coordinate
scrambled,22,17,36,0.067450284468729138,scrambled_array_coordinate
scrambled,29,17,36,0.041750512392751016,scrambled_array_coordinate
scrambled,31,17,36,-0.037049197765641244,scrambled_array_coordinate
scrambled,33,17,36,-0.047813680904676116,scrambled_array_coordinate
scrambled,42,17,36,-0.049129800258333654,scrambled_array_coordinate
scrambled,46,17,36,-0.061579665485317958,scrambled_array_coordinate
scrambled,1,18,36,-0.044114549416105514,scrambled_array_coordinate
scrambled,10,18,36,0.067022614346396017,scrambled_array_coordinate
scrambled,15,18,36,-0.045430089570389715,scrambled_array_coordinate
scrambled,36,18,36,0.049700528617334129,scrambled_array_coordinate
scrambled,40,18,36,0.052552266172328707,scrambled_array_coordinate
scrambled,0,19,36,0.041233481203352733,scrambled_array_coordinate
scrambled,15,19,36,0.039448787516396008,scrambled_array_coordinate
scrambled,25,19,36,-0.071546657014979587,scrambled_array_coordinate
scrambled,41,19,36,0.055160463888055053,scrambled_array_coordinate
scrambled,0,20,36,-0.046150676925526914,scrambled_array_coordinate
scrambled,6,20,36,-0.045639009872098117,scrambled_array_coordinate
scrambled,15,20,36,-0.039521417282410543,scrambled_array_coordinate
scrambled,19,20,36,-0.036754714531711849,scrambled_array_coordinate
scrambled,21,20,36,0.057719411643625013,scrambled_array_coordinate
scrambled,28,20,36,-0.054944435725951854,scrambled_array_coordinate
scrambled,29,20,36,0.05052031073332864,scrambled_array_coordinate
scrambled,30,20,36,-0.048257088363718316,scrambled_array_coordinate
scrambled,36,20,36,0.040221843784115412,scrambled_array_coordinate
scrambled,46,20,36,-0.038747302690683376,scrambled_array_coordinate
scrambled,47,20,36,0.046950758020852468,scrambled_array_coordinate
scrambled,1,21,36,0.065916399234631717,scrambled_array_coordinate
scrambled,2,21,36,-0.04706396912431917,scrambled_array_coordinate
scrambled,3,21,36,0.062980387699659246,scrambled_array_coordinate
scrambled,8,21,36,0.041681240573978727,scrambled_array_coordinate
scrambled,10,21,36,-0.061113152373840546,scrambled_array_coordinate
scrambled,11,21,36,0.041893901221632862,scrambled_array_coordinate
scrambled,13,21,36,0.086844704076884882,scrambled_array_coordinate
scrambled,19,21,36,-0.096271866936516293,scrambled_array_coordinate
scrambled,20,21,36,0.041348830319759375,scrambled_array_coordinate
scrambled,21,21,36,0.074979840005400256,scrambled_array_coordinate
scrambled,22,21,36,0.080972712826619067,scrambled_array_coordinate
scrambled,29,21,36,0.041767461965705022,scrambled_array_coordinate
scrambled,49,21,36,0.044286054479496427,scrambled_array_coordinate
scrambled,11,23,36,-0.036970133719002672,scrambled_array_coordinate
scrambled,24,23,36,-0.054350812254336675,scrambled_array_coordinate
scrambled,39,23,36,0.04854265988097068,scrambled_array_coordinate
scrambled,40,23,36,0.037428479655612502,scrambled_array_coordinate
scrambled,41,23,36,0.03671461603550781,scrambled_array_coordinate
scrambled,43,23,36,-0.036588765090271543,scrambled_array_coordinate
scrambled,46,23,36,0.036864703276780264,scrambled_array_coordinate
scrambled,5,24,36,0.041677254723451053,scrambled_array_coordinate
scrambled,6,24,36,0.051297425472178533,scrambled_array_coordinate
scrambled,13,24,36,-0.041244113178355052,scrambled_array_coordinate
scrambled,14,24,36,-0.055738852239160266,scrambled_array_coordinate
scrambled,15,24,36,0.036219646361387504,scrambled_array_coordinate
scrambled,24,24,36,0.050195470881965583,scrambled_array_coordinate
scrambled,26,24,36,0.035899377875561411,scrambled_array_coordinate
scrambled,35,24,36,-0.055355097020686791,scrambled_array_coordinate
scrambled,39,24,36,-0.043323266156638944,scrambled_array_coordinate
scrambled,40,24,36,-0.069860855009681297,scrambled_array_coordinate
scrambled,41,24,36,-0.068732080690168132,scrambled_array_coordinate
scrambled,43,24,36,0.06718553987966501,scrambled_array_coordinate
scrambled,44,24,36,-0.039648948608756986,scrambled_array_coordinate
scrambled,10,25,36,0.06686774426779056,scrambled_array_coordinate
scrambled,11,25,36,-0.038188748574239026,scrambled_array_coordinate
scrambled,15,25,36,-0.044048736128152098,scrambled_array_coordinate
scrambled,24,25,36,-0.0507172890317737,scrambled_array_coordinate
scrambled,35,25,36,0.057456830633562529,scrambled_array_coordinate
scrambled,40,25,36,0.067912756252104564,scrambled_array_coordinate
scrambled,41,25,36,0.050561186162968508,scrambled_array_coordinate
scrambled,43,25,36,-0.068675280805795644,scrambled_array_coordinate
scrambled,4,26,36,0.059119619753512542,scrambled_array_coordinate
scrambled,5,26,36,-0.043324472781723217,scrambled_array_coordinate
scrambled,9,26,36,-0.039877450537173967,scrambled_array_coordinate
scrambled,11,26,36,-0.039958891399908041,scrambled_array_coordinate
scrambled,22,26,36,0.040013817336689211,scrambled_array_coordinate
scrambled,25,26,36,-0.046790688473652801,scrambled_array_coordinate
scrambled,39,26,36,0.03960394275424662,scrambled_array_coordinate
scrambled,41,26,36,0.038565408339218822,scrambled_array_coordinate
scrambled,1,27,36,0.063295421548756267,scrambled_array_coordinate
scrambled,7,27,36,-0.049885748674632281,scrambled_array_coordinate
scrambled,15,27,36,0.03893182365395105,scrambled_array_coordinate
scrambled,23,27,36,0.050298740254245279,scrambled_array_coordinate
scrambled,24,27,36,-0.045858115155959285,scrambled_array_coordinate
scrambled,25,27,36,0.042293719517733169,scrambled_array_coordinate
scrambled,26,27,36,-0.047895785260458679,scrambled_array_coordinate
scrambled,28,27,36,0.050886670495842903,scrambled_array_coordinate
scrambled,29,27,36,-0.051250583415198295,scrambled_array_coordinate
scrambled,33,27,36,0.057092127656033075,scrambled_array_coordinate
scrambled,34,27,36,0.04643269208895269,scrambled_array_coordinate
scrambled,46,27,36,0.057409044101027158,scrambled_array_coordinate
scrambled,15,28,36,0.041746364186741332,scrambled_array_coordinate
scrambled,46,28,36,0.068220477660417361,scrambled_array_coordinate
scrambled,1,29,36,0.036561151979106234,scrambled_array_coordinate
scrambled,13,29,36,-0.03753054066634437,scrambled_array_coordinate
scrambled,39,29,36,-0.046355011931067232,scrambled_array_coordinate
scrambled,41,29,36,-0.037345583800403113,scrambled_array_coordinate
scrambled,43,29,36,0.042429327682523679,scrambled_array_coordinate
scrambled,1,30,36,0.053503023552753215,scrambled_array_coordinate
scrambled,19,30,36,-0.039884482533599205,scrambled_array_coordinate
scrambled,21,30,36,0.044335020697003805,scrambled_array_coordinate
scrambled,22,30,36,0.055602104880036272,scrambled_array_coordinate
scrambled,41,30,36,0.046258914428542214,scrambled_array_coordinate
scrambled,46,30,36,-0.040833047743795481,scrambled_array_coordinate
scrambled,1,31,36,0.058603491399159879,scrambled_array_coordinate
scrambled,2,31,36,0.051152773204877967,scrambled_array_coordinate
scrambled,15,31,36,0.04328579110411955,scrambled_array_coordinate
scrambled,17,31,36,-0.03968989367972145,scrambled_array_coordinate
scrambled,28,31,36,0.045739762056109183,scrambled_array_coordinate
scrambled,33,31,36,0.040223783743039122,scrambled_array_coordinate
scrambled,42,31,36,0.04604566448679933,scrambled_array_coordinate
scrambled,44,31,36,0.041745206775973973,scrambled_array_coordinate
scrambled,4,32,36,-0.037388605967736063,scrambled_array_coordinate
scrambled,10,32,36,0.039035760560203026,scrambled_array_coordinate
scrambled,12,32,36,0.044801527025142646,scrambled_array_coordinate
scrambled,15,32,36,-0.036655199226757113,scrambled_array_coordinate
scrambled,24,32,36,-0.04162525374429113,scrambled_array_coordinate
scrambled,25,32,36,0.066265756829586436,scrambled_array_coordinate
scrambled,34,32,36,0.036807211372015959,scrambled_array_coordinate
scrambled,40,32,36,0.061243509949975149,scrambled_array_coordinate
scrambled,47,32,36,0.045655355137967195,scrambled_array_coordinate
scrambled,49,32,36,-0.038720193339078147,scrambled_array_coordinate
scrambled,23,33,36,0.044842706862222553,scrambled_array_coordinate
scrambled,26,33,36,-0.0405944773048472,scrambled_array_coordinate
scrambled,28,33,36,0.040593100925719154,scrambled_array_coordinate
scrambled,1,34,36,-0.044845823834890393,scrambled_array_coordinate
scrambled,5,34,36,0.038504130971111945,scrambled_array_coordinate
scrambled,27,34,36,0.043713605003113179,scrambled_array_coordinate
scrambled,41,34,36,-0.049678606875634565,scrambled_array_coordinate
scrambled,46,34,36,0.061536336764363826,scrambled_array_coordinate
scrambled,21,35,36,0.049250231986688764,scrambled_array_coordinate
scrambled,36,35,36,0.039227466153546185,scrambled_array_coordinate
scrambled,41,35,36,-0.0366258487449879,scrambled_array_coordinate
scrambled,43,35,36,0.042706908628426819,scrambled_array_coordinate
scrambled,47,35,36,0.045725007612991135,scrambled_array_coordinate
scrambled,24,36,36,0.047860276167814374,scrambled_array_coordinate
scrambled,46,36,36,-0.053635189592152119,scrambled_array_coordinate
scrambled,12,37,36,-0.043439079956232765,scrambled_array_coordinate
scrambled,15,37,36,0.047481340689883821,scrambled_array_coordinate
scrambled,25,37,36,-0.057921261147600288,scrambled_array_coordinate
scrambled,46,37,36,0.043044822386591332,scrambled_array_coordinate
scrambled,49,37,36,0.041339829698578599,scrambled_array_coordinate
scrambled,0,39,36,0.052595135752681557,scrambled_array_coordinate
scrambled,2,39,36,0.047418388526038198,scrambled_array_coordinate
scrambled,12,39,36,-0.045420596788675265,scrambled_array_coordinate
scrambled,16,39,36,0.054888705596597712,scrambled_array_coordinate
scrambled,18,39,36,0.045993315805163165,scrambled_array_coordinate
scrambled,28,39,36,0.063215062140117462,scrambled_array_coordinate
scrambled,31,39,36,0.038365512786746471,scrambled_array_coordinate
scrambled,33,39,36,0.042814054322095535,scrambled_array_coordinate
scrambled,41,39,36,0.10066008338212987,scrambled_array_coordinate
scrambled,44,39,36,0.037690519808328396,scrambled_array_coordinate
scrambled,2,40,36,0.055646527402835669,scrambled_array_coordinate
scrambled,3,40,36,-0.053518420974433656,scrambled_array_coordinate
scrambled,5,40,36,-0.037128428930636892,scrambled_array_coordinate
scrambled,10,40,36,0.045184293586583997,scrambled_array_coordinate
scrambled,11,40,36,-0.058270175976500846,scrambled_array_coordinate
scrambled,19,40,36,0.062161162804852531,scrambled_array_coordinate
scrambled,21,40,36,-0.052517715141550507,scrambled_array_coordinate
scrambled,22,40,36,-0.061054404367786995,scrambled_array_coordinate
scrambled,24,40,36,-0.054995130409408011,scrambled_array_coordinate
scrambled,29,40,36,-0.056442307019160455,scrambled_array_coordinate
scrambled,35,40,36,0.041292171599670566,scrambled_array_coordinate
scrambled,40,40,36,0.052284236201894707,scrambled_array_coordinate
scrambled,43,40,36,-0.052331490936080242,scrambled_array_coordinate
scrambled,49,40,36,-0.038667860975325576,scrambled_array_coordinate
scrambled,1,41,36,-0.054073737746855852,scrambled_array_coordinate
scrambled,3,41,36,0.051123456869845214,scrambled_array_coordinate
scrambled,10,41,36,0.042219703431474152,scrambled_array_coordinate
scrambled,24,41,36,-0.040945247504018151,scrambled_array_coordinate
scrambled,35,41,36,0.042273029072415931,scrambled_array_coordinate
scrambled,40,41,36,0.057162269124167775,scrambled_array_coordinate
scrambled,41,41,36,0.045742657130844626,scrambled_array_coordinate
scrambled,43,41,36,-0.048272260441374969,scrambled_array_coordinate
scrambled,6,42,36,0.039934383018400542,scrambled_array_coordinate
scrambled,11,42,36,0.03826012565502155,scrambled_array_coordinate
scrambled,16,42,36,0.038379312415744465,scrambled_array_coordinate
scrambled,25,42,36,0.042434778211873421,scrambled_array_coordinate
scrambled,40,42,36,-0.037630141950024121,scrambled_array_coordinate
scrambled,49,42,36,0.035799213717961957,scrambled_array_coordinate
scrambled,3,43,36,0.0362562539562181,scrambled_array_coordinate
scrambled,11,43,36,-0.059517708538022282,scrambled_array_coordinate
scrambled,16,43,36,-0.037224870559878338,scrambled_array_coordinate
scrambled,24,43,36,-0.054679712131780807,scrambled_array_coordinate
scrambled,35,43,36,0.035990601594706795,scrambled_array_coordinate
scrambled,36,43,36,0.044121765737042885,scrambled_array_coordinate
scrambled,40,43,36,0.065399650779608715,scrambled_array_coordinate
scrambled,43,43,36,-0.038771271212380963,scrambled_array_coordinate
scrambled,46,43,36,0.044260061227510479,scrambled_array_coordinate
scrambled,49,43,36,-0.036624751952255126,scrambled_array_coordinate
scrambled,0,44,36,0.046313086014825797,scrambled_array_coordinate
scrambled,1,44,36,0.046712587772937839,scrambled_array_coordinate
scrambled,6,44,36,0.045235408254631113,scrambled_array_coordinate
scrambled,10,44,36,-0.048266906299351181,scrambled_array_coordinate
scrambled,11,44,36,-0.035765560357955646,scrambled_array_coordinate
scrambled,15,44,36,0.053926220889171726,scrambled_array_coordinate
scrambled,28,44,36,0.057114100522290275,scrambled_array_coordinate
scrambled,29,44,36,-0.045650552224211598,scrambled_array_coordinate
scrambled,36,44,36,-0.046670783237209579,scrambled_array_coordinate
scrambled,46,44,36,0.058912599345633108,scrambled_array_coordinate
scrambled,46,45,36,0.074535372764371971,scrambled_array_coordinate
scrambled,49,45,36,0.037926659489422219,scrambled_array_coordinate
scrambled,0,47,36,0.036658592859942003,scrambled_array_coordinate
scrambled,2,47,36,-0.049172020243140581,scrambled_array_coordinate
scrambled,4,47,36,0.042234380777412289,scrambled_array_coordinate
scrambled,7,47,36,0.064871152795926423,scrambled_array_coordinate
scrambled,10,47,36,-0.059306023968326335,scrambled_array_coordinate
scrambled,11,47,36,0.060602465996698857,scrambled_array_coordinate
scrambled,12,47,36,-0.035977135851533636,scrambled_array_coordinate
scrambled,13,47,36,0.038262577787939463,scrambled_array_coordinate
scrambled,22,47,36,0.035847870780150684,scrambled_array_coordinate
scrambled,24,47,36,0.048755787259498064,scrambled_array_coordinate
scrambled,25,47,36,-0.045534157975193154,scrambled_array_coordinate
scrambled,33,47,36,-0.06396971781055516,scrambled_array_coordinate
scrambled,34,47,36,-0.060644266513396529,scrambled_array_coordinate
scrambled,40,47,36,-0.060697000154221886,scrambled_array_coordinate
scrambled,46,47,36,-0.068689721144864199,scrambled_array_coordinate
scrambled,47,47,36,-0.038311579257053446,scrambled_array_coordinate
scrambled,4,48,36,-0.049541472559846297,scrambled_array_coordinate
scrambled,10,48,36,0.063792353940314322,scrambled_array_coordinate
scrambled,13,48,36,-0.04717147417263718,scrambled_array_coordinate
scrambled,41,48,36,0.037680094355275535,scrambled_array_coordinate
scrambled,43,48,36,-0.043775479526968392,scrambled_array_coordinate
scrambled,47,48,36,0.039265603779367157,scrambled_array_coordinate
scrambled,2,49,36,0.037989117912030024,scrambled_array_coordinate
scrambled,17,49,36,-0.03804336304612365,scrambled_array_coordinate
scrambled,31,49,36,0.040105858029140941,scrambled_array_coordinate
scrambled,33,49,36,0.042902880843695791,scrambled_array_coordinate
scrambled,40,49,36,0.044980098283692045,scrambled_array_coordinate
scrambled,41,49,36,0.048525568184321868,scrambled_array_coordinate
scrambled,43,49,36,-0.04556279423429755,scrambled_array_coordinate
scrambled,44,49,36,0.037246228039724542,scrambled_array_coordinate
scrambled,46,49,36,0.036893834015425349,scrambled_array_coordinate
scrambled,10,0,37,0.041892422534766757,scrambled_array_coordinate
scrambled,37,0,37,-0.037621996449113418,scrambled_array_coordinate
scrambled,42,0,37,0.040223694085758474,scrambled_array_coordinate
scrambled,0,1,37,0.049665604478602264,scrambled_array_coordinate
scrambled,6,1,37,-0.044263056728525124,scrambled_array_coordinate
scrambled,7,1,37,0.038110859542652163,scrambled_array_coordinate
scrambled,9,1,37,-0.035883334995233454,scrambled_array_coordinate
scrambled,13,1,37,0.036263196850493028,scrambled_array_coordinate
scrambled,22,1,37,-0.039598799639975632,scrambled_array_coordinate
scrambled,33,1,37,-0.050843395009969081,scrambled_array_coordinate
scrambled,34,1,37,-0.041597465615965064,scrambled_array_coordinate
scrambled,39,1,37,-0.056393448548714767,scrambled_array_coordinate
scrambled,40,1,37,0.045946917286188715,scrambled_array_coordinate
scrambled,46,1,37,-0.070909691587504473,scrambled_array_coordinate
scrambled,47,1,37,-0.048960881698164475,scrambled_array_coordinate
scrambled,49,1,37,-0.03611778222031968,scrambled_array_coordinate
scrambled,29,2,37,-0.043645878125206553,scrambled_array_coordinate
scrambled,11,3,37,-0.036708265153601184,scrambled_array_coordinate
scrambled,39,3,37,0.045995338532158606,scrambled_array_coordinate
scrambled,16,4,37,0.036639495731691778,scrambled_array_coordinate
scrambled,22,4,37,0.064920752296224016,scrambled_array_coordinate
scrambled,36,4,37,-0.038623476356580706,scrambled_array_coordinate
scrambled,38,4,37,-0.041422141761057657,scrambled_array_coordinate
scrambled,47,4,37,0.043024019465747125,scrambled_array_coordinate
scrambled,30,5,37,-0.036917123411332096,scrambled_array_coordinate
scrambled,33,6,37,-0.036478337066635724,scrambled_array_coordinate
scrambled,11,8,37,0.061956434231662874,scrambled_array_coordinate
scrambled,12,8,37,-0.041127877797991312,scrambled_array_coordinate
scrambled,14,8,37,0.04537874843842598,scrambled_array_coordinate
scrambled,22,8,37,0.064614377414221921,scrambled_array_coordinate
scrambled,29,8,37,0.043050756729251745,scrambled_array_coordinate
scrambled,41,8,37,0.093821006428227036,scrambled_array_coordinate
scrambled,42,8,37,-0.036933482144291027,scrambled_array_coordinate
scrambled,43,8,37,-0.05220804272715146,scrambled_array_coordinate
scrambled,46,8,37,-0.060567829055172433,scrambled_array_coordinate
scrambled,27,9,37,-0.039166596770322012,scrambled_array_coordinate
scrambled,33,9,37,-0.041400262005423037,scrambled_array_coordinate
scrambled,46,9,37,-0.040906905774925333,scrambled_array_coordinate
scrambled,49,9,37,-0.044577220246021912,scrambled_array_coordinate
scrambled,22,10,37,0.040894128388085406,scrambled_array_coordinate
scrambled,23,10,37,0.037527249267102165,scrambled_array_coordinate
scrambled,29,10,37,0.036629146058777623,scrambled_array_coordinate
scrambled,30,10,37,-0.037961158835382675,scrambled_array_coordinate
scrambled,47,10,37,0.044325646860336722,scrambled_array_coordinate
scrambled,46,11,37,-0.044824804369232897,scrambled_array_coordinate
scrambled,27,12,37,0.036661224257570166,scrambled_array_coordinate
scrambled,38,12,37,0.037330177655130366,scrambled_array_coordinate
scrambled,5,13,37,0.044299524318174646,scrambled_array_coordinate
scrambled,10,13,37,-0.055237572358672743,scrambled_array_coordinate
scrambled,27,13,37,0.038403431994321127,scrambled_array_coordinate
scrambled,29,13,37,-0.064205413481586857,scrambled_array_coordinate
scrambled,47,13,37,-0.039029835595195371,scrambled_array_coordinate
scrambled,10,14,37,0.059295041076534841,scrambled_array_coordinate
scrambled,29,14,37,0.044140853157931002,scrambled_array_coordinate
scrambled,37,14,37,-0.038993004888868081,scrambled_array_coordinate
scrambled,42,14,37,0.048539662512288508,scrambled_array_coordinate
scrambled,46,14,37,-0.035854740015058006,scrambled_array_coordinate
scrambled,29,15,37,-0.047867671560885616,scrambled_array_coordinate
scrambled,47,15,37,-0.048944074854336113,scrambled_array_coordinate
scrambled,49,15,37,-0.035828690575942103,scrambled_array_coordinate
scrambled,2,16,37,0.03743157020528963,scrambled_array_coordinate
scrambled,3,16,37,0.035767588254550335,scrambled_array_coordinate
scrambled,11,16,37,0.046267325820201127,scrambled_array_coordinate
scrambled,38,16,37,0.040001529435217106,scrambled_array_coordinate
scrambled,42,16,37,-0.04463338509745713,scrambled_array_coordinate
scrambled,4,17,37,0.049651165030421836,scrambled_array_coordinate
scrambled,13,17,37,0.037060412550663335,scrambled_array_coordinate
scrambled,47,17,37,-0.036249522121193561,scrambled_array_coordinate
scrambled,4,18,37,-0.045640396307216148,scrambled_array_coordinate
scrambled,8,18,37,0.051799747024555837,scrambled_array_coordinate
scrambled,9,18,37,0.036645389160612274,scrambled_array_coordinate
scrambled,11,18,37,-0.079955705584293157,scrambled_array_coordinate
scrambled,18,18,37,-0.050402293582796062,scrambled_array_coordinate
scrambled,36,18,37,-0.041017169531330631,scrambled_array_coordinate
scrambled,38,18,37,-0.068676864823083383,scrambled_array_coordinate
scrambled,47,18,37,0.047363146226589332,scrambled_array_coordinate
scrambled,48,18,37,-0.038077778686911055,scrambled_array_coordinate
scrambled,3,19,37,0.040489928836127974,scrambled_array_coordinate
scrambled,4,19,37,-0.047415464490337123,scrambled_array_coordinate
scrambled,5,19,37,0.039491014551961398,scrambled_array_coordinate
scrambled,36,19,37,0.03729704015264159,scrambled_array_coordinate
scrambled,41,20,37,0.041148461662537147,scrambled_array_coordinate
scrambled,11,21,37,0.057928452836680758,scrambled_array_coordinate
scrambled,12,21,37,-0.035949238250168172,scrambled_array_coordinate
scrambled,13,21,37,0.064396706169925155,scrambled_array_coordinate
scrambled,14,21,37,0.048636182561746406,scrambled_array_coordinate
scrambled,41,21,37,0.084625151630390305,scrambled_array_coordinate
scrambled,43,21,37,-0.041606577445247532,scrambled_array_coordinate
scrambled,46,21,37,-0.054785353606334748,scrambled_array_coordinate
scrambled,40,22,37,0.035971216635104948,scrambled_array_coordinate
scrambled,41,22,37,0.046857168856489093,scrambled_array_coordinate
scrambled,46,22,37,-0.048220469641667846,scrambled_array_coordinate
scrambled,40,23,37,0.046872929070399326,scrambled_array_coordinate
scrambled,46,23,37,-0.037726478202676314,scrambled_array_coordinate
scrambled,10,25,37,0.044104721659718057,scrambled_array_coordinate
scrambled,20,26,37,0.054287953015110038,scrambled_array_coordinate
scrambled,22,26,37,-0.044048893701601172,scrambled_array_coordinate
scrambled,4,29,37,0.036184613676136304,scrambled_array_coordinate
scrambled,42,29,37,0.044959840922893783,scrambled_array_coordinate
scrambled,4,30,37,-0.04012576077102973,scrambled_array_coordinate
scrambled,9,30,37,0.035898388295915351,scrambled_array_coordinate
scrambled,31,30,37,0.041376664209542335,scrambled_array_coordinate
scrambled,47,30,37,0.035944747573481067,scrambled_array_coordinate
scrambled,4,31,37,-0.049945978842985961,scrambled_array_coordinate
scrambled,10,31,37,-0.05633009486071338,scrambled_array_coordinate
scrambled,27,31,37,0.055444303611932096,scrambled_array_coordinate
scrambled,47,31,37,0.037615929694685378,scrambled_array_coordinate
scrambled,10,32,37,0.039344684010701347,scrambled_array_coordinate
scrambled,27,32,37,-0.040118383212506409,scrambled_array_coordinate
scrambled,11,33,37,-0.037342494890431038,scrambled_array_coordinate
scrambled,29,34,37,-0.039534208794303985,scrambled_array_coordinate
scrambled,47,35,37,-0.044093109765037559,scrambled_array_coordinate
scrambled,0,36,37,-0.040262772928098836,scrambled_array_coordinate
scrambled,6,36,37,0.044790627810040111,scrambled_array_coordinate
scrambled,9,36,37,0.03726036773995961,scrambled_array_coordinate
scrambled,11,36,37,-0.038044822882293217,scrambled_array_coordinate
scrambled,33,36,37,0.042706089202153609,scrambled_array_coordinate
scrambled,37,36,37,-0.045203490964823373,scrambled_array_coordinate
scrambled,39,36,37,0.054160901162596073,scrambled_array_coordinate
scrambled,40,36,37,-0.049685989048437351,scrambled_array_coordinate
scrambled,41,36,37,-0.048846994523604248,scrambled_array_coordinate
scrambled,46,36,37,0.095387151753469873,scrambled_array_coordinate
scrambled,49,36,37,0.060055705644053679,scrambled_array_coordinate
scrambled,4,37,37,-0.044416860562150967,scrambled_array_coordinate
scrambled,10,37,37,-0.047215546727283196,scrambled_array_coordinate
scrambled,27,37,37,0.041295715250389511,scrambled_array_coordinate
scrambled,8,38,37,0.044071898773139051,scrambled_array_coordinate
scrambled,9,38,37,0.038214845123650913,scrambled_array_coordinate
scrambled,11,38,37,-0.054652025152646194,scrambled_array_coordinate
scrambled,47,38,37,0.035787018082646546,scrambled_array_coordinate
scrambled,20,39,37,0.040960455622251486,scrambled_array_coordinate
scrambled,30,39,37,0.0447769237060964,scrambled_array_coordinate
scrambled,33,39,37,0.065532842871821873,scrambled_array_coordinate
scrambled,38,39,37,0.038790644812089145,scrambled_array_coordinate
scrambled,46,39,37,0.051695297676782569,scrambled_array_coordinate
scrambled,13,40,37,-0.042854347349679509,scrambled_array_coordinate
scrambled,41,40,37,-0.036711343181301211,scrambled_array_coordinate
scrambled,22,41,37,0.042961258917346465,scrambled_array_coordinate
scrambled,23,41,37,0.043229025339995848,scrambled_array_coordinate
scrambled,1,43,37,-0.041198146780967435,scrambled_array_coordinate
scrambled,10,43,37,0.041049459321465157,scrambled_array_coordinate
scrambled,25,43,37,-0.043205341656338138,scrambled_array_coordinate
scrambled,33,43,37,0.036562686960115665,scrambled_array_coordinate
scrambled,37,43,37,-0.052973761692164001,scrambled_array_coordinate
scrambled,46,43,37,0.042732370821649358,scrambled_array_coordinate
scrambled,4,44,37,0.040074990466751594,scrambled_array_coordinate
scrambled,14,44,37,-0.040940456749750546,scrambled_array_coordinate
scrambled,18,44,37,0.050316167797421991,scrambled_array_coordinate
scrambled,20,44,37,0.052636109369422049,scrambled_array_coordinate
scrambled,22,44,37,-0.042639513376770972,scrambled_array_coordinate
scrambled,33,44,37,0.041893548360988804,scrambled_array_coordinate
scrambled,36,44,37,0.039116330534148605,scrambled_array_coordinate
scrambled,38,44,37,0.051164005332479813,scrambled_array_coordinate
scrambled,41,44,37,-0.038236497468322944,scrambled_array_coordinate
scrambled,42,44,37,0.043658386085622433,scrambled_array_coordinate
scrambled,46,44,37,0.039313293693982843,scrambled_array_coordinate
scrambled,4,45,37,0.041088184742968249,scrambled_array_coordinate
scrambled,13,45,37,0.040390537472061547,scrambled_array_coordinate
scrambled,22,46,37,-0.043946614244995741,scrambled_array_coordinate
scrambled,9,47,37,0.054097741901690373,scrambled_array_coordinate
scrambled,20,47,37,-0.048641256146887621,scrambled_array_coordinate
scrambled,22,47,37,0.036291992432570384,scrambled_array_coordinate
scrambled,23,47,37,0.045126112896609318,scrambled_array_coordinate
scrambled,26,47,37,-0.036383241068668151,scrambled_array_coordinate
scrambled,29,47,37,0.041911145639768617,scrambled_array_coordinate
scrambled,30,47,37,-0.065837929936725617,scrambled_array_coordinate
scrambled,39,47,37,0.046869879754177939,scrambled_array_coordinate
scrambled,40,47,37,-0.048119539915161255,scrambled_array_coordinate
scrambled,40,48,37,0.036686094905448184,scrambled_array_coordinate
scrambled,11,0,38,0.036053204548866062,scrambled_array_coordinate
scrambled,20,0,38,-0.050712767571593514,scrambled_array_coordinate
scrambled,25,0,38,-0.054627557362119689,scrambled_array_coordinate
scrambled,0,1,38,0.038497651594458199,scrambled_array_coordinate
scrambled,1,1,38,-0.051375704200132183,scrambled_array_coordinate
scrambled,40,1,38,0.042385850689175643,scrambled_array_coordinate
scrambled,46,1,38,-0.038215962692470032,scrambled_array_coordinate
scrambled,0,2,38,0.052339512944159637,scrambled_array_coordinate
scrambled,15,2,38,0.040646036048929815,scrambled_array_coordinate
scrambled,0,3,38,-0.043133957879084681,scrambled_array_coordinate
scrambled,22,3,38,0.048899480553691504,scrambled_array_coordinate
scrambled,0,4,38,-0.049215169236612649,scrambled_array_coordinate
scrambled,23,4,38,-0.044754115602200453,scrambled_array_coordinate
scrambled,24,4,38,0.055887248497279766,scrambled_array_coordinate
scrambled,26,4,38,0.040267813843816391,scrambled_array_coordinate
scrambled,28,4,38,-0.041114998694056375,scrambled_array_coordinate
scrambled,29,4,38,0.037701515424233632,scrambled_array_coordinate
scrambled,40,4,38,-0.037150071264974716,scrambled_array_coordinate
scrambled,48,4,38,-0.04133185662514436,scrambled_array_coordinate
scrambled,10,6,38,-0.041583690780208071,scrambled_array_coordinate
scrambled,11,6,38,0.042189515171484789,scrambled_array_coordinate
scrambled,13,6,38,0.039192512966333533,scrambled_array_coordinate
scrambled,22,6,38,0.036544893235423474,scrambled_array_coordinate
scrambled,24,6,38,0.045066417581748265,scrambled_array_coordinate
scrambled,34,6,38,-0.037865800677220104,scrambled_array_coordinate
scrambled,2,7,38,0.041967753588785094,scrambled_array_coordinate
scrambled,4,7,38,-0.03794862523848079,scrambled_array_coordinate
scrambled,13,7,38,-0.056931955338923819,scrambled_array_coordinate
scrambled,6,8,38,-0.038277018688823078,scrambled_array_coordinate
scrambled,33,8,38,-0.036280231349167628,scrambled_array_coordinate
scrambled,41,8,38,0.045143966284088038,scrambled_array_coordinate
scrambled,46,8,38,-0.050081823686392059,scrambled_array_coordinate
scrambled,11,9,38,0.058994505745048574,scrambled_array_coordinate
scrambled,46,9,38,-0.070189068820850617,scrambled_array_coordinate
scrambled,11,10,38,-0.038730164468281106,scrambled_array_coordinate
scrambled,24,11,38,-0.042258092287531912,scrambled_array_coordinate
scrambled,40,11,38,0.04428454251280476,scrambled_array_coordinate
scrambled,41,11,38,0.046299094268929315,scrambled_array_coordinate
scrambled,2,12,38,0.045743851119067376,scrambled_array_coordinate
scrambled,40,12,38,0.044438947105241385,scrambled_array_coordinate
scrambled,46,12,38,0.054620736843724857,scrambled_array_coordinate
scrambled,8,13,38,0.037973903749617524,scrambled_array_coordinate
scrambled,22,13,38,-0.058115588726490523,scrambled_array_coordinate
scrambled,24,13,38,-0.036213928742842336,scrambled_array_coordinate
scrambled,31,13,38,0.036768198283943759,scrambled_array_coordinate
scrambled,40,13,38,0.050890689737673397,scrambled_array_coordinate
scrambled,20,14,38,-0.051826618803733043,scrambled_array_coordinate
scrambled,30,14,38,-0.040628356918295513,scrambled_array_coordinate
scrambled,25,15,38,0.040429461347187313,scrambled_array_coordinate
scrambled,46,15,38,-0.038690062871441722,scrambled_array_coordinate
scrambled,4,16,38,0.045208513602804846,scrambled_array_coordinate
scrambled,20,16,38,0.036534748640271633,scrambled_array_coordinate
scrambled,0,17,38,-0.048074449641204706,scrambled_array_coordinate
scrambled,4,17,38,0.043630992639705386,scrambled_array_coordinate
scrambled,5,17,38,-0.042586211002410959,scrambled_array_coordinate
scrambled,13,17,38,0.044279493480667328,scrambled_array_coordinate
scrambled,31,17,38,-0.039376630084462905,scrambled_array_coordinate
scrambled,35,17,38,0.049372783652481468,scrambled_array_coordinate
scrambled,41,17,38,0.041836709999070402,scrambled_array_coordinate
scrambled,1,18,38,-0.045327343050373711,scrambled_array_coordinate
scrambled,18,18,38,-0.052497263749107757,scrambled_array_coordinate
scrambled,20,18,38,-0.036610256313483303,scrambled_array_coordinate
scrambled,30,18,38,-0.03644803959065139,scrambled_array_coordinate
scrambled,37,20,38,0.036224597825612923,scrambled_array_coordinate
scrambled,5,21,38,-0.036094748292953317,scrambled_array_coordinate
scrambled,9,21,38,-0.044961977106989459,scrambled_array_coordinate
scrambled,22,21,38,0.035869289390364212,scrambled_array_coordinate
scrambled,27,21,38,-0.049434473520116123,scrambled_array_coordinate
scrambled,40,21,38,0.05953771294883848,scrambled_array_coordinate
scrambled,41,21,38,0.048002760768360367,scrambled_array_coordinate
scrambled,43,21,38,-0.044574782445954995,scrambled_array_coordinate
scrambled,49,21,38,-0.048343919248797551,scrambled_array_coordinate
scrambled,46,22,38,-0.048461119395326352,scrambled_array_coordinate
scrambled,49,22,38,-0.035827164620265486,scrambled_array_coordinate
scrambled,11,24,38,-0.038123531857574049,scrambled_array_coordinate
scrambled,18,24,38,0.03667889666667664,scrambled_array_coordinate
scrambled,22,24,38,-0.065947172188233955,scrambled_array_coordinate
scrambled,23,24,38,-0.036219307997036619,scrambled_array_coordinate
scrambled,25,24,38,0.040163253650820609,scrambled_array_coordinate
scrambled,26,24,38,0.036237645696793379,scrambled_array_coordinate
scrambled,31,24,38,0.04608077794211031,scrambled_array_coordinate
scrambled,48,24,38,-0.03814939070181167,scrambled_array_coordinate
scrambled,13,25,38,0.042387729146285399,scrambled_array_coordinate
scrambled,0,26,38,-0.052742571347449543,scrambled_array_coordinate
scrambled,2,26,38,0.053507879406372964,scrambled_array_coordinate
scrambled,10,26,38,-0.045998057004879252,scrambled_array_coordinate
scrambled,42,26,38,-0.04096803758294932,scrambled_array_coordinate
scrambled,46,26,38,0.043307426299554037,scrambled_array_coordinate
scrambled,0,27,38,0.039734898083259307,scrambled_array_coordinate
scrambled,2,27,38,-0.040199174333714352,scrambled_array_coordinate
scrambled,15,27,38,0.036746877956290891,scrambled_array_coordinate
scrambled,10,29,38,0.040884538758654443,scrambled_array_coordinate
scrambled,13,29,38,-0.036346246823108115,scrambled_array_coordinate
scrambled,20,29,38,-0.04261212223717991,scrambled_array_coordinate
scrambled,1,30,38,0.036946559898704177,scrambled_array_coordinate
scrambled,38,30,38,-0.037567653334264352,scrambled_array_coordinate
scrambled,40,30,38,0.042436476673171228,scrambled_array_coordinate
scrambled,45,30,38,-0.04150191632228558,scrambled_array_coordinate
scrambled,1,31,38,0.037379375229956852,scrambled_array_coordinate
scrambled,2,31,38,0.047886465893213416,scrambled_array_coordinate
scrambled,10,31,38,-0.04490069434777566,scrambled_array_coordinate
scrambled,46,31,38,0.046363712731936638,scrambled_array_coordinate
scrambled,2,32,38,-0.036642183682665364,scrambled_array_coordinate
scrambled,22,32,38,0.038001188227770731,scrambled_array_coordinate
scrambled,46,32,38,-0.054937800733193008,scrambled_array_coordinate
scrambled,0,33,38,0.039386357386815576,scrambled_array_coordinate
scrambled,18,33,38,-0.035918863205282169,scrambled_array_coordinate
scrambled,46,34,38,0.052887720660618524,scrambled_array_coordinate
scrambled,46,36,38,0.049048587713339524,scrambled_array_coordinate
scrambled,11,37,38,-0.038293129015440297,scrambled_array_coordinate
scrambled,29,37,38,-0.044099235506629482,scrambled_array_coordinate
scrambled,46,37,38,0.055288786595043056,scrambled_array_coordinate
scrambled,46,38,38,0.047326981264134635,scrambled_array_coordinate
scrambled,13,39,38,-0.046380674761883747,scrambled_array_coordinate
scrambled,14,39,38,-0.042421686443913809,scrambled_array_coordinate
scrambled,16,39,38,-0.036390641701551048,scrambled_array_coordinate
scrambled,22,39,38,-0.041691833284867731,scrambled_array_coordinate
scrambled,25,39,38,-0.037718555720560036,scrambled_array_coordinate
scrambled,36,39,38,0.040060698189517616,scrambled_array_coordinate
scrambled,41,39,38,-0.04745943274008068,scrambled_array_coordinate
scrambled,46,39,38,0.055107967621446166,scrambled_array_coordinate
scrambled,6,40,38,0.038931212237988386,scrambled_array_coordinate
scrambled,10,40,38,-0.060711337178916407,scrambled_array_coordinate
scrambled,11,40,38,0.04071830316525752,scrambled_array_coordinate
scrambled,40,40,38,-0.043684423225733557,scrambled_array_coordinate
scrambled,41,40,38,-0.039718040569655923,scrambled_array_coordinate
scrambled,43,40,38,0.045892506542140381,scrambled_array_coordinate
scrambled,49,40,38,0.037755597658781039,scrambled_array_coordinate
scrambled,1,41,38,-0.062254235663373743,scrambled_array_coordinate
scrambled,23,41,38,-0.043114118972490248,scrambled_array_coordinate
scrambled,26,41,38,0.041242224856297513,scrambled_array_coordinate
scrambled,28,41,38,-0.049529298618701971,scrambled_array_coordinate
scrambled,30,41,38,-0.038625926376821169,scrambled_array_coordinate
scrambled,36,41,38,0.038543743693322439,scrambled_array_coordinate
scrambled,1,42,38,0.03949422754831132,scrambled_array_coordinate
scrambled,0,43,38,0.047015558555316667,scrambled_array_coordinate
scrambled,2,43,38,-0.052633989163388975,scrambled_array_coordinate
scrambled,8,43,38,0.049926762256494006,scrambled_array_coordinate
scrambled,13,43,38,0.043160310953580777,scrambled_array_coordinate
scrambled,24,43,38,-0.037217127371199858,scrambled_array_coordinate
scrambled,37,43,38,-0.041390423458806641,scrambled_array_coordinate
scrambled,42,43,38,0.042554813147385205,scrambled_array_coordinate
scrambled,49,43,38,0.047484617298039225,scrambled_array_coordinate
scrambled,1,44,38,0.037150179425881384,scrambled_array_coordinate
scrambled,26,44,38,-0.039757607210694851,scrambled_array_coordinate
scrambled,29,44,38,-0.038131512831493998,scrambled_array_coordinate
scrambled,33,44,38,0.045847113642739509,scrambled_array_coordinate
scrambled,46,44,38,0.07213702189947617,scrambled_array_coordinate
scrambled,0,45,38,-0.04151184473124344,scrambled_array_coordinate
scrambled,2,45,38,0.037361072382081924,scrambled_array_coordinate
scrambled,46,45,38,0.057268185771029552,scrambled_array_coordinate
scrambled,35,46,38,-0.037304602961544808,scrambled_array_coordinate
scrambled,7,47,38,-0.038030111569782178,scrambled_array_coordinate
scrambled,10,47,38,0.042402988944064968,scrambled_array_coordinate
scrambled,11,47,38,-0.035940381255852423,scrambled_array_coordinate
scrambled,0,1,39,-0.057144469444350025,scrambled_array_coordinate
scrambled,1,1,39,-0.053456809955936768,scrambled_array_coordinate
scrambled,14,1,39,0.037651310474173194,scrambled_array_coordinate
scrambled,15,1,39,-0.04309632492741771,scrambled_array_coordinate
scrambled,23,1,39,-0.04231703507266954,scrambled_array_coordinate
scrambled,28,1,39,-0.049505621239539464,scrambled_array_coordinate
scrambled,33,1,39,-0.044452795419262198,scrambled_array_coordinate
scrambled,35,1,39,0.045372688810325468,scrambled_array_coordinate
scrambled,42,1,39,-0.045392965039433221,scrambled_array_coordinate
scrambled,1,2,39,0.060718472690545887,scrambled_array_coordinate
scrambled,2,2,39,0.046848708241143226,scrambled_array_coordinate
scrambled,23,2,39,0.042457160033257467,scrambled_array_coordinate
scrambled,26,2,39,-0.049802860201135439,scrambled_array_coordinate
scrambled,1,3,39,-0.03604953480728177,scrambled_array_coordinate
scrambled,10,3,39,0.04547275960937313,scrambled_array_coordinate
scrambled,24,3,39,-0.035903706716514654,scrambled_array_coordinate
scrambled,40,3,39,0.044231152180174101,scrambled_array_coordinate
scrambled,43,3,39,-0.039550766390151815,scrambled_array_coordinate
scrambled,10,4,39,0.046110143902834549,scrambled_array_coordinate
scrambled,20,4,39,-0.050215416285653298,scrambled_array_coordinate
scrambled,40,4,39,0.056409892722218295,scrambled_array_coordinate
scrambled,41,4,39,0.041491589951735845,scrambled_array_coordinate
scrambled,46,4,39,-0.062383165315842551,scrambled_array_coordinate
scrambled,2,6,39,-0.037538125666239888,scrambled_array_coordinate
scrambled,13,6,39,0.055685330266814659,scrambled_array_coordinate
scrambled,18,6,39,-0.038413933597661119,scrambled_array_coordinate
scrambled,24,6,39,-0.045538466509280479,scrambled_array_coordinate
scrambled,33,6,39,-0.038048654336098546,scrambled_array_coordinate
scrambled,46,6,39,-0.048393344321813775,scrambled_array_coordinate
scrambled,4,7,39,-0.037400157483058367,scrambled_array_coordinate
scrambled,8,7,39,-0.03844188629739801,scrambled_array_coordinate
scrambled,13,7,39,-0.078541697595832308,scrambled_array_coordinate
scrambled,24,7,39,0.058722430416514794,scrambled_array_coordinate
scrambled,30,7,39,-0.038941324255349734,scrambled_array_coordinate
scrambled,3,8,39,0.046447110998043356,scrambled_array_coordinate
scrambled,6,8,39,-0.037340043119095098,scrambled_array_coordinate
scrambled,10,8,39,0.047660236790767002,scrambled_array_coordinate
scrambled,13,8,39,0.04579591493282114,scrambled_array_coordinate
scrambled,22,8,39,0.045788250594558787,scrambled_array_coordinate
scrambled,26,8,39,0.036577118585065925,scrambled_array_coordinate
scrambled,27,8,39,-0.05673061821066043,scrambled_array_coordinate
scrambled,40,8,39,0.059105701074134341,scrambled_array_coordinate
scrambled,41,8,39,0.053609786191614897,scrambled_array_coordinate
scrambled,42,8,39,-0.042702435082283129,scrambled_array_coordinate
scrambled,43,8,39,-0.064894579296038701,scrambled_array_coordinate
scrambled,46,9,39,-0.056347274291457597,scrambled_array_coordinate
scrambled,2,10,39,0.047181109502039541,scrambled_array_coordinate
scrambled,46,10,39,0.055408349089463807,scrambled_array_coordinate
scrambled,2,11,39,-0.037175001281364063,scrambled_array_coordinate
scrambled,8,11,39,0.035815975721685482,scrambled_array_coordinate
scrambled,46,11,39,-0.041804608738290873,scrambled_array_coordinate
scrambled,46,12,39,0.035933383219768529,scrambled_array_coordinate
scrambled,1,15,39,0.046606643099979125,scrambled_array_coordinate
scrambled,13,15,39,0.036238623928164675,scrambled_array_coordinate
scrambled,22,15,39,0.036079836983333585,scrambled_array_coordinate
scrambled,36,15,39,-0.041399797390561752,scrambled_array_coordinate
scrambled,46,15,39,-0.037702275061771949,scrambled_array_coordinate
scrambled,1,16,39,-0.042401805392149057,scrambled_array_coordinate
scrambled,6,16,39,-0.045773475805147762,scrambled_array_coordinate
scrambled,10,16,39,0.03622684616184757,scrambled_array_coordinate
scrambled,20,16,39,-0.060033543531473312,scrambled_array_coordinate
scrambled,30,16,39,-0.055487484729882582,scrambled_array_coordinate
scrambled,2,17,39,-0.082103772199409383,scrambled_array_coordinate
scrambled,13,17,39,0.075247015710546358,scrambled_array_coordinate
scrambled,18,17,39,-0.04314867324556524,scrambled_array_coordinate
scrambled,19,17,39,-0.042045738834671692,scrambled_array_coordinate
scrambled,22,17,39,0.055018815877284043,scrambled_array_coordinate
scrambled,27,17,39,-0.049344543826984853,scrambled_array_coordinate
scrambled,46,17,39,-0.076955950820191493,scrambled_array_coordinate
scrambled,0,18,39,-0.043109763450670434,scrambled_array_coordinate
scrambled,35,18,39,0.045241769503896162,scrambled_array_coordinate
scrambled,2,19,39,0.053697698904906777,scrambled_array_coordinate
scrambled,11,19,39,-0.037743510073056756,scrambled_array_coordinate
scrambled,13,19,39,-0.042484115938658126,scrambled_array_coordinate
scrambled,18,19,39,0.036575369585221534,scrambled_array_coordinate
scrambled,46,19,39,0.070151583532265416,scrambled_array_coordinate
scrambled,6,20,39,-0.049570579360591241,scrambled_array_coordinate
scrambled,20,20,39,-0.037557935447647579,scrambled_array_coordinate
scrambled,30,20,39,-0.047300096461887153,scrambled_array_coordinate
scrambled,41,20,39,0.041691099897638681,scrambled_array_coordinate
scrambled,46,20,39,-0.074081133894102008,scrambled_array_coordinate
scrambled,1,21,39,0.039921685162230568,scrambled_array_coordinate
scrambled,6,21,39,-0.036489925966679534,scrambled_array_coordinate
scrambled,8,21,39,0.05078847469496766,scrambled_array_coordinate
scrambled,13,21,39,0.10085718983328064,scrambled_array_coordinate
scrambled,14,21,39,0.043003887978376565,scrambled_array_coordinate
scrambled,22,21,39,0.072541912931851762,scrambled_array_coordinate
scrambled,24,21,39,-0.041109514641152999,scrambled_array_coordinate
scrambled,25,21,39,0.036849645497619599,scrambled_array_coordinate
scrambled,27,21,39,-0.047881856153697985,scrambled_array_coordinate
scrambled,29,21,39,0.038861596738067203,scrambled_array_coordinate
scrambled,31,21,39,-0.040154052560701384,scrambled_array_coordinate
scrambled,41,21,39,0.074809352675403132,scrambled_array_coordinate
scrambled,43,21,39,-0.061958105623553729,scrambled_array_coordinate
scrambled,44,21,39,0.038047943270715048,scrambled_array_coordinate
scrambled,46,21,39,-0.061912697290348477,scrambled_array_coordinate
scrambled,41,22,39,0.053353394648535779,scrambled_array_coordinate
scrambled,46,22,39,-0.074060064157220926,scrambled_array_coordinate
scrambled,13,23,39,0.04061255808886563,scrambled_array_coordinate
scrambled,1,24,39,-0.037969777171670639,scrambled_array_coordinate
scrambled,6,24,39,0.040123578890459449,scrambled_array_coordinate
scrambled,13,24,39,-0.037113627713752179,scrambled_array_coordinate
scrambled,40,24,39,-0.03663485044926957,scrambled_array_coordinate
scrambled,41,24,39,-0.03923879776533036,scrambled_array_coordinate
scrambled,46,24,39,0.058580115855069781,scrambled_array_coordinate
scrambled,47,24,39,-0.036624473789548688,scrambled_array_coordinate
scrambled,0,26,39,0.044483115921344706,scrambled_array_coordinate
scrambled,15,26,39,0.036198652158532192,scrambled_array_coordinate
scrambled,35,26,39,-0.040529369273284301,scrambled_array_coordinate
scrambled,1,27,39,0.043850158387588413,scrambled_array_coordinate
scrambled,13,27,39,0.043510284217135251,scrambled_array_coordinate
scrambled,23,27,39,0.035768967256007443,scrambled_array_coordinate
scrambled,24,27,39,-0.035837934655921735,scrambled_array_coordinate
scrambled,26,27,39,-0.043424966151549532,scrambled_array_coordinate
scrambled,39,27,39,0.036035850491412648,scrambled_array_coordinate
scrambled,46,27,39,0.046612069742729988,scrambled_array_coordinate
scrambled,20,28,39,0.039151864890822591,scrambled_array_coordinate
scrambled,46,28,39,0.048067759016967491,scrambled_array_coordinate
scrambled,1,30,39,0.065488989673662096,scrambled_array_coordinate
scrambled,37,30,39,0.04686658810080474,scrambled_array_coordinate
scrambled,41,30,39,0.047558469198105219,scrambled_array_coordinate
scrambled,47,30,39,0.039250260939509417,scrambled_array_coordinate
scrambled,49,30,39,-0.038405004402704661,scrambled_array_coordinate
scrambled,0,31,39,0.054220200577756734,scrambled_array_coordinate
scrambled,11,31,39,-0.036960557886304674,scrambled_array_coordinate
scrambled,14,31,39,-0.043934438584189037,scrambled_array_coordinate
scrambled,15,31,39,0.04900194320004974,scrambled_array_coordinate
scrambled,28,31,39,0.040269988055196937,scrambled_array_coordinate
scrambled,33,31,39,0.04514134477865394,scrambled_array_coordinate
scrambled,35,31,39,-0.04538698253934427,scrambled_array_coordinate
scrambled,42,31,39,0.046751438970352062,scrambled_array_coordinate
scrambled,46,31,39,0.043090989740144046,scrambled_array_coordinate
scrambled,13,32,39,0.036851539535773081,scrambled_array_coordinate
scrambled,35,32,39,0.038116178321475361,scrambled_array_coordinate
scrambled,41,32,39,0.03709383556561259,scrambled_array_coordinate
scrambled,46,32,39,-0.046619547428046457,scrambled_array_coordinate
scrambled,20,33,39,0.042385824996794524,scrambled_array_coordinate
scrambled,46,33,39,0.044238948140208442,scrambled_array_coordinate
scrambled,1,34,39,-0.036210864083175191,scrambled_array_coordinate
scrambled,5,34,39,0.036268253993567055,scrambled_array_coordinate
scrambled,9,34,39,0.036587495235362498,scrambled_array_coordinate
scrambled,22,34,39,-0.056348524421258789,scrambled_array_coordinate
scrambled,27,34,39,0.061169940053415105,scrambled_array_coordinate
scrambled,29,34,39,-0.044090294015235065,scrambled_array_coordinate
scrambled,31,34,39,0.037015032544543573,scrambled_array_coordinate
scrambled,36,34,39,0.040702572726345525,scrambled_array_coordinate
scrambled,38,34,39,0.036870419517719306,scrambled_array_coordinate
scrambled,41,34,39,-0.054751614376551419,scrambled_array_coordinate
scrambled,46,34,39,0.083402408305806655,scrambled_array_coordinate
scrambled,46,35,39,0.038645283289946673,scrambled_array_coordinate
scrambled,20,37,39,0.039699969442121029,scrambled_array_coordinate
scrambled,46,37,39,0.076373449403108876,scrambled_array_coordinate
scrambled,46,38,39,0.046342392656611893,scrambled_array_coordinate
scrambled,1,39,39,0.052703554273356344,scrambled_array_coordinate
scrambled,2,39,39,0.062687692519676069,scrambled_array_coordinate
scrambled,7,39,39,-0.036554417765343426,scrambled_array_coordinate
scrambled,15,39,39,0.038281893311478757,scrambled_array_coordinate
scrambled,28,39,39,0.045341177769739401,scrambled_array_coordinate
scrambled,33,39,39,0.062409334555183944,scrambled_array_coordinate
scrambled,46,39,39,0.069051377626999061,scrambled_array_coordinate
scrambled,22,40,39,-0.049016648635549075,scrambled_array_coordinate
scrambled,46,42,39,-0.045923338012685874,scrambled_array_coordinate
scrambled,0,43,39,-0.045516701441535572,scrambled_array_coordinate
scrambled,2,43,39,0.043558841431131284,scrambled_array_coordinate
scrambled,11,43,39,-0.036806331741737169,scrambled_array_coordinate
scrambled,35,43,39,0.038126456941147142,scrambled_array_coordinate
scrambled,46,43,39,0.075563317443646236,scrambled_array_coordinate
scrambled,1,44,39,0.045210792825340185,scrambled_array_coordinate
scrambled,6,44,39,0.037963019498674873,scrambled_array_coordinate
scrambled,10,44,39,-0.042593498286181135,scrambled_array_coordinate
scrambled,11,44,39,-0.040909299596402812,scrambled_array_coordinate
scrambled,14,44,39,-0.0533832710145749,scrambled_array_coordinate
scrambled,15,44,39,0.058816745454060057,scrambled_array_coordinate
scrambled,22,44,39,-0.040194529042742129,scrambled_array_coordinate
scrambled,23,44,39,0.042621575821108655,scrambled_array_coordinate
scrambled,26,44,39,-0.038188142926036027,scrambled_array_coordinate
scrambled,27,44,39,0.042783177407767103,scrambled_array_coordinate
scrambled,28,44,39,0.042645542969001346,scrambled_array_coordinate
scrambled,29,44,39,-0.055025131515451811,scrambled_array_coordinate
scrambled,33,44,39,0.04719264831391249,scrambled_array_coordinate
scrambled,35,44,39,-0.045784965125163092,scrambled_array_coordinate
scrambled,41,44,39,-0.052694409619947556,scrambled_array_coordinate
scrambled,42,44,39,0.049483772592172459,scrambled_array_coordinate
scrambled,46,44,39,0.091965966850907424,scrambled_array_coordinate
scrambled,1,45,39,-0.037576159691201969,scrambled_array_coordinate
scrambled,24,45,39,-0.042194319706013429,scrambled_array_coordinate
scrambled,40,45,39,0.038493593930247524,scrambled_array_coordinate
scrambled,46,45,39,0.059012337271549531,scrambled_array_coordinate
scrambled,49,45,39,0.047930351525037572,scrambled_array_coordinate
scrambled,2,46,39,0.040672139136093639,scrambled_array_coordinate
scrambled,46,46,39,0.049833629136517343,scrambled_array_coordinate
scrambled,6,48,39,-0.037259336750992716,scrambled_array_coordinate
scrambled,10,48,39,0.042125156996809097,scrambled_array_coordinate
scrambled,15,48,39,-0.038911418006602749,scrambled_array_coordinate
scrambled,2,49,39,0.039521843854068574,scrambled_array_coordinate
scrambled,46,49,39,0.038548241578548074,scrambled_array_coordinate
scrambled,9,1,40,-0.035829557657110586,scrambled_array_coordinate
scrambled,39,1,40,-0.043270559719697343,scrambled_array_coordinate
scrambled,40,1,40,0.046602505937074996,scrambled_array_coordinate
scrambled,39,2,40,-0.038220446289804665,scrambled_array_coordinate
scrambled,40,2,40,0.049596168010774364,scrambled_array_coordinate
scrambled,9,3,40,0.042199031596397263,scrambled_array_coordinate
scrambled,39,3,40,0.04544870367262889,scrambled_array_coordinate
scrambled,40,3,40,-0.057504660464056764,scrambled_array_coordinate
scrambled,40,4,40,-0.040682411815307247,scrambled_array_coordinate
scrambled,3,6,40,0.036910281836471735,scrambled_array_coordinate
scrambled,20,6,40,0.042506122960945691,scrambled_array_coordinate
scrambled,30,6,40,0.036310537851480147,scrambled_array_coordinate
scrambled,46,10,40,0.036531593674362539,scrambled_array_coordinate
scrambled,0,13,40,0.038529411198180978,scrambled_array_coordinate
scrambled,46,13,40,-0.03661981128413537,scrambled_array_coordinate
scrambled,10,14,40,0.051916167152568166,scrambled_array_coordinate
scrambled,20,16,40,0.047625124954104418,scrambled_array_coordinate
scrambled,22,16,40,-0.040413233474144453,scrambled_array_coordinate
scrambled,30,16,40,0.035981040247149237,scrambled_array_coordinate
scrambled,4,18,40,-0.038960417854155528,scrambled_array_coordinate
scrambled,6,18,40,0.036393072419017479,scrambled_array_coordinate
scrambled,11,18,40,-0.041494195835289495,scrambled_array_coordinate
scrambled,20,18,40,-0.045680779640644209,scrambled_array_coordinate
scrambled,38,18,40,-0.063677226399554518,scrambled_array_coordinate
scrambled,47,18,40,0.047188981256550411,scrambled_array_coordinate
scrambled,30,20,40,0.042336461720837909,scrambled_array_coordinate
scrambled,9,23,40,-0.039416799433932392,scrambled_array_coordinate
scrambled,40,23,40,0.049853174765146023,scrambled_array_coordinate
scrambled,6,24,40,-0.03719345320164176,scrambled_array_coordinate
scrambled,38,24,40,0.038088823621509851,scrambled_array_coordinate
scrambled,30,26,40,0.037749943165154259,scrambled_array_coordinate
scrambled,49,26,40,-0.04642001455596622,scrambled_array_coordinate
scrambled,18,30,40,-0.042779305227854669,scrambled_array_coordinate
scrambled,20,34,40,0.041106247664422481,scrambled_array_coordinate
scrambled,3,36,40,-0.044447776609420064,scrambled_array_coordinate
scrambled,20,36,40,-0.036564925526291488,scrambled_array_coordinate
scrambled,11,38,40,-0.04202659895679027,scrambled_array_coordinate
scrambled,40,38,40,-0.03590221246996856,scrambled_array_coordinate
scrambled,3,43,40,-0.039394821761352283,scrambled_array_coordinate
scrambled,27,47,40,-0.040419080612720967,scrambled_array_coordinate
scrambled,29,47,40,0.035778261370273783,scrambled_array_coordinate
scrambled,9,1,41,-0.037239213667130691,scrambled_array_coordinate
scrambled,13,1,41,0.044666047833701358,scrambled_array_coordinate
scrambled,33,1,41,-0.058198403157437358,scrambled_array_coordinate
scrambled,35,1,41,0.039214171252080057,scrambled_array_coordinate
scrambled,36,1,41,-0.053066048600667402,scrambled_array_coordinate
scrambled,40,1,41,0.042174360575503986,scrambled_array_coordinate
scrambled,41,1,41,0.083757413315557486,scrambled_array_coordinate
scrambled,43,1,41,-0.051133498829079527,scrambled_array_coordinate
scrambled,46,1,41,-0.059767575980794629,scrambled_array_coordinate
scrambled,14,2,41,-0.037270060879952611,scrambled_array_coordinate
scrambled,35,2,41,-0.03839143865211625,scrambled_array_coordinate
scrambled,41,2,41,-0.057258018608145354,scrambled_array_coordinate
scrambled,43,2,41,0.038176611835567455,scrambled_array_coordinate
scrambled,46,2,41,0.045560707183198865,scrambled_array_coordinate
scrambled,8,3,41,0.036729618104206344,scrambled_array_coordinate
scrambled,13,3,41,0.037443968996640237,scrambled_array_coordinate
scrambled,33,3,41,-0.053497512059089453,scrambled_array_coordinate
scrambled,40,3,41,-0.045894205923729503,scrambled_array_coordinate
scrambled,2,4,41,-0.037709699780775249,scrambled_array_coordinate
scrambled,14,4,41,0.039975146219397698,scrambled_array_coordinate
scrambled,22,4,41,0.056404584997383926,scrambled_array_coordinate
scrambled,24,4,41,0.036607429878070828,scrambled_array_coordinate
scrambled,29,4,41,0.049854734430812668,scrambled_array_coordinate
scrambled,33,4,41,-0.035936671641087679,scrambled_array_coordinate
scrambled,40,4,41,-0.036638310219750565,scrambled_array_coordinate
scrambled,41,4,41,0.047011384527031554,scrambled_array_coordinate
scrambled,46,4,41,-0.10292298296109245,scrambled_array_coordinate
scrambled,49,4,41,-0.038836375772121068,scrambled_array_coordinate
scrambled,1,6,41,-0.04422882231690077,scrambled_array_coordinate
scrambled,26,6,41,0.039267860933728228,scrambled_array_coordinate
scrambled,33,6,41,-0.043936868111758065,scrambled_array_coordinate
scrambled,1,7,41,0.052756131987716302,scrambled_array_coordinate
scrambled,12,7,41,0.038139742946993814,scrambled_array_coordinate
scrambled,22,7,41,-0.037424661545250572,scrambled_array_coordinate
scrambled,25,7,41,0.044006542862032698,scrambled_array_coordinate
scrambled,33,7,41,0.051819184284629845,scrambled_array_coordinate
scrambled,41,7,41,-0.036023709499433676,scrambled_array_coordinate
scrambled,5,8,41,-0.036330268809522136,scrambled_array_coordinate
scrambled,7,8,41,0.046685025081134458,scrambled_array_coordinate
scrambled,11,8,41,0.052908609965035602,scrambled_array_coordinate
scrambled,12,8,41,-0.04589621276848236,scrambled_array_coordinate
scrambled,14,8,41,0.059405614987223618,scrambled_array_coordinate
scrambled,20,8,41,-0.050862459338820304,scrambled_array_coordinate
scrambled,22,8,41,0.073965206723885971,scrambled_array_coordinate
scrambled,24,8,41,0.048496388724448961,scrambled_array_coordinate
scrambled,25,8,41,-0.035787166272320023,scrambled_array_coordinate
scrambled,29,8,41,0.045091633045601071,scrambled_array_coordinate
scrambled,30,8,41,-0.049271528930388359,scrambled_array_coordinate
scrambled,32,8,41,0.036531551583825504,scrambled_array_coordinate
scrambled,33,8,41,-0.044830637764560914,scrambled_array_coordinate
scrambled,34,8,41,-0.037478682587686378,scrambled_array_coordinate
scrambled,35,8,41,0.040617470352803893,scrambled_array_coordinate
scrambled,36,8,41,-0.041117912846411954,scrambled_array_coordinate
scrambled,41,8,41,0.1061203488442295,scrambled_array_coordinate
scrambled,46,8,41,-0.13264854161522449,scrambled_array_coordinate
scrambled,49,8,41,-0.052743918784241575,scrambled_array_coordinate
scrambled,11,9,41,0.045949074006799269,scrambled_array_coordinate
scrambled,31,9,41,-0.036590063239692952,scrambled_array_coordinate
scrambled,46,9,41,-0.057761461402777367,scrambled_array_coordinate
scrambled,1,10,41,0.059509894409405968,scrambled_array_coordinate
scrambled,13,10,41,-0.039473243212824242,scrambled_array_coordinate
scrambled,23,10,41,0.036848234890176003,scrambled_array_coordinate
scrambled,33,10,41,0.053982413875927462,scrambled_array_coordinate
scrambled,34,10,41,0.043590390515260112,scrambled_array_coordinate
scrambled,43,10,41,0.046070235786497861,scrambled_array_coordinate
scrambled,5,11,41,-0.043487912493423604,scrambled_array_coordinate
scrambled,10,11,41,0.041542863732304744,scrambled_array_coordinate
scrambled,27,11,41,-0.038120104909945822,scrambled_array_coordinate
scrambled,35,11,41,0.045562552737420825,scrambled_array_coordinate
scrambled,36,11,41,-0.040170444915940864,scrambled_array_coordinate
scrambled,40,11,41,0.052994134137516913,scrambled_array_coordinate
scrambled,41,11,41,0.080479945971253297,scrambled_array_coordinate
scrambled,43,11,41,-0.053573040647452976,scrambled_array_coordinate
scrambled,46,11,41,-0.03955203701535856,scrambled_array_coordinate
scrambled,22,12,41,-0.038488758838067072,scrambled_array_coordinate
scrambled,31,12,41,0.045702361561433452,scrambled_array_coordinate
scrambled,46,12,41,0.053998132391561253,scrambled_array_coordinate
scrambled,1,13,41,-0.037230221841595121,scrambled_array_coordinate
scrambled,24,13,41,-0.040691013319626199,scrambled_array_coordinate
scrambled,40,13,41,0.043342449930562015,scrambled_array_coordinate
scrambled,43,13,41,-0.039763259127029008,scrambled_array_coordinate
scrambled,46,13,41,0.043368213878395782,scrambled_array_coordinate
scrambled,1,16,41,-0.037473756022469377,scrambled_array_coordinate
scrambled,3,16,41,0.040535123530417397,scrambled_array_coordinate
scrambled,25,16,41,-0.049159902550918226,scrambled_array_coordinate
scrambled,1,17,41,-0.045525205499599229,scrambled_array_coordinate
scrambled,4,17,41,0.038974891360477965,scrambled_array_coordinate
scrambled,5,17,41,-0.039206302258723395,scrambled_array_coordinate
scrambled,10,17,41,0.04122084388336663,scrambled_array_coordinate
scrambled,12,17,41,-0.040089128198196433,scrambled_array_coordinate
scrambled,13,17,41,0.048478021261848303,scrambled_array_coordinate
scrambled,21,17,41,-0.039787292179854328,scrambled_array_coordinate
scrambled,24,17,41,-0.042696918702728959,scrambled_array_coordinate
scrambled,33,17,41,-0.060182456280057785,scrambled_array_coordinate
scrambled,35,17,41,0.046214070174496483,scrambled_array_coordinate
scrambled,41,17,41,0.083139120527919844,scrambled_array_coordinate
scrambled,43,17,41,-0.061736145508494607,scrambled_array_coordinate
scrambled,46,17,41,-0.038684466603426039,scrambled_array_coordinate
scrambled,23,18,41,-0.042664063653106481,scrambled_array_coordinate
scrambled,25,18,41,-0.037582965956875054,scrambled_array_coordinate
scrambled,26,18,41,0.041768607909982422,scrambled_array_coordinate
scrambled,33,18,41,-0.04393777717940741,scrambled_array_coordinate
scrambled,36,18,41,-0.04663714956247287,scrambled_array_coordinate
scrambled,41,18,41,0.04006031125195883,scrambled_array_coordinate
scrambled,27,19,41,0.045232265554647419,scrambled_array_coordinate
scrambled,31,19,41,0.036835062582864682,scrambled_array_coordinate
scrambled,33,19,41,0.036373149716766327,scrambled_array_coordinate
scrambled,41,19,41,-0.03605978213240655,scrambled_array_coordinate
scrambled,46,19,41,0.042931901884316247,scrambled_array_coordinate
scrambled,25,20,41,-0.036200812490774836,scrambled_array_coordinate
scrambled,4,21,41,0.049197673039288486,scrambled_array_coordinate
scrambled,5,21,41,-0.051007781629765755,scrambled_array_coordinate
scrambled,9,21,41,-0.036228955256052062,scrambled_array_coordinate
scrambled,12,21,41,-0.042175906516897406,scrambled_array_coordinate
scrambled,14,21,41,0.050274893965380082,scrambled_array_coordinate
scrambled,22,21,41,0.044824337980987804,scrambled_array_coordinate
scrambled,25,21,41,-0.045718065833015707,scrambled_array_coordinate
scrambled,33,21,41,-0.046515323069408913,scrambled_array_coordinate
scrambled,35,21,41,0.058558826444558988,scrambled_array_coordinate
scrambled,36,21,41,-0.050243987978349412,scrambled_array_coordinate
scrambled,40,21,41,0.043231346087699768,scrambled_array_coordinate
scrambled,41,21,41,0.12851704996495694,scrambled_array_coordinate
scrambled,43,21,41,-0.043686272944379302,scrambled_array_coordinate
scrambled,46,21,41,-0.079220231126048701,scrambled_array_coordinate
scrambled,49,21,41,-0.038246035093087778,scrambled_array_coordinate
scrambled,41,22,41,0.039286625018800779,scrambled_array_coordinate
scrambled,46,22,41,-0.068357355657651095,scrambled_array_coordinate
scrambled,22,23,41,0.038538782561810772,scrambled_array_coordinate
scrambled,24,23,41,0.046881998418594341,scrambled_array_coordinate
scrambled,46,23,41,-0.048351073008210274,scrambled_array_coordinate
scrambled,23,24,41,0.039056216309496537,scrambled_array_coordinate
scrambled,24,24,41,-0.046476837798764048,scrambled_array_coordinate
scrambled,46,28,41,-0.036167607649413472,scrambled_array_coordinate
scrambled,5,31,41,0.044161639378820436,scrambled_array_coordinate
scrambled,13,31,41,-0.041086752724692907,scrambled_array_coordinate
scrambled,19,31,41,-0.037673931538123789,scrambled_array_coordinate
scrambled,22,31,41,-0.04557468008790376,scrambled_array_coordinate
scrambled,27,31,41,0.052585139501126983,scrambled_array_coordinate
scrambled,31,31,41,0.052817533900744777,scrambled_array_coordinate
scrambled,33,31,41,0.050683693912241097,scrambled_array_coordinate
scrambled,35,31,41,-0.035910771896051942,scrambled_array_coordinate
scrambled,36,31,41,0.045843007141633349,scrambled_array_coordinate
scrambled,41,31,41,-0.065197774796364502,scrambled_array_coordinate
scrambled,43,31,41,0.053016703483492904,scrambled_array_coordinate
scrambled,46,31,41,0.06390537443521542,scrambled_array_coordinate
scrambled,22,32,41,0.043241684426031171,scrambled_array_coordinate
scrambled,41,33,41,-0.043516962569349039,scrambled_array_coordinate
scrambled,46,33,41,0.04043924326815504,scrambled_array_coordinate
scrambled,11,34,41,-0.03690310112616537,scrambled_array_coordinate
scrambled,20,34,41,0.046810939251656782,scrambled_array_coordinate
scrambled,36,34,41,0.038834244216516288,scrambled_array_coordinate
scrambled,41,34,41,-0.05138559579635911,scrambled_array_coordinate
scrambled,46,34,41,0.064890234106915787,scrambled_array_coordinate
scrambled,27,35,41,0.041382962211482188,scrambled_array_coordinate
scrambled,46,35,41,0.036364196684307196,scrambled_array_coordinate
scrambled,0,36,41,-0.043060348893605584,scrambled_array_coordinate
scrambled,1,36,41,-0.038339228194525503,scrambled_array_coordinate
scrambled,11,36,41,-0.042956045900812,scrambled_array_coordinate
scrambled,14,36,41,-0.049129227634130586,scrambled_array_coordinate
scrambled,22,36,41,-0.052523250658237527,scrambled_array_coordinate
scrambled,24,36,41,-0.056533651989975842,scrambled_array_coordinate
scrambled,27,36,41,0.03779029055447794,scrambled_array_coordinate
scrambled,29,36,41,-0.041931054981731573,scrambled_array_coordinate
scrambled,31,36,41,0.043380328110412966,scrambled_array_coordinate
scrambled,36,36,41,0.061934521765839502,scrambled_array_coordinate
scrambled,41,36,41,-0.087830929736815444,scrambled_array_coordinate
scrambled,46,36,41,0.14064515601591773,scrambled_array_coordinate
scrambled,49,36,41,0.056224966603138742,scrambled_array_coordinate
scrambled,27,37,41,0.037311564352174212,scrambled_array_coordinate
scrambled,11,38,41,-0.043293934271135155,scrambled_array_coordinate
scrambled,46,38,41,0.038209056907466697,scrambled_array_coordinate
scrambled,5,39,41,0.039674076659852169,scrambled_array_coordinate
scrambled,10,39,41,-0.051087941269293925,scrambled_array_coordinate
scrambled,11,39,41,-0.042212043282661219,scrambled_array_coordinate
scrambled,12,39,41,0.049847942819612259,scrambled_array_coordinate
scrambled,14,39,41,-0.060637906879061731,scrambled_array_coordinate
scrambled,15,39,41,0.0369796269201089,scrambled_array_coordinate
scrambled,20,39,41,0.055310813732598101,scrambled_array_coordinate
scrambled,21,39,41,0.039936750318045965,scrambled_array_coordinate
scrambled,22,39,41,-0.051464490505081915,scrambled_array_coordinate
scrambled,27,39,41,0.040666099108315416,scrambled_array_coordinate
scrambled,29,39,41,-0.046428954419240422,scrambled_array_coordinate
scrambled,31,39,41,0.04208868697518426,scrambled_array_coordinate
scrambled,33,39,41,0.054337215963784304,scrambled_array_coordinate
scrambled,35,39,41,-0.048907022737148961,scrambled_array_coordinate
scrambled,36,39,41,0.076058560542298981,scrambled_array_coordinate
scrambled,41,39,41,-0.12174346648543206,scrambled_array_coordinate
scrambled,43,39,41,0.072585450225109288,scrambled_array_coordinate
scrambled,46,39,41,0.13132425766252659,scrambled_array_coordinate
scrambled,5,40,41,0.036444038446392539,scrambled_array_coordinate
scrambled,35,40,41,-0.047255019492521637,scrambled_array_coordinate
scrambled,40,40,41,-0.058917570930232796,scrambled_array_coordinate
scrambled,41,40,41,-0.075823313273270437,scrambled_array_coordinate
scrambled,43,40,41,0.045183683038069529,scrambled_array_coordinate
scrambled,2,41,41,-0.037819283448265906,scrambled_array_coordinate
scrambled,4,41,41,0.035830398685970863,scrambled_array_coordinate
scrambled,6,41,41,0.044492927610675477,scrambled_array_coordinate
scrambled,22,41,41,0.044793921240264573,scrambled_array_coordinate
scrambled,41,41,41,0.042033576955596348,scrambled_array_coordinate
scrambled,6,42,41,-0.040431120366502316,scrambled_array_coordinate
scrambled,10,42,41,0.049308137170031928,scrambled_array_coordinate
scrambled,46,42,41,-0.036178124479772859,scrambled_array_coordinate
scrambled,49,42,41,-0.037363958710908009,scrambled_array_coordinate
scrambled,1,43,41,-0.040015309337743249,scrambled_array_coordinate
scrambled,11,43,41,0.036600415731596676,scrambled_array_coordinate
scrambled,25,43,41,-0.042894363539302233,scrambled_array_coordinate
scrambled,12,44,41,0.039401955111849372,scrambled_array_coordinate
scrambled,14,44,41,-0.037698145494276893,scrambled_array_coordinate
scrambled,20,44,41,0.057726710968980889,scrambled_array_coordinate
scrambled,22,44,41,-0.059652050873524223,scrambled_array_coordinate
scrambled,30,44,41,0.036365175703877026,scrambled_array_coordinate
scrambled,31,44,41,0.041504922573651674,scrambled_array_coordinate
scrambled,33,44,41,0.062388663612389886,scrambled_array_coordinate
scrambled,35,44,41,-0.037316529745384755,scrambled_array_coordinate
scrambled,36,44,41,0.054580372285211912,scrambled_array_coordinate
scrambled,41,44,41,-0.085819102061015298,scrambled_array_coordinate
scrambled,43,44,41,0.046949078607600191,scrambled_array_coordinate
scrambled,46,44,41,0.087452357220375934,scrambled_array_coordinate
scrambled,49,44,41,0.03956386086783116,scrambled_array_coordinate
scrambled,41,46,41,-0.058031050963619699,scrambled_array_coordinate
scrambled,43,46,41,0.03854187783772417,scrambled_array_coordinate
scrambled,46,46,41,0.041486846060710507,scrambled_array_coordinate
scrambled,10,47,41,0.036162439351330233,scrambled_array_coordinate
scrambled,41,47,41,0.046052745461306714,scrambled_array_coordinate
scrambled,43,47,41,-0.037866721426739684,scrambled_array_coordinate
scrambled,10,49,41,-0.036801694123911523,scrambled_array_coordinate
scrambled,41,49,41,-0.036398150198102781,scrambled_array_coordinate
scrambled,43,49,41,0.039600880704341701,scrambled_array_coordinate
scrambled,11,0,42,-0.045422611761860798,scrambled_array_coordinate
scrambled,22,0,42,-0.046255465351342749,scrambled_array_coordinate
scrambled,25,0,42,0.051578007155574576,scrambled_array_coordinate
scrambled,27,0,42,0.035953183104249428,scrambled_array_coordinate
scrambled,22,1,42,0.037150951864961437,scrambled_array_coordinate
scrambled,29,1,42,0.046367121097235238,scrambled_array_coordinate
scrambled,40,1,42,-0.038281556952138293,scrambled_array_coordinate
scrambled,49,1,42,0.043102306942574997,scrambled_array_coordinate
scrambled,22,3,42,-0.044880157886172521,scrambled_array_coordinate
scrambled,29,3,42,-0.044344701651577112,scrambled_array_coordinate
scrambled,40,3,42,0.052522569749960668,scrambled_array_coordinate
scrambled,49,3,42,-0.037176945486647295,scrambled_array_coordinate
scrambled,2,4,42,0.042875764337615106,scrambled_array_coordinate
scrambled,40,4,42,0.038417588758790873,scrambled_array_coordinate
scrambled,11,5,42,0.036897195120220855,scrambled_array_coordinate
scrambled,10,6,42,0.040339284536698342,scrambled_array_coordinate
scrambled,25,8,42,-0.037286740124990288,scrambled_array_coordinate
scrambled,24,11,42,0.038221088138652409,scrambled_array_coordinate
scrambled,26,11,42,0.04488883299377068,scrambled_array_coordinate
scrambled,29,11,42,0.042587088988989545,scrambled_array_coordinate
scrambled,40,11,42,-0.048459104876565406,scrambled_array_coordinate
scrambled,40,12,42,-0.037518224203275545,scrambled_array_coordinate
scrambled,22,13,42,0.055291284490947806,scrambled_array_coordinate
scrambled,40,13,42,-0.049163550635230112,scrambled_array_coordinate
scrambled,41,13,42,-0.040908287622747584,scrambled_array_coordinate
scrambled,4,14,42,-0.036008407409140068,scrambled_array_coordinate
scrambled,27,14,42,0.035811367280082461,scrambled_array_coordinate
scrambled,38,14,42,-0.037165741812912524,scrambled_array_coordinate
scrambled,47,14,42,0.040161818128533894,scrambled_array_coordinate
scrambled,20,15,42,-0.041512186778718631,scrambled_array_coordinate
scrambled,22,15,42,0.037612122100076702,scrambled_array_coordinate
scrambled,46,15,42,0.040475606350571174,scrambled_array_coordinate
scrambled,13,16,42,-0.038845818310629658,scrambled_array_coordinate
scrambled,20,16,42,-0.047042025000649246,scrambled_array_coordinate
scrambled,25,16,42,-0.044108197408915924,scrambled_array_coordinate
scrambled,10,17,42,-0.044017404241816556,scrambled_array_coordinate
scrambled,4,18,42,0.046301594550324537,scrambled_array_coordinate
scrambled,9,18,42,-0.043298938148562047,scrambled_array_coordinate
scrambled,10,18,42,0.047135522810354671,scrambled_array_coordinate
scrambled,11,18,42,0.037400518391570672,scrambled_array_coordinate
scrambled,18,18,42,0.048390496988923316,scrambled_array_coordinate
scrambled,22,18,42,-0.037529780383279525,scrambled_array_coordinate
scrambled,30,18,42,0.03843044079181452,scrambled_array_coordinate
scrambled,38,18,42,0.040388333420185718,scrambled_array_coordinate
scrambled,42,18,42,0.040186534859284709,scrambled_array_coordinate
scrambled,47,18,42,-0.043798145982901736,scrambled_array_coordinate
scrambled,10,23,42,0.048801972620242468,scrambled_array_coordinate
scrambled,11,24,42,0.041924196412546667,scrambled_array_coordinate
scrambled,20,24,42,-0.039352172910856867,scrambled_array_coordinate
scrambled,22,24,42,0.068454335004212899,scrambled_array_coordinate
scrambled,4,25,42,-0.046675045765454698,scrambled_array_coordinate
scrambled,11,25,42,-0.049487386319494883,scrambled_array_coordinate
scrambled,47,25,42,0.038307336791595051,scrambled_array_coordinate
scrambled,11,26,42,-0.036548507507112943,scrambled_array_coordinate
scrambled,47,26,42,0.04255141101548067,scrambled_array_coordinate
scrambled,40,27,42,0.040569731577668987,scrambled_array_coordinate
scrambled,10,29,42,-0.038974960204725517,scrambled_array_coordinate
scrambled,4,31,42,0.038746606973201758,scrambled_array_coordinate
scrambled,10,31,42,0.043514962330071301,scrambled_array_coordinate
scrambled,40,32,42,0.042062757494502619,scrambled_array_coordinate
scrambled,43,32,42,-0.038375397249764777,scrambled_array_coordinate
scrambled,10,36,42,-0.036217826378435868,scrambled_array_coordinate
scrambled,22,36,42,-0.037906073494368725,scrambled_array_coordinate
scrambled,29,36,42,-0.046624301900249118,scrambled_array_coordinate
scrambled,30,36,42,0.036203936265155591,scrambled_array_coordinate
scrambled,38,36,42,0.037785497489156994,scrambled_array_coordinate
scrambled,47,36,42,-0.044372705026490281,scrambled_array_coordinate
scrambled,11,40,42,-0.040763976003373857,scrambled_array_coordinate
scrambled,22,40,42,-0.038410996567938088,scrambled_array_coordinate
scrambled,40,40,42,0.036065951687706779,scrambled_array_coordinate
scrambled,1,41,42,0.068302811252048498,scrambled_array_coordinate
scrambled,25,41,42,0.039573505564202471,scrambled_array_coordinate
scrambled,28,41,42,0.038356158749779129,scrambled_array_coordinate
scrambled,29,41,42,-0.042776204716578808,scrambled_array_coordinate
scrambled,48,41,42,0.0358034925930504,scrambled_array_coordinate
scrambled,4,42,42,-0.037394831666648171,scrambled_array_coordinate
scrambled,20,43,42,-0.03678555809892442,scrambled_array_coordinate
scrambled,29,43,42,-0.04854562165284642,scrambled_array_coordinate
scrambled,40,43,42,0.046118700342621957,scrambled_array_coordinate
scrambled,49,43,42,-0.04684503353859059,scrambled_array_coordinate
scrambled,11,44,42,-0.055858151991430682,scrambled_array_coordinate
scrambled,38,44,42,-0.038049929169738921,scrambled_array_coordinate
scrambled,47,44,42,0.039393132190524462,scrambled_array_coordinate
scrambled,5,47,42,0.039738687431463332,scrambled_array_coordinate
scrambled,7,47,42,0.041626254445202106,scrambled_array_coordinate
scrambled,10,47,42,-0.042122714326423033,scrambled_array_coordinate
scrambled,11,47,42,0.039503120339825309,scrambled_array_coordinate
scrambled,24,47,42,0.045310620522324735,scrambled_array_coordinate
scrambled,39,47,42,-0.059306413025093707,scrambled_array_coordinate
scrambled,44,47,42,-0.040862336172282958,scrambled_array_coordinate
scrambled,3,1,43,-0.038282393381956457,scrambled_array_coordinate
scrambled,36,1,43,-0.037537136719060948,scrambled_array_coordinate
scrambled,3,4,43,0.036237769329510623,scrambled_array_coordinate
scrambled,40,6,43,-0.036511210678546312,scrambled_array_coordinate
scrambled,3,8,43,0.040607682557602727,scrambled_array_coordinate
scrambled,15,8,43,0.043505188667397408,scrambled_array_coordinate
scrambled,17,8,43,-0.047025139492641505,scrambled_array_coordinate
scrambled,21,8,43,0.043679318077169869,scrambled_array_coordinate
scrambled,22,8,43,0.051324915280724137,scrambled_array_coordinate
scrambled,25,8,43,-0.051966427978578249,scrambled_array_coordinate
scrambled,30,8,43,-0.041462438493683661,scrambled_array_coordinate
scrambled,41,8,43,0.051548592173003088,scrambled_array_coordinate
scrambled,44,8,43,0.044446944285145278,scrambled_array_coordinate
scrambled,3,9,43,-0.048519983028155508,scrambled_array_coordinate
scrambled,21,9,43,-0.043416670920523516,scrambled_array_coordinate
scrambled,25,9,43,0.050660982778065487,scrambled_array_coordinate
scrambled,31,9,43,-0.038729778786879367,scrambled_array_coordinate
scrambled,44,9,43,-0.036655139866431465,scrambled_array_coordinate
scrambled,1,10,43,0.035847166328138419,scrambled_array_coordinate
scrambled,3,12,43,0.044504982188997691,scrambled_array_coordinate
scrambled,19,12,43,-0.043552686404682885,scrambled_array_coordinate
scrambled,21,12,43,0.037569903568405928,scrambled_array_coordinate
scrambled,25,12,43,-0.036557083870449709,scrambled_array_coordinate
scrambled,31,12,43,0.045235266277433371,scrambled_array_coordinate
scrambled,41,12,43,0.035958658185237136,scrambled_array_coordinate
scrambled,25,16,43,-0.043699589564810806,scrambled_array_coordinate
scrambled,25,20,43,-0.041848874866946717,scrambled_array_coordinate
scrambled,3,21,43,0.055310571928037948,scrambled_array_coordinate
scrambled,17,21,43,-0.048274919257757717,scrambled_array_coordinate
scrambled,19,21,43,-0.047115999171219468,scrambled_array_coordinate
scrambled,21,21,43,0.052888881081891485,scrambled_array_coordinate
scrambled,22,21,43,0.051801272510810473,scrambled_array_coordinate
scrambled,25,21,43,-0.088979646225101475,scrambled_array_coordinate
scrambled,31,21,43,0.054376443832244742,scrambled_array_coordinate
scrambled,41,21,43,0.079739940844451213,scrambled_array_coordinate
scrambled,44,21,43,0.046637954214217882,scrambled_array_coordinate
scrambled,24,23,43,0.038507831041580322,scrambled_array_coordinate
scrambled,13,24,43,-0.036561300622998914,scrambled_array_coordinate
scrambled,21,24,43,-0.035760977345311813,scrambled_array_coordinate
scrambled,30,24,43,0.052533152843031818,scrambled_array_coordinate
scrambled,41,26,43,0.036510770930534397,scrambled_array_coordinate
scrambled,25,29,43,0.036507135000868808,scrambled_array_coordinate
scrambled,3,30,43,0.038611819868774509,scrambled_array_coordinate
scrambled,21,30,43,0.036758205658481542,scrambled_array_coordinate
scrambled,21,31,43,0.037105961671646516,scrambled_array_coordinate
scrambled,31,31,43,0.038203316022226833,scrambled_array_coordinate
scrambled,46,35,43,0.045836257390777894,scrambled_array_coordinate
scrambled,46,36,43,0.045369298376084076,scrambled_array_coordinate
scrambled,20,38,43,0.04314594829494587,scrambled_array_coordinate
scrambled,3,39,43,0.041115027191201955,scrambled_array_coordinate
scrambled,19,39,43,-0.038224027265654582,scrambled_array_coordinate
scrambled,31,39,43,0.038069931873282309,scrambled_array_coordinate
scrambled,46,39,43,0.052795311103386908,scrambled_array_coordinate
scrambled,22,40,43,-0.03876159719062116,scrambled_array_coordinate
scrambled,40,40,43,-0.039835754135797596,scrambled_array_coordinate
scrambled,41,40,43,-0.036142829813163392,scrambled_array_coordinate
scrambled,22,41,43,0.052793179675971608,scrambled_array_coordinate
scrambled,25,41,43,-0.037582200713318484,scrambled_array_coordinate
scrambled,41,41,43,0.039719872782840254,scrambled_array_coordinate
scrambled,10,42,43,0.038832814541737641,scrambled_array_coordinate
scrambled,13,42,43,-0.042920402938282406,scrambled_array_coordinate
scrambled,22,43,43,0.036806522337600601,scrambled_array_coordinate
scrambled,20,0,44,0.039662096242021654,scrambled_array_coordinate
scrambled,9,1,44,-0.039087657838691295,scrambled_array_coordinate
scrambled,41,1,44,0.036656364888752076,scrambled_array_coordinate
scrambled,45,1,44,0.038573521892225654,scrambled_array_coordinate
scrambled,47,1,44,-0.037858236259585863,scrambled_array_coordinate
scrambled,49,1,44,-0.037920751306548435,scrambled_array_coordinate
scrambled,0,2,44,-0.041106872196534777,scrambled_array_coordinate
scrambled,1,2,44,0.0387819208485791,scrambled_array_coordinate
scrambled,4,2,44,-0.041961910761573913,scrambled_array_coordinate
scrambled,7,2,44,0.036806836003431355,scrambled_array_coordinate
scrambled,11,2,44,0.038931352607593117,scrambled_array_coordinate
scrambled,13,2,44,-0.04701198896356696,scrambled_array_coordinate
scrambled,37,2,44,0.064732841093776597,scrambled_array_coordinate
scrambled,40,2,44,0.038046981253139149,scrambled_array_coordinate
scrambled,45,2,44,-0.044184944739089099,scrambled_array_coordinate
scrambled,11,3,44,-0.038816003613313832,scrambled_array_coordinate
scrambled,18,4,44,-0.058577603598930938,scrambled_array_coordinate
scrambled,20,4,44,-0.052417568403035644,scrambled_array_coordinate
scrambled,23,4,44,0.045076725794654153,scrambled_array_coordinate
scrambled,30,4,44,-0.043687391824966004,scrambled_array_coordinate
scrambled,41,4,44,0.040948558161543476,scrambled_array_coordinate
scrambled,43,4,44,-0.036842116649110135,scrambled_array_coordinate
scrambled,45,4,44,-0.038650434943352262,scrambled_array_coordinate
scrambled,46,4,44,-0.059825929703837814,scrambled_array_coordinate
scrambled,1,5,44,-0.039596991433104294,scrambled_array_coordinate
scrambled,3,5,44,0.037452019582280296,scrambled_array_coordinate
scrambled,0,6,44,0.036658146116830617,scrambled_array_coordinate
scrambled,41,6,44,0.036582222849787752,scrambled_array_coordinate
scrambled,43,6,44,-0.035893693574722746,scrambled_array_coordinate
scrambled,1,7,44,0.070012192241599255,scrambled_array_coordinate
scrambled,21,7,44,0.050169115819177046,scrambled_array_coordinate
scrambled,25,7,44,0.042658508764684279,scrambled_array_coordinate
scrambled,32,7,44,-0.041974453467610293,scrambled_array_coordinate
scrambled,1,8,44,-0.044138524078603594,scrambled_array_coordinate
scrambled,8,8,44,-0.041031821247074808,scrambled_array_coordinate
scrambled,11,8,44,0.043179232216125511,scrambled_array_coordinate
scrambled,20,8,44,-0.054989159018384803,scrambled_array_coordinate
scrambled,47,8,44,-0.038369961570810844,scrambled_array_coordinate
scrambled,1,9,44,0.048826416364406343,scrambled_array_coordinate
scrambled,9,9,44,-0.049204848473645445,scrambled_array_coordinate
scrambled,41,9,44,0.03800562057457136,scrambled_array_coordinate
scrambled,43,9,44,-0.036684181220681386,scrambled_array_coordinate
scrambled,49,9,44,-0.051416917936887491,scrambled_array_coordinate
scrambled,1,10,44,-0.056847964997132031,scrambled_array_coordinate
scrambled,5,10,44,0.054827133817286683,scrambled_array_coordinate
scrambled,6,10,44,0.048649294670767056,scrambled_array_coordinate
scrambled,7,10,44,-0.063441169945990361,scrambled_array_coordinate
scrambled,9,10,44,0.037301597942735569,scrambled_array_coordinate
scrambled,11,10,44,-0.047011037655305669,scrambled_array_coordinate
scrambled,12,10,44,0.036113928571539368,scrambled_array_coordinate
scrambled,19,10,44,-0.050618833270760603,scrambled_array_coordinate
scrambled,28,10,44,-0.037396455452011583,scrambled_array_coordinate
scrambled,29,10,44,-0.043728530715725925,scrambled_array_coordinate
scrambled,32,10,44,-0.039838928623408029,scrambled_array_coordinate
scrambled,34,10,44,0.046475592568772567,scrambled_array_coordinate
scrambled,37,10,44,-0.099373163877254242,scrambled_array_coordinate
scrambled,41,10,44,-0.066270079576955215,scrambled_array_coordinate
scrambled,43,10,44,0.037516700293213835,scrambled_array_coordinate
scrambled,45,10,44,0.048426925938853914,scrambled_array_coordinate
scrambled,46,10,44,0.11302777563488836,scrambled_array_coordinate
scrambled,47,10,44,-0.046475828223561534,scrambled_array_coordinate
scrambled,1,11,44,-0.046195353983675781,scrambled_array_coordinate
scrambled,18,11,44,0.046218678148208014,scrambled_array_coordinate
scrambled,32,11,44,0.041405376679513377,scrambled_array_coordinate
scrambled,39,11,44,-0.036410554962306114,scrambled_array_coordinate
scrambled,48,11,44,-0.044871058999125087,scrambled_array_coordinate
scrambled,1,12,44,0.037522810012023136,scrambled_array_coordinate
scrambled,7,12,44,0.044220969873725029,scrambled_array_coordinate
scrambled,11,12,44,0.066381188824767748,scrambled_array_coordinate
scrambled,18,12,44,-0.044659981184642275,scrambled_array_coordinate
scrambled,45,12,44,-0.040116554337546378,scrambled_array_coordinate
scrambled,46,12,44,-0.064484731501979753,scrambled_array_coordinate
scrambled,48,12,44,0.037201864541007414,scrambled_array_coordinate
scrambled,7,13,44,0.058240779004287313,scrambled_array_coordinate
scrambled,11,13,44,0.045795814996044668,scrambled_array_coordinate
scrambled,34,13,44,-0.036688945316111346,scrambled_array_coordinate
scrambled,37,13,44,0.063132883905803558,scrambled_array_coordinate
scrambled,37,14,44,-0.043361359267228956,scrambled_array_coordinate
scrambled,47,14,44,-0.036996840078582165,scrambled_array_coordinate
scrambled,4,15,44,-0.036750465653448215,scrambled_array_coordinate
scrambled,7,15,44,0.054645861472082141,scrambled_array_coordinate
scrambled,11,15,44,0.055038929231499244,scrambled_array_coordinate
scrambled,13,15,44,-0.041592667679034238,scrambled_array_coordinate
scrambled,37,15,44,0.056853675662894676,scrambled_array_coordinate
scrambled,42,15,44,-0.04088099297894552,scrambled_array_coordinate
scrambled,45,15,44,-0.036993412420385667,scrambled_array_coordinate
scrambled,46,15,44,-0.040620510526386031,scrambled_array_coordinate
scrambled,48,15,44,0.040799582217503155,scrambled_array_coordinate
scrambled,49,15,44,-0.045604172308703846,scrambled_array_coordinate
scrambled,1,16,44,-0.063699196220393328,scrambled_array_coordinate
scrambled,3,16,44,0.055349862097847188,scrambled_array_coordinate
scrambled,20,16,44,-0.05004921976162123,scrambled_array_coordinate
scrambled,21,16,44,-0.036684061314554407,scrambled_array_coordinate
scrambled,25,16,44,-0.043451455773453794,scrambled_array_coordinate
scrambled,28,16,44,0.042184024553025605,scrambled_array_coordinate
scrambled,29,16,44,-0.045583360343673926,scrambled_array_coordinate
scrambled,39,16,44,-0.040963923093116153,scrambled_array_coordinate
scrambled,47,16,44,-0.04036872319190167,scrambled_array_coordinate
scrambled,48,16,44,0.036293536717638644,scrambled_array_coordinate
scrambled,1,17,44,-0.044375818866380208,scrambled_array_coordinate
scrambled,2,17,44,-0.042818360651643732,scrambled_array_coordinate
scrambled,19,17,44,0.037450261175919451,scrambled_array_coordinate
scrambled,32,17,44,0.036151625887600992,scrambled_array_coordinate
scrambled,36,18,44,-0.048922790276584284,scrambled_array_coordinate
scrambled,37,18,44,0.041290352163964435,scrambled_array_coordinate
scrambled,38,18,44,-0.041779978704491759,scrambled_array_coordinate
scrambled,41,18,44,0.042568566173944902,scrambled_array_coordinate
scrambled,47,18,44,0.036855639406102703,scrambled_array_coordinate
scrambled,9,19,44,0.035827322090845576,scrambled_array_coordinate
scrambled,29,19,44,-0.044676282472925113,scrambled_array_coordinate
scrambled,41,19,44,-0.050341737123198858,scrambled_array_coordinate
scrambled,43,19,44,0.03871103867394713,scrambled_array_coordinate
scrambled,46,19,44,0.048063031910836884,scrambled_array_coordinate
scrambled,5,20,44,-0.038585709772895035,scrambled_array_coordinate
scrambled,7,20,44,0.051903255293371864,scrambled_array_coordinate
scrambled,11,20,44,0.054742790330175865,scrambled_array_coordinate
scrambled,28,20,44,0.040626980573088813,scrambled_array_coordinate
scrambled,37,20,44,0.049179853630232979,scrambled_array_coordinate
scrambled,45,20,44,-0.05747382920050699,scrambled_array_coordinate
scrambled,46,20,44,-0.08989121854382727,scrambled_array_coordinate
scrambled,1,21,44,-0.040851389093401518,scrambled_array_coordinate
scrambled,2,21,44,-0.051815668117454014,scrambled_array_coordinate
scrambled,3,21,44,-0.038873147737266585,scrambled_array_coordinate
scrambled,6,21,44,0.041476323465359205,scrambled_array_coordinate
scrambled,11,21,44,0.046660078925104369,scrambled_array_coordinate
scrambled,12,21,44,-0.038903634025877397,scrambled_array_coordinate
scrambled,19,21,44,0.038249309755501136,scrambled_array_coordinate
scrambled,27,21,44,0.038692271427577939,scrambled_array_coordinate
scrambled,30,21,44,0.041366665898668324,scrambled_array_coordinate
scrambled,40,21,44,-0.047631490202650929,scrambled_array_coordinate
scrambled,46,21,44,-0.071434889506323887,scrambled_array_coordinate
scrambled,1,23,44,-0.057697489126088103,scrambled_array_coordinate
scrambled,5,23,44,0.043832006458560356,scrambled_array_coordinate
scrambled,29,23,44,-0.050457698526103906,scrambled_array_coordinate
scrambled,37,23,44,-0.049915863261091813,scrambled_array_coordinate
scrambled,42,23,44,-0.05709580448993494,scrambled_array_coordinate
scrambled,45,23,44,0.053873804709346919,scrambled_array_coordinate
scrambled,46,23,44,0.058202244677708022,scrambled_array_coordinate
scrambled,47,23,44,-0.053174572533394249,scrambled_array_coordinate
scrambled,49,23,44,-0.042608223139010727,scrambled_array_coordinate
scrambled,5,24,44,0.068176241705934226,scrambled_array_coordinate
scrambled,10,24,44,-0.050705778046514084,scrambled_array_coordinate
scrambled,13,24,44,0.038855986164820465,scrambled_array_coordinate
scrambled,18,24,44,-0.040216160902779664,scrambled_array_coordinate
scrambled,32,24,44,-0.042874474284117274,scrambled_array_coordinate
scrambled,38,24,44,0.055525314236021091,scrambled_array_coordinate
scrambled,42,24,44,-0.042918513922026093,scrambled_array_coordinate
scrambled,46,24,44,0.0734597612265213,scrambled_array_coordinate
scrambled,47,24,44,-0.050655140130629335,scrambled_array_coordinate
scrambled,1,25,44,-0.043600462778520928,scrambled_array_coordinate
scrambled,3,25,44,0.040328547413792853,scrambled_array_coordinate
scrambled,18,25,44,0.059065885783399948,scrambled_array_coordinate
scrambled,0,26,44,0.038740006184815108,scrambled_array_coordinate
scrambled,22,26,44,-0.039488336015787683,scrambled_array_coordinate
scrambled,39,26,44,-0.038868879805694784,scrambled_array_coordinate
scrambled,0,27,44,-0.047327907428450722,scrambled_array_coordinate
scrambled,1,27,44,-0.048753773139705352,scrambled_array_coordinate
scrambled,1,28,44,-0.039052476119096818,scrambled_array_coordinate
scrambled,45,28,44,0.040325523633088008,scrambled_array_coordinate
scrambled,1,29,44,0.040313732678496535,scrambled_array_coordinate
scrambled,3,29,44,-0.03919875584870755,scrambled_array_coordinate
scrambled,39,29,44,0.043878525052661578,scrambled_array_coordinate
scrambled,0,30,44,-0.040519642776369005,scrambled_array_coordinate
scrambled,5,30,44,-0.056965795986487676,scrambled_array_coordinate
scrambled,7,30,44,0.053476883300838732,scrambled_array_coordinate
scrambled,9,30,44,0.051964219887974256,scrambled_array_coordinate
scrambled,13,30,44,-0.037346691907409899,scrambled_array_coordinate
scrambled,24,30,44,0.041328198307615555,scrambled_array_coordinate
scrambled,32,30,44,0.037039968068888034,scrambled_array_coordinate
scrambled,34,30,44,-0.055388110460237623,scrambled_array_coordinate
scrambled,37,30,44,0.052106139855598442,scrambled_array_coordinate
scrambled,40,30,44,-0.04126848621728578,scrambled_array_coordinate
scrambled,42,30,44,0.041550648271706368,scrambled_array_coordinate
scrambled,46,30,44,-0.054469690287149007,scrambled_array_coordinate
scrambled,47,30,44,0.054864810135648714,scrambled_array_coordinate
scrambled,49,30,44,0.039791664111219691,scrambled_array_coordinate
scrambled,22,31,44,-0.037810782175134179,scrambled_array_coordinate
scrambled,41,31,44,-0.050691444943721929,scrambled_array_coordinate
scrambled,46,33,44,0.038210759572275571,scrambled_array_coordinate
scrambled,7,36,44,0.046349958540881274,scrambled_array_coordinate
scrambled,11,36,44,0.037143762912861721,scrambled_array_coordinate
scrambled,22,36,44,0.036462091449958177,scrambled_array_coordinate
scrambled,37,36,44,0.036326705922733842,scrambled_array_coordinate
scrambled,45,36,44,-0.047055431194694554,scrambled_array_coordinate
scrambled,47,36,44,0.036059878089825727,scrambled_array_coordinate
scrambled,49,36,44,0.055710258161024977,scrambled_array_coordinate
scrambled,22,37,44,-0.044279316773522398,scrambled_array_coordinate
scrambled,27,37,44,0.049899578652182967,scrambled_array_coordinate
scrambled,3,39,44,-0.043007516936269891,scrambled_array_coordinate
scrambled,5,39,44,0.041682313330182859,scrambled_array_coordinate
scrambled,6,39,44,0.041752839457790888,scrambled_array_coordinate
scrambled,18,39,44,-0.043371897165463635,scrambled_array_coordinate
scrambled,22,39,44,-0.038668276396649201,scrambled_array_coordinate
scrambled,25,39,44,0.042980313729540698,scrambled_array_coordinate
scrambled,32,39,44,-0.042508677655875828,scrambled_array_coordinate
scrambled,38,39,44,0.03920343979228879,scrambled_array_coordinate
scrambled,46,39,44,0.040035184724711362,scrambled_array_coordinate
scrambled,48,39,44,0.044316916802576184,scrambled_array_coordinate
scrambled,3,40,44,0.051123475899441224,scrambled_array_coordinate
scrambled,10,40,44,0.042520356716148663,scrambled_array_coordinate
scrambled,11,40,44,-0.041122664516042177,scrambled_array_coordinate
scrambled,46,40,44,0.038996573113702554,scrambled_array_coordinate
scrambled,1,41,44,0.0827843098477761,scrambled_array_coordinate
scrambled,3,41,44,-0.099011331648151679,scrambled_array_coordinate
scrambled,6,41,44,0.061937374391227179,scrambled_array_coordinate
scrambled,9,41,44,-0.052409481152558841,scrambled_array_coordinate
scrambled,18,41,44,-0.064266819963734262,scrambled_array_coordinate
scrambled,20,41,44,0.047250008296666937,scrambled_array_coordinate
scrambled,25,41,44,0.055361820616048066,scrambled_array_coordinate
scrambled,31,41,44,-0.046498181257218753,scrambled_array_coordinate
scrambled,32,41,44,-0.058105756932820309,scrambled_array_coordinate
scrambled,34,41,44,0.052816187788266369,scrambled_array_coordinate
scrambled,39,41,44,0.059283795019121698,scrambled_array_coordinate
scrambled,41,41,44,0.051626677946371838,scrambled_array_coordinate
scrambled,42,41,44,-0.046281663158854597,scrambled_array_coordinate
scrambled,43,41,44,-0.054612506753254894,scrambled_array_coordinate
scrambled,3,42,44,0.066703616831601947,scrambled_array_coordinate
scrambled,5,42,44,-0.037079479069486873,scrambled_array_coordinate
scrambled,6,42,44,-0.056748206740681921,scrambled_array_coordinate
scrambled,10,42,44,0.042868914549689684,scrambled_array_coordinate
scrambled,18,42,44,0.054220721033103429,scrambled_array_coordinate
scrambled,39,42,44,-0.038603040009688887,scrambled_array_coordinate
scrambled,42,42,44,0.049190860448968463,scrambled_array_coordinate
scrambled,0,43,44,-0.061394383804088785,scrambled_array_coordinate
scrambled,2,43,44,0.039649899746318835,scrambled_array_coordinate
scrambled,5,43,44,-0.041788211238207161,scrambled_array_coordinate
scrambled,8,43,44,-0.039870536509002595,scrambled_array_coordinate
scrambled,20,43,44,-0.040334796899018255,scrambled_array_coordinate
scrambled,22,43,44,0.055453384664302413,scrambled_array_coordinate
scrambled,25,43,44,-0.046247903419061251,scrambled_array_coordinate
scrambled,34,43,44,-0.036020039512547092,scrambled_array_coordinate
scrambled,35,43,44,0.036136681206274501,scrambled_array_coordinate
scrambled,18,44,44,0.038561772392268524,scrambled_array_coordinate
scrambled,22,44,44,-0.046338098676855975,scrambled_array_coordinate
scrambled,41,44,44,-0.04322012324544558,scrambled_array_coordinate
scrambled,42,44,44,0.041202350071695204,scrambled_array_coordinate
scrambled,0,45,44,0.044080112793076102,scrambled_array_coordinate
scrambled,2,45,44,-0.039045211804320877,scrambled_array_coordinate
scrambled,3,45,44,-0.058167129102080918,scrambled_array_coordinate
scrambled,25,45,44,0.04484855855138084,scrambled_array_coordinate
scrambled,1,47,44,-0.037065879795826435,scrambled_array_coordinate
scrambled,6,47,44,0.041150393073710968,scrambled_array_coordinate
scrambled,22,47,44,0.03869862995203982,scrambled_array_coordinate
scrambled,37,47,44,-0.035869771491060201,scrambled_array_coordinate
scrambled,40,47,44,-0.040334119019785404,scrambled_array_coordinate
scrambled,46,47,44,0.044076017640189702,scrambled_array_coordinate
scrambled,10,0,45,-0.055228746916455157,scrambled_array_coordinate
scrambled,22,0,45,0.04295576940093853,scrambled_array_coordinate
scrambled,42,0,45,-0.039421606254830772,scrambled_array_coordinate
scrambled,46,0,45,-0.036255512037427905,scrambled_array_coordinate
scrambled,11,1,45,-0.042034011349324524,scrambled_array_coordinate
scrambled,23,1,45,0.042662930326151274,scrambled_array_coordinate
scrambled,38,1,45,-0.038742581728930164,scrambled_array_coordinate
scrambled,39,1,45,0.054424635732364439,scrambled_array_coordinate
scrambled,40,1,45,-0.041855415004731569,scrambled_array_coordinate
scrambled,46,1,45,0.039516834756720381,scrambled_array_coordinate
scrambled,47,1,45,0.04669509477811605,scrambled_array_coordinate
scrambled,22,2,45,0.037545731854607974,scrambled_array_coordinate
scrambled,27,2,45,-0.038136443787446885,scrambled_array_coordinate
scrambled,29,2,45,0.04789376574411211,scrambled_array_coordinate
scrambled,40,2,45,-0.043795258483461483,scrambled_array_coordinate
scrambled,5,3,45,0.037589084036707986,scrambled_array_coordinate
scrambled,7,3,45,0.0367924916132829,scrambled_array_coordinate
scrambled,10,3,45,-0.039590662496288689,scrambled_array_coordinate
scrambled,11,3,45,0.062730854890039406,scrambled_array_coordinate
scrambled,24,3,45,0.041222302143408995,scrambled_array_coordinate
scrambled,34,3,45,-0.037899768838659004,scrambled_array_coordinate
scrambled,39,3,45,-0.049150118661795604,scrambled_array_coordinate
scrambled,43,3,45,0.038758895427992067,scrambled_array_coordinate
scrambled,44,3,45,-0.036427434431075892,scrambled_array_coordinate
scrambled,30,4,45,0.038033210334004877,scrambled_array_coordinate
scrambled,39,4,45,-0.045196694623848441,scrambled_array_coordinate
scrambled,47,4,45,-0.037912200738012526,scrambled_array_coordinate
scrambled,11,6,45,0.03696290417615733,scrambled_array_coordinate
scrambled,14,6,45,-0.036607390280634249,scrambled_array_coordinate
scrambled,43,6,45,0.041471594125770769,scrambled_array_coordinate
scrambled,49,6,45,0.036726484289698817,scrambled_array_coordinate
scrambled,10,8,45,-0.039079514281600239,scrambled_array_coordinate
scrambled,20,8,45,0.040784866487363125,scrambled_array_coordinate
scrambled,27,8,45,0.050419156748395998,scrambled_array_coordinate
scrambled,31,8,45,0.046529899938692013,scrambled_array_coordinate
scrambled,46,8,45,0.054684156016078178,scrambled_array_coordinate
scrambled,40,9,45,-0.042260837954932171,scrambled_array_coordinate
scrambled,41,9,45,-0.041856157605215535,scrambled_array_coordinate
scrambled,49,9,45,0.038586729772645621,scrambled_array_coordinate
scrambled,20,10,45,0.038257336142126119,scrambled_array_coordinate
scrambled,22,10,45,-0.050310697542257157,scrambled_array_coordinate
scrambled,23,10,45,-0.040213188077123083,scrambled_array_coordinate
scrambled,38,10,45,0.040059966969697908,scrambled_array_coordinate
scrambled,46,10,45,0.050477957488201282,scrambled_array_coordinate
scrambled,24,11,45,-0.038103764072471763,scrambled_array_coordinate
scrambled,33,11,45,0.0474132130334406,scrambled_array_coordinate
scrambled,34,11,45,0.037339987888223847,scrambled_array_coordinate
scrambled,39,11,45,0.03745215687202421,scrambled_array_coordinate
scrambled,46,11,45,0.040740931121036571,scrambled_array_coordinate
scrambled,14,12,45,0.035846014674751479,scrambled_array_coordinate
scrambled,35,12,45,0.037568169414674307,scrambled_array_coordinate
scrambled,38,12,45,-0.038909895322709137,scrambled_array_coordinate
scrambled,40,12,45,0.03969624149332783,scrambled_array_coordinate
scrambled,41,12,45,0.065423304739949076,scrambled_array_coordinate
scrambled,44,12,45,0.038493091528965573,scrambled_array_coordinate
scrambled,3,13,45,-0.036903171245653191,scrambled_array_coordinate
scrambled,5,13,45,-0.047205246761274917,scrambled_array_coordinate
scrambled,7,13,45,-0.037740527913996756,scrambled_array_coordinate
scrambled,10,13,45,0.068909226889928926,scrambled_array_coordinate
scrambled,29,13,45,0.038851357707412694,scrambled_array_coordinate
scrambled,30,13,45,-0.044641177501726824,scrambled_array_coordinate
scrambled,35,13,45,0.040202053970632569,scrambled_array_coordinate
scrambled,41,13,45,0.044343444415475386,scrambled_array_coordinate
scrambled,42,13,45,0.045099366768239245,scrambled_array_coordinate
scrambled,10,14,45,-0.056610213193625997,scrambled_array_coordinate
scrambled,11,14,45,-0.036866016194742904,scrambled_array_coordinate
scrambled,18,14,45,-0.036768147838406241,scrambled_array_coordinate
scrambled,37,14,45,0.037126356344690851,scrambled_array_coordinate
scrambled,38,14,45,-0.043683667398520747,scrambled_array_coordinate
scrambled,30,15,45,-0.037079001750887547,scrambled_array_coordinate
scrambled,36,15,45,-0.036549723391656956,scrambled_array_coordinate
scrambled,47,15,45,0.037659380325934556,scrambled_array_coordinate
scrambled,49,15,45,0.039163721290645888,scrambled_array_coordinate
scrambled,6,16,45,0.042723210960309746,scrambled_array_coordinate
scrambled,49,16,45,0.044122184775108569,scrambled_array_coordinate
scrambled,4,17,45,-0.041168139218868985,scrambled_array_coordinate
scrambled,11,17,45,-0.039454937595084012,scrambled_array_coordinate
scrambled,47,17,45,0.03624863041110471,scrambled_array_coordinate
scrambled,4,18,45,0.051630906457027961,scrambled_array_coordinate
scrambled,8,18,45,-0.040939915419559783,scrambled_array_coordinate
scrambled,9,18,45,-0.050525124107388346,scrambled_array_coordinate
scrambled,11,18,45,0.079734210756053345,scrambled_array_coordinate
scrambled,18,18,45,0.045670873998687023,scrambled_array_coordinate
scrambled,20,18,45,0.036163143355401176,scrambled_array_coordinate
scrambled,27,18,45,-0.036855526952715413,scrambled_array_coordinate
scrambled,30,18,45,0.043734604792070135,scrambled_array_coordinate
scrambled,36,18,45,0.037670434039394393,scrambled_array_coordinate
scrambled,38,18,45,0.05019321424536561,scrambled_array_coordinate
scrambled,39,18,45,-0.037122620764956919,scrambled_array_coordinate
scrambled,43,18,45,0.039097315271557617,scrambled_array_coordinate
scrambled,47,18,45,-0.055849642911542298,scrambled_array_coordinate
scrambled,48,18,45,0.039832384533677011,scrambled_array_coordinate
scrambled,22,20,45,0.038379337706323825,scrambled_array_coordinate
scrambled,34,20,45,0.038066741012197342,scrambled_array_coordinate
scrambled,11,21,45,-0.036487140408216746,scrambled_array_coordinate
scrambled,25,21,45,-0.038194979140405289,scrambled_array_coordinate
scrambled,31,21,45,0.054079415435722408,scrambled_array_coordinate
scrambled,33,21,45,0.037550713712691412,scrambled_array_coordinate
scrambled,36,21,45,0.037930544091425877,scrambled_array_coordinate
scrambled,46,21,45,0.049113286439846797,scrambled_array_coordinate
scrambled,37,22,45,-0.036022117349171538,scrambled_array_coordinate
scrambled,40,22,45,-0.037998412806067909,scrambled_array_coordinate
scrambled,46,22,45,0.038262221505937853,scrambled_array_coordinate
scrambled,25,23,45,-0.043863143426540907,scrambled_array_coordinate
scrambled,40,23,45,-0.055921303989645586,scrambled_array_coordinate
scrambled,49,23,45,0.042973003030054122,scrambled_array_coordinate
scrambled,10,24,45,0.040320569370591933,scrambled_array_coordinate
scrambled,11,24,45,-0.04723598918000009,scrambled_array_coordinate
scrambled,22,24,45,-0.046302288751619208,scrambled_array_coordinate
scrambled,49,24,45,0.037041157530985608,scrambled_array_coordinate
scrambled,2,25,45,-0.038988132338912136,scrambled_array_coordinate
scrambled,6,25,45,0.040464387073929915,scrambled_array_coordinate
scrambled,10,25,45,-0.043360456723761112,scrambled_array_coordinate
scrambled,22,25,45,0.038285625751137392,scrambled_array_coordinate
scrambled,40,25,45,-0.052776784643947028,scrambled_array_coordinate
scrambled,12,26,45,-0.037643698204189717,scrambled_array_coordinate
scrambled,22,26,45,0.054176208134654354,scrambled_array_coordinate
scrambled,29,26,45,0.04636933760112532,scrambled_array_coordinate
scrambled,39,26,45,0.042397163318383217,scrambled_array_coordinate
scrambled,23,27,45,-0.037219466824527238,scrambled_array_coordinate
scrambled,22,29,45,-0.036541550934194027,scrambled_array_coordinate
scrambled,29,29,45,-0.046691794962578546,scrambled_array_coordinate
scrambled,9,30,45,-0.036190147804484998,scrambled_array_coordinate
scrambled,11,30,45,0.037833688885820178,scrambled_array_coordinate
scrambled,40,30,45,0.044133512362254275,scrambled_array_coordinate
scrambled,41,30,45,0.038686412193814378,scrambled_array_coordinate
scrambled,47,30,45,-0.040939184771173587,scrambled_array_coordinate
scrambled,4,31,45,0.041858831335280851,scrambled_array_coordinate
scrambled,11,31,45,0.044330542969115615,scrambled_array_coordinate
scrambled,37,31,45,-0.044648965521848209,scrambled_array_coordinate
scrambled,38,31,45,0.038888548738917235,scrambled_array_coordinate
scrambled,5,32,45,0.04318509608367202,scrambled_array_coordinate
scrambled,10,32,45,-0.044340787598036294,scrambled_array_coordinate
scrambled,41,32,45,-0.037622750368746391,scrambled_array_coordinate
scrambled,10,33,45,0.037346217316887358,scrambled_array_coordinate
scrambled,16,33,45,-0.03716677712298088,scrambled_array_coordinate
scrambled,27,33,45,-0.03757346735215835,scrambled_array_coordinate
scrambled,0,36,45,0.039622102992708338,scrambled_array_coordinate
scrambled,1,36,45,0.046840747348712138,scrambled_array_coordinate
scrambled,9,36,45,-0.040419318993251005,scrambled_array_coordinate
scrambled,13,36,45,0.040061186787576905,scrambled_array_coordinate
scrambled,14,36,45,0.036008020394715866,scrambled_array_coordinate
scrambled,25,36,45,0.059264157002778241,scrambled_array_coordinate
scrambled,39,36,45,-0.041479309273541487,scrambled_array_coordinate
scrambled,40,36,45,0.048034863390202388,scrambled_array_coordinate
scrambled,41,36,45,0.046236675636533969,scrambled_array_coordinate
scrambled,46,36,45,-0.069514861385811505,scrambled_array_coordinate
scrambled,49,36,45,-0.062851172733658825,scrambled_array_coordinate
scrambled,10,37,45,0.05184818901613527,scrambled_array_coordinate
scrambled,4,38,45,0.041751147511339431,scrambled_array_coordinate
scrambled,9,38,45,-0.046934451538818547,scrambled_array_coordinate
scrambled,11,38,45,0.042250688961536206,scrambled_array_coordinate
scrambled,25,39,45,-0.035784645581461522,scrambled_array_coordinate
scrambled,10,40,45,-0.042558103924918836,scrambled_array_coordinate
scrambled,40,40,45,-0.040313582928590191,scrambled_array_coordinate
scrambled,1,41,45,-0.037828880922123859,scrambled_array_coordinate
scrambled,3,41,45,0.051298950927003824,scrambled_array_coordinate
scrambled,23,41,45,-0.045703347172021146,scrambled_array_coordinate
scrambled,24,41,45,0.055535124181425255,scrambled_array_coordinate
scrambled,25,41,45,-0.039167960454284882,scrambled_array_coordinate
scrambled,39,41,45,-0.037953107670250362,scrambled_array_coordinate
scrambled,11,42,45,-0.038938163217977377,scrambled_array_coordinate
scrambled,0,43,45,0.056170789304025304,scrambled_array_coordinate
scrambled,1,43,45,0.036043594183424781,scrambled_array_coordinate
scrambled,10,43,45,-0.04856983026219782,scrambled_array_coordinate
scrambled,19,43,45,-0.038239397202400507,scrambled_array_coordinate
scrambled,24,43,45,0.038291714670562804,scrambled_array_coordinate
scrambled,41,43,45,0.046091274366014193,scrambled_array_coordinate
scrambled,46,43,45,-0.059587691978258979,scrambled_array_coordinate
scrambled,4,44,45,-0.051610922682949409,scrambled_array_coordinate
scrambled,38,44,45,-0.041241773067250763,scrambled_array_coordinate
scrambled,42,44,45,-0.055035713448521616,scrambled_array_coordinate
scrambled,4,45,45,-0.037244505921900706,scrambled_array_coordinate
scrambled,22,46,45,0.042385146098780684,scrambled_array_coordinate
scrambled,2,47,45,0.042615053619107508,scrambled_array_coordinate
scrambled,6,47,45,-0.039303043852032447,scrambled_array_coordinate
scrambled,22,47,45,-0.056877712399737247,scrambled_array_coordinate
scrambled,29,47,45,-0.050718585494312199,scrambled_array_coordinate
scrambled,40,47,45,0.075514370583718307,scrambled_array_coordinate
scrambled,41,47,45,0.048493964876349827,scrambled_array_coordinate
scrambled,43,47,45,-0.049748232329329886,scrambled_array_coordinate
scrambled,6,48,45,0.043437412693143336,scrambled_array_coordinate
scrambled,40,48,45,-0.04319434612120282,scrambled_array_coordinate
scrambled,10,0,46,0.037549056891667411,scrambled_array_coordinate
scrambled,15,0,46,-0.037098504499484139,scrambled_array_coordinate
scrambled,41,0,46,0.043773118115479008,scrambled_array_coordinate
scrambled,46,0,46,-0.035926130243066762,scrambled_array_coordinate
scrambled,35,1,46,0.039908490351363735,scrambled_array_coordinate
scrambled,42,1,46,-0.039036044764593242,scrambled_array_coordinate
scrambled,10,3,46,0.038300871809054018,scrambled_array_coordinate
scrambled,40,3,46,0.056611087861935833,scrambled_array_coordinate
scrambled,20,4,46,-0.066894161037716421,scrambled_array_coordinate
scrambled,30,4,46,-0.046558015553273491,scrambled_array_coordinate
scrambled,40,4,46,0.040837702941567557,scrambled_array_coordinate
scrambled,43,4,46,-0.039829550747817535,scrambled_array_coordinate
scrambled,46,4,46,-0.05898414653168383,scrambled_array_coordinate
scrambled,40,6,46,0.062889601449741539,scrambled_array_coordinate
scrambled,13,7,46,-0.036726225033944238,scrambled_array_coordinate
scrambled,35,7,46,-0.036498351502549826,scrambled_array_coordinate
scrambled,24,8,46,-0.040039638222367877,scrambled_array_coordinate
scrambled,7,10,46,-0.039549338573145895,scrambled_array_coordinate
scrambled,11,10,46,-0.042669589269897029,scrambled_array_coordinate
scrambled,41,10,46,-0.039030588542450555,scrambled_array_coordinate
scrambled,46,10,46,0.047787701331772736,scrambled_array_coordinate
scrambled,11,13,46,0.043330982523605122,scrambled_array_coordinate
scrambled,33,13,46,-0.037259710815402941,scrambled_array_coordinate
scrambled,37,13,46,0.039072151581038835,scrambled_array_coordinate
scrambled,41,13,46,0.045693178678953263,scrambled_array_coordinate
scrambled,46,13,46,-0.063907998901944804,scrambled_array_coordinate
scrambled,40,16,46,0.037218115433553266,scrambled_array_coordinate
scrambled,0,17,46,0.043784273217457134,scrambled_array_coordinate
scrambled,2,17,46,-0.05326715966172621,scrambled_array_coordinate
scrambled,12,17,46,-0.036375456357795433,scrambled_array_coordinate
scrambled,13,17,46,0.040909380002378155,scrambled_array_coordinate
scrambled,22,17,46,0.03706028399941929,scrambled_array_coordinate
scrambled,29,17,46,0.039366033938207971,scrambled_array_coordinate
scrambled,41,17,46,0.036093889359532963,scrambled_array_coordinate
scrambled,46,17,46,-0.078205215505974757,scrambled_array_coordinate
scrambled,35,18,46,0.050243253693545757,scrambled_array_coordinate
scrambled,41,20,46,-0.036670178176171034,scrambled_array_coordinate
scrambled,31,21,46,-0.042320062043284118,scrambled_array_coordinate
scrambled,46,21,46,-0.052649152367517549,scrambled_array_coordinate
scrambled,41,23,46,0.039174094260151046,scrambled_array_coordinate
scrambled,49,23,46,-0.053032120163920157,scrambled_array_coordinate
scrambled,5,24,46,0.046182406819759249,scrambled_array_coordinate
scrambled,10,24,46,-0.046205890920921283,scrambled_array_coordinate
scrambled,27,24,46,0.036972216626797227,scrambled_array_coordinate
scrambled,45,24,46,0.038234884267089618,scrambled_array_coordinate
scrambled,46,24,46,0.048784501336238302,scrambled_array_coordinate
scrambled,35,25,46,0.043520718809908571,scrambled_array_coordinate
scrambled,41,25,46,0.047021728148017437,scrambled_array_coordinate
scrambled,0,26,46,0.039561980762647782,scrambled_array_coordinate
scrambled,20,26,46,-0.054296719398553253,scrambled_array_coordinate
scrambled,39,26,46,-0.040802806966820801,scrambled_array_coordinate
scrambled,40,26,46,0.039946292063875614,scrambled_array_coordinate
scrambled,46,26,46,-0.061431215943946627,scrambled_array_coordinate
scrambled,46,27,46,0.046413326546353377,scrambled_array_coordinate
scrambled,46,29,46,0.070542260565828963,scrambled_array_coordinate
scrambled,0,30,46,-0.047008125191495387,scrambled_array_coordinate
scrambled,5,30,46,-0.038733765171329412,scrambled_array_coordinate
scrambled,37,30,46,0.047075167273760342,scrambled_array_coordinate
scrambled,11,31,46,-0.044699791680840199,scrambled_array_coordinate
scrambled,22,31,46,-0.046897872436558852,scrambled_array_coordinate
scrambled,29,31,46,-0.042494122332298212,scrambled_array_coordinate
scrambled,35,31,46,-0.045340128450605359,scrambled_array_coordinate
scrambled,41,31,46,-0.060518065590493435,scrambled_array_coordinate
scrambled,46,31,46,0.042278884190451081,scrambled_array_coordinate
scrambled,22,34,46,-0.041281747637419014,scrambled_array_coordinate
scrambled,41,34,46,-0.037096949867394834,scrambled_array_coordinate
scrambled,46,34,46,0.049448021896953735,scrambled_array_coordinate
scrambled,49,34,46,0.041813201133079292,scrambled_array_coordinate
scrambled,0,35,46,-0.042366841951401085,scrambled_array_coordinate
scrambled,20,35,46,0.055840491854452244,scrambled_array_coordinate
scrambled,22,35,46,-0.04432619375227928,scrambled_array_coordinate
scrambled,41,35,46,-0.068240908327603544,scrambled_array_coordinate
scrambled,46,35,46,0.0889635096086627,scrambled_array_coordinate
scrambled,41,36,46,-0.040514404863498735,scrambled_array_coordinate
scrambled,49,36,46,0.037499095389119247,scrambled_array_coordinate
scrambled,3,39,46,-0.035965167198353062,scrambled_array_coordinate
scrambled,22,39,46,-0.049561579162234894,scrambled_array_coordinate
scrambled,3,41,46,-0.044509146513718116,scrambled_array_coordinate
scrambled,10,41,46,0.037476009776195113,scrambled_array_coordinate
scrambled,19,41,46,0.037695100958203671,scrambled_array_coordinate
scrambled,29,41,46,0.036174089335899537,scrambled_array_coordinate
scrambled,31,41,46,-0.038091981345227441,scrambled_array_coordinate
scrambled,41,41,46,0.051828439850156699,scrambled_array_coordinate
scrambled,43,41,46,-0.05012989451419559,scrambled_array_coordinate
scrambled,46,41,46,-0.060207988373418606,scrambled_array_coordinate
scrambled,49,41,46,-0.049476162613011819,scrambled_array_coordinate
scrambled,49,42,46,0.036581137091754791,scrambled_array_coordinate
scrambled,5,43,46,-0.04410046071190199,scrambled_array_coordinate
scrambled,31,43,46,-0.041345546188003721,scrambled_array_coordinate
scrambled,35,43,46,0.061078398856156735,scrambled_array_coordinate
scrambled,22,47,46,0.049784035929999394,scrambled_array_coordinate
scrambled,24,47,46,0.044676690378957801,scrambled_array_coordinate
scrambled,26,47,46,0.042090274386031017,scrambled_array_coordinate
scrambled,36,47,46,-0.0491837406528789,scrambled_array_coordinate
scrambled,40,47,46,-0.036292070028585192,scrambled_array_coordinate
scrambled,46,47,46,-0.059517297097998578,scrambled_array_coordinate
scrambled,22,49,46,-0.037909534719670089,scrambled_array_coordinate
scrambled,7,0,47,-0.03878984475009685,scrambled_array_coordinate
scrambled,11,0,47,-0.035773571950994336,scrambled_array_coordinate
scrambled,22,0,47,-0.038676788087955792,scrambled_array_coordinate
scrambled,25,0,47,0.04070415606159767,scrambled_array_coordinate
scrambled,27,0,47,0.037850761531919311,scrambled_array_coordinate
scrambled,1,1,47,0.036913767019819257,scrambled_array_coordinate
scrambled,20,1,47,0.038526474768929189,scrambled_array_coordinate
scrambled,33,3,47,0.037565202715870064,scrambled_array_coordinate
scrambled,35,3,47,-0.038178225395416349,scrambled_array_coordinate
scrambled,23,4,47,0.038665049889178418,scrambled_array_coordinate
scrambled,26,4,47,-0.0446188699776945,scrambled_array_coordinate
scrambled,29,4,47,-0.040196409982896211,scrambled_array_coordinate
scrambled,41,4,47,-0.040317882916755525,scrambled_array_coordinate
scrambled,46,4,47,0.046907246975149038,scrambled_array_coordinate
scrambled,20,6,47,-0.040599129582084448,scrambled_array_coordinate
scrambled,13,7,47,0.05021845184314825,scrambled_array_coordinate
scrambled,13,8,47,-0.040308141683190718,scrambled_array_coordinate
scrambled,7,10,47,0.047746400445570672,scrambled_array_coordinate
scrambled,11,10,47,0.041972448796973913,scrambled_array_coordinate
scrambled,18,10,47,-0.044313743913014202,scrambled_array_coordinate
scrambled,27,10,47,-0.04775031015665409,scrambled_array_coordinate
scrambled,37,10,47,0.037738712011304312,scrambled_array_coordinate
scrambled,40,10,47,0.04957365594115494,scrambled_array_coordinate
scrambled,42,10,47,-0.03886616134761612,scrambled_array_coordinate
scrambled,43,10,47,-0.03789335768698681,scrambled_array_coordinate
scrambled,22,11,47,-0.059187543621809294,scrambled_array_coordinate
scrambled,7,12,47,-0.042393397327252592,scrambled_array_coordinate
scrambled,25,12,47,0.048936892817106913,scrambled_array_coordinate
scrambled,29,13,47,-0.039655222158498808,scrambled_array_coordinate
scrambled,46,13,47,0.070549181096222657,scrambled_array_coordinate
scrambled,20,14,47,0.048547156883931013,scrambled_array_coordinate
scrambled,25,14,47,0.041063830820658662,scrambled_array_coordinate
scrambled,49,14,47,0.040734196514097966,scrambled_array_coordinate
scrambled,8,15,47,-0.045863861364023865,scrambled_array_coordinate
scrambled,20,15,47,-0.057758490948666072,scrambled_array_coordinate
scrambled,22,15,47,0.038398454586493581,scrambled_array_coordinate
scrambled,20,16,47,-0.048063001775403937,scrambled_array_coordinate
scrambled,13,17,47,-0.039550381036293679,scrambled_array_coordinate
scrambled,22,17,47,-0.037253287149678765,scrambled_array_coordinate
scrambled,33,17,47,0.045817354159302603,scrambled_array_coordinate
scrambled,35,17,47,-0.049388867259722066,scrambled_array_coordinate
scrambled,41,17,47,-0.053120185001818143,scrambled_array_coordinate
scrambled,46,17,47,0.063193215806867112,scrambled_array_coordinate
scrambled,40,18,47,-0.044276757229848314,scrambled_array_coordinate
scrambled,49,20,47,-0.037784929515093109,scrambled_array_coordinate
scrambled,2,21,47,0.035775970405605519,scrambled_array_coordinate
scrambled,11,21,47,-0.041366731355592518,scrambled_array_coordinate
scrambled,22,21,47,-0.04787604196623603,scrambled_array_coordinate
scrambled,41,21,47,-0.047596493544312862,scrambled_array_coordinate
scrambled,42,21,47,0.038186871251912245,scrambled_array_coordinate
scrambled,46,21,47,0.045809401791468182,scrambled_array_coordinate
scrambled,8,23,47,0.036662813037131585,scrambled_array_coordinate
scrambled,20,23,47,0.047792178938345642,scrambled_array_coordinate
scrambled,22,23,47,-0.052880640654970501,scrambled_array_coordinate
scrambled,0,24,47,-0.036110520815905871,scrambled_array_coordinate
scrambled,11,24,47,0.055841635249390717,scrambled_array_coordinate
scrambled,13,24,47,0.035949064744899784,scrambled_array_coordinate
scrambled,18,24,47,-0.037638487864574216,scrambled_array_coordinate
scrambled,20,24,47,-0.050737107451853607,scrambled_array_coordinate
scrambled,22,24,47,0.092327761795071406,scrambled_array_coordinate
scrambled,26,24,47,-0.042130182531869551,scrambled_array_coordinate
scrambled,28,24,47,0.040991643686048705,scrambled_array_coordinate
scrambled,37,24,47,0.036139089580624013,scrambled_array_coordinate
scrambled,40,24,47,0.041242434566087116,scrambled_array_coordinate
scrambled,48,24,47,0.042996762320199278,scrambled_array_coordinate
scrambled,5,25,47,0.035844543482471909,scrambled_array_coordinate
scrambled,13,25,47,-0.037123047739591922,scrambled_array_coordinate
scrambled,22,25,47,-0.037493225176934861,scrambled_array_coordinate
scrambled,36,25,47,0.046733647743158024,scrambled_array_coordinate
scrambled,46,25,47,0.040555308215609251,scrambled_array_coordinate
scrambled,22,26,47,-0.047045362080921437,scrambled_array_coordinate
scrambled,41,26,47,-0.036321542689876751,scrambled_array_coordinate
scrambled,49,26,47,0.042402789156310773,scrambled_array_coordinate
scrambled,7,27,47,0.038882981056842243,scrambled_array_coordinate
scrambled,30,27,47,-0.036818705739034015,scrambled_array_coordinate
scrambled,36,29,47,-0.042918954120288233,scrambled_array_coordinate
scrambled,41,29,47,0.045962967258761485,scrambled_array_coordinate
scrambled,46,29,47,-0.051823504063596107,scrambled_array_coordinate
scrambled,28,30,47,-0.036145402838072424,scrambled_array_coordinate
scrambled,45,30,47,0.036259928600146048,scrambled_array_coordinate
scrambled,10,31,47,0.036055777158221038,scrambled_array_coordinate
scrambled,33,31,47,-0.040755461037839835,scrambled_array_coordinate
scrambled,46,31,47,-0.059646846880279908,scrambled_array_coordinate
scrambled,20,34,47,-0.052389128294121824,scrambled_array_coordinate
scrambled,22,34,47,0.05217448401822429,scrambled_array_coordinate
scrambled,41,34,47,0.044722436700555895,scrambled_array_coordinate
scrambled,46,34,47,-0.067572914981564314,scrambled_array_coordinate
scrambled,49,34,47,-0.041853306231836189,scrambled_array_coordinate
scrambled,22,35,47,0.038052124049319763,scrambled_array_coordinate
scrambled,36,35,47,-0.042944663179060899,scrambled_array_coordinate
scrambled,41,35,47,0.059413821703319256,scrambled_array_coordinate
scrambled,46,35,47,-0.071955886623190246,scrambled_array_coordinate
scrambled,49,35,47,-0.049062742867057897,scrambled_array_coordinate
scrambled,41,36,47,0.035958413010796941,scrambled_array_coordinate
scrambled,46,36,47,-0.041988619015492765,scrambled_array_coordinate
scrambled,49,36,47,-0.048083573363726352,scrambled_array_coordinate
scrambled,5,39,47,-0.04086811921283047,scrambled_array_coordinate
scrambled,13,39,47,0.051382978737785363,scrambled_array_coordinate
scrambled,33,39,47,-0.0392242502252634,scrambled_array_coordinate
scrambled,36,39,47,-0.040904950014730462,scrambled_array_coordinate
scrambled,46,39,47,-0.042494091572053201,scrambled_array_coordinate
scrambled,1,41,47,0.051437131609940456,scrambled_array_coordinate
scrambled,6,41,47,0.03744637711351019,scrambled_array_coordinate
scrambled,10,41,47,-0.055875505391679667,scrambled_array_coordinate
scrambled,12,41,47,0.038584399764531395,scrambled_array_coordinate
scrambled,13,41,47,0.056732974172796227,scrambled_array_coordinate
scrambled,19,41,47,-0.038599380991230087,scrambled_array_coordinate
scrambled,22,41,47,0.0456090853734306,scrambled_array_coordinate
scrambled,23,41,47,0.06426457829406286,scrambled_array_coordinate
scrambled,24,41,47,-0.051964060171088365,scrambled_array_coordinate
scrambled,26,41,47,-0.092800057398107816,scrambled_array_coordinate
scrambled,28,41,47,0.071497537961938168,scrambled_array_coordinate
scrambled,29,41,47,-0.072444403122406437,scrambled_array_coordinate
scrambled,30,41,47,0.057475211982313874,scrambled_array_coordinate
scrambled,41,41,47,-0.046827357350597336,scrambled_array_coordinate
scrambled,43,41,47,0.050525692696627225,scrambled_array_coordinate
scrambled,46,41,47,0.052271073034925029,scrambled_array_coordinate
scrambled,48,41,47,0.04683705476668816,scrambled_array_coordinate
scrambled,5,42,47,0.044783722184052452,scrambled_array_coordinate
scrambled,28,42,47,-0.04096766611795008,scrambled_array_coordinate
scrambled,30,42,47,-0.043811569201948466,scrambled_array_coordinate
scrambled,36,42,47,0.043191144033356242,scrambled_array_coordinate
scrambled,2,43,47,0.037989752571640861,scrambled_array_coordinate
scrambled,4,43,47,-0.036891082422630492,scrambled_array_coordinate
scrambled,5,43,47,0.0409655040411269,scrambled_array_coordinate
scrambled,8,43,47,-0.036214360864627329,scrambled_array_coordinate
scrambled,13,43,47,-0.057743846256333185,scrambled_array_coordinate
scrambled,42,43,47,-0.041243843251842383,scrambled_array_coordinate
scrambled,46,43,47,0.036884739024430221,scrambled_array_coordinate
scrambled,49,43,47,-0.039799939886086294,scrambled_array_coordinate
scrambled,33,44,47,-0.042598913703128523,scrambled_array_coordinate
scrambled,46,44,47,-0.059498845322609267,scrambled_array_coordinate
scrambled,5,45,47,-0.037302958720165882,scrambled_array_coordinate
scrambled,46,45,47,-0.055518099206951138,scrambled_array_coordinate
scrambled,41,47,47,-0.047446728097138929,scrambled_array_coordinate
scrambled,46,47,47,0.074636364155503468,scrambled_array_coordinate
scrambled,4,0,48,-0.045843329488490243,scrambled_array_coordinate
scrambled,10,0,48,0.067606961805310797,scrambled_array_coordinate
scrambled,13,0,48,-0.043202325856301585,scrambled_array_coordinate
scrambled,33,0,48,0.064293002353145903,scrambled_array_coordinate
scrambled,40,0,48,0.041505235546903267,scrambled_array_coordinate
scrambled,3,1,48,0.042376770923880397,scrambled_array_coordinate
scrambled,4,1,48,-0.042169599103549477,scrambled_array_coordinate
scrambled,5,1,48,0.05010275905728432,scrambled_array_coordinate
scrambled,12,1,48,0.053649418049993985,scrambled_array_coordinate
scrambled,19,1,48,-0.038371591047243248,scrambled_array_coordinate
scrambled,21,1,48,0.04098369184825329,scrambled_array_coordinate
scrambled,22,1,48,-0.067372824995337491,scrambled_array_coordinate
scrambled,28,1,48,-0.051308142109330088,scrambled_array_coordinate
scrambled,35,1,48,-0.053935530128021707,scrambled_array_coordinate
scrambled,36,1,48,0.090198104708672164,scrambled_array_coordinate
scrambled,38,1,48,0.047296334223344859,scrambled_array_coordinate
scrambled,39,1,48,-0.048927020794564326,scrambled_array_coordinate
scrambled,41,1,48,-0.10483849295935127,scrambled_array_coordinate
scrambled,0,2,48,0.06581046791593835,scrambled_array_coordinate
scrambled,21,2,48,-0.038661512502920915,scrambled_array_coordinate
scrambled,28,2,48,0.064883962338995682,scrambled_array_coordinate
scrambled,36,2,48,-0.043087753771126641,scrambled_array_coordinate
scrambled,40,2,48,0.043842056378320345,scrambled_array_coordinate
scrambled,41,2,48,0.084935309253971386,scrambled_array_coordinate
scrambled,43,2,48,-0.051031804575743446,scrambled_array_coordinate
scrambled,46,2,48,-0.037587851182746997,scrambled_array_coordinate
scrambled,49,2,48,-0.039228034025799663,scrambled_array_coordinate
scrambled,0,3,48,-0.079928959452422746,scrambled_array_coordinate
scrambled,4,3,48,-0.046362042346979361,scrambled_array_coordinate
scrambled,5,3,48,-0.038628285436899633,scrambled_array_coordinate
scrambled,6,3,48,-0.039439455145516139,scrambled_array_coordinate
scrambled,10,3,48,0.052476533329215445,scrambled_array_coordinate
scrambled,11,3,48,-0.05287281614126222,scrambled_array_coordinate
scrambled,12,3,48,0.038381655830299011,scrambled_array_coordinate
scrambled,15,3,48,-0.060193456200582501,scrambled_array_coordinate
scrambled,17,3,48,-0.040192492014189132,scrambled_array_coordinate
scrambled,20,3,48,-0.037761363398887811,scrambled_array_coordinate
scrambled,25,3,48,0.047979155417027672,scrambled_array_coordinate
scrambled,30,3,48,-0.036323800338366768,scrambled_array_coordinate
scrambled,33,3,48,0.060843891178625611,scrambled_array_coordinate
scrambled,35,3,48,0.037427418724793791,scrambled_array_coordinate
scrambled,40,3,48,0.054105581654874522,scrambled_array_coordinate
scrambled,43,3,48,-0.036555648071795684,scrambled_array_coordinate
scrambled,44,3,48,0.040284524725270381,scrambled_array_coordinate
scrambled,47,3,48,0.061921932470242788,scrambled_array_coordinate
scrambled,0,4,48,-0.054619564343015022,scrambled_array_coordinate
scrambled,2,4,48,0.047317453746570301,scrambled_array_coordinate
scrambled,7,4,48,-0.048178369189815454,scrambled_array_coordinate
scrambled,11,4,48,-0.058984552644464547,scrambled_array_coordinate
scrambled,15,4,48,-0.037529678732934793,scrambled_array_coordinate
scrambled,20,4,48,0.041788348937852486,scrambled_array_coordinate
scrambled,22,4,48,-0.043242702916099357,scrambled_array_coordinate
scrambled,24,4,48,-0.040982110395128946,scrambled_array_coordinate
scrambled,33,4,48,0.048022668445819872,scrambled_array_coordinate
scrambled,34,4,48,0.037071882346018326,scrambled_array_coordinate
scrambled,35,4,48,0.041483953745885732,scrambled_array_coordinate
scrambled,36,4,48,0.039330794548297347,scrambled_array_coordinate
scrambled,39,4,48,0.043053682968575709,scrambled_array_coordinate
scrambled,40,4,48,0.047218045957528348,scrambled_array_coordinate
scrambled,46,4,48,0.12708250923568712,scrambled_array_coordinate
scrambled,49,4,48,0.039351509174022796,scrambled_array_coordinate
scrambled,0,6,48,-0.063068675892110793,scrambled_array_coordinate
scrambled,1,6,48,0.036676279094871131,scrambled_array_coordinate
scrambled,11,6,48,-0.054177541855311651,scrambled_array_coordinate
scrambled,12,6,48,0.061195894120518277,scrambled_array_coordinate
scrambled,15,6,48,-0.046789945486465527,scrambled_array_coordinate
scrambled,25,6,48,0.064441297316059937,scrambled_array_coordinate
scrambled,40,6,48,0.060435715187460916,scrambled_array_coordinate
scrambled,49,6,48,-0.05673324441404843,scrambled_array_coordinate
scrambled,0,7,48,0.063937160690828165,scrambled_array_coordinate
scrambled,1,7,48,-0.060580982365621816,scrambled_array_coordinate
scrambled,7,7,48,0.051192214182409032,scrambled_array_coordinate
scrambled,12,7,48,-0.058416748982233931,scrambled_array_coordinate
scrambled,19,7,48,0.044975395686664303,scrambled_array_coordinate
scrambled,24,7,48,0.049949116419762837,scrambled_array_coordinate
scrambled,25,7,48,-0.087056206779385026,scrambled_array_coordinate
scrambled,30,7,48,-0.037668352498784315,scrambled_array_coordinate
scrambled,32,7,48,0.038180067013822115,scrambled_array_coordinate
scrambled,33,7,48,-0.063854932580274734,scrambled_array_coordinate
scrambled,34,7,48,-0.06094502750007276,scrambled_array_coordinate
scrambled,0,8,48,-0.055907202235862007,scrambled_array_coordinate
scrambled,1,8,48,-0.039837087927667526,scrambled_array_coordinate
scrambled,3,8,48,0.038216478495603605,scrambled_array_coordinate
scrambled,8,8,48,0.046534726407478126,scrambled_array_coordinate
scrambled,11,8,48,-0.036012316352200993,scrambled_array_coordinate
scrambled,13,8,48,0.037683848153932727,scrambled_array_coordinate
scrambled,19,8,48,-0.048689676272989063,scrambled_array_coordinate
scrambled,20,8,48,0.050577548737926033,scrambled_array_coordinate
scrambled,21,8,48,0.039119461187532227,scrambled_array_coordinate
scrambled,22,8,48,-0.042747054425593629,scrambled_array_coordinate
scrambled,24,8,48,-0.05356755102706446,scrambled_array_coordinate
scrambled,28,8,48,-0.050166587340253102,scrambled_array_coordinate
scrambled,31,8,48,0.062180385303405319,scrambled_array_coordinate
scrambled,36,8,48,0.08215505969843552,scrambled_array_coordinate
scrambled,37,8,48,-0.060816566825983027,scrambled_array_coordinate
scrambled,38,8,48,0.037165136852693778,scrambled_array_coordinate
scrambled,41,8,48,-0.055433763068602454,scrambled_array_coordinate
scrambled,46,8,48,0.12667756122580937,scrambled_array_coordinate
scrambled,49,8,48,0.057094348793996171,scrambled_array_coordinate
scrambled,10,9,48,0.038676905088055581,scrambled_array_coordinate
scrambled,11,9,48,-0.053028918018352335,scrambled_array_coordinate
scrambled,16,9,48,-0.047115893941946645,scrambled_array_coordinate
scrambled,22,9,48,-0.039862283579961723,scrambled_array_coordinate
scrambled,24,9,48,-0.054072636106360254,scrambled_array_coordinate
scrambled,27,9,48,-0.039007798803407399,scrambled_array_coordinate
scrambled,41,9,48,-0.038493195969181292,scrambled_array_coordinate
scrambled,49,9,48,-0.040197637799743162,scrambled_array_coordinate
scrambled,1,10,48,-0.068804181646966736,scrambled_array_coordinate
scrambled,12,10,48,-0.047762002486242017,scrambled_array_coordinate
scrambled,25,10,48,-0.041411385746077112,scrambled_array_coordinate
scrambled,33,10,48,-0.049433056897058625,scrambled_array_coordinate
scrambled,35,10,48,0.045646734224766831,scrambled_array_coordinate
scrambled,37,10,48,-0.041109075454588376,scrambled_array_coordinate
scrambled,41,10,48,0.05213352061199561,scrambled_array_coordinate
scrambled,45,10,48,0.038769027499222931,scrambled_array_coordinate
scrambled,2,11,48,-0.051780815783397355,scrambled_array_coordinate
scrambled,10,11,48,-0.050339090464834133,scrambled_array_coordinate
scrambled,11,11,48,0.042529118951099405,scrambled_array_coordinate
scrambled,19,11,48,-0.047297100178952368,scrambled_array_coordinate
scrambled,35,11,48,-0.060766143667741246,scrambled_array_coordinate
scrambled,39,11,48,-0.03914874773238905,scrambled_array_coordinate
scrambled,40,11,48,-0.053528213947722454,scrambled_array_coordinate
scrambled,41,11,48,-0.08374710072984301,scrambled_array_coordinate
scrambled,43,11,48,0.062221930928626885,scrambled_array_coordinate
scrambled,7,12,48,0.045852328430904657,scrambled_array_coordinate
scrambled,11,12,48,0.046983131443942498,scrambled_array_coordinate
scrambled,22,12,48,0.036088842486908655,scrambled_array_coordinate
scrambled,24,12,48,0.062279898985477124,scrambled_array_coordinate
scrambled,25,12,48,-0.064835340354250218,scrambled_array_coordinate
scrambled,40,12,48,-0.044685590053329366,scrambled_array_coordinate
scrambled,0,13,48,0.038891227832996624,scrambled_array_coordinate
scrambled,1,13,48,0.060387462382455848,scrambled_array_coordinate
scrambled,5,13,48,0.040383081349738635,scrambled_array_coordinate
scrambled,10,13,48,-0.062360696433889168,scrambled_array_coordinate
scrambled,11,13,48,0.042919010795702997,scrambled_array_coordinate
scrambled,19,13,48,-0.042695145012171157,scrambled_array_coordinate
scrambled,21,13,48,0.047552827558651825,scrambled_array_coordinate
scrambled,24,13,48,0.057667487747291905,scrambled_array_coordinate
scrambled,35,13,48,-0.059920547775164416,scrambled_array_coordinate
scrambled,39,13,48,-0.063081865743363885,scrambled_array_coordinate
scrambled,40,13,48,-0.045337606498162056,scrambled_array_coordinate
scrambled,43,13,48,0.063922548681303884,scrambled_array_coordinate
scrambled,46,13,48,-0.058815023585786781,scrambled_array_coordinate
scrambled,1,14,48,-0.048686800128269467,scrambled_array_coordinate
scrambled,10,14,48,0.039213543209325179,scrambled_array_coordinate
scrambled,36,14,48,0.049605967066837606,scrambled_array_coordinate
scrambled,37,14,48,-0.046576752358053135,scrambled_array_coordinate
scrambled,41,14,48,-0.038890153913621502,scrambled_array_coordinate
scrambled,46,14,48,0.03688275800592087,scrambled_array_coordinate
scrambled,1,15,48,0.061981106966128581,scrambled_array_coordinate
scrambled,25,15,48,0.057305879287191004,scrambled_array_coordinate
scrambled,46,15,48,-0.038621344640552641,scrambled_array_coordinate
scrambled,15,16,48,-0.038245000514986457,scrambled_array_coordinate
scrambled,18,16,48,0.043447413439367304,scrambled_array_coordinate
scrambled,0,17,48,-0.080716580416740957,scrambled_array_coordinate
scrambled,1,17,48,0.091942597576446808,scrambled_array_coordinate
scrambled,2,17,48,-0.041389614424612232,scrambled_array_coordinate
scrambled,10,17,48,-0.055489886815520965,scrambled_array_coordinate
scrambled,11,17,48,0.038837906824614528,scrambled_array_coordinate
scrambled,12,17,48,0.06553845076466891,scrambled_array_coordinate
scrambled,19,17,48,-0.055572375541315715,scrambled_array_coordinate
scrambled,21,17,48,0.069964278114082332,scrambled_array_coordinate
scrambled,25,17,48,0.073000582261571759,scrambled_array_coordinate
scrambled,28,17,48,-0.047861527058502079,scrambled_array_coordinate
scrambled,33,17,48,0.05184675443479405,scrambled_array_coordinate
scrambled,35,17,48,-0.050322362452140661,scrambled_array_coordinate
scrambled,40,17,48,-0.054874943038538869,scrambled_array_coordinate
scrambled,41,17,48,-0.088617021068016472,scrambled_array_coordinate
scrambled,43,17,48,0.074507318100326222,scrambled_array_coordinate
scrambled,4,18,48,-0.084378596465173331,scrambled_array_coordinate
scrambled,11,18,48,-0.050823599645591355,scrambled_array_coordinate
scrambled,13,18,48,-0.042937072702738555,scrambled_array_coordinate
scrambled,22,18,48,-0.041397358733459441,scrambled_array_coordinate
scrambled,33,18,48,0.038077291520474538,scrambled_array_coordinate
scrambled,36,18,48,0.040929531389036253,scrambled_array_coordinate
scrambled,41,18,48,-0.040465347799681708,scrambled_array_coordinate
scrambled,47,18,48,0.041789432206747378,scrambled_array_coordinate
scrambled,0,19,48,0.046222689851147435,scrambled_array_coordinate
scrambled,41,19,48,0.050589850763719246,scrambled_array_coordinate
scrambled,11,20,48,0.04105651987196255,scrambled_array_coordinate
scrambled,46,20,48,-0.036579705776011627,scrambled_array_coordinate
scrambled,0,21,48,-0.049042553012868507,scrambled_array_coordinate
scrambled,1,21,48,0.050405228295314672,scrambled_array_coordinate
scrambled,2,21,48,-0.041804323675158919,scrambled_array_coordinate
scrambled,10,21,48,-0.067377647010365985,scrambled_array_coordinate
scrambled,11,21,48,0.041226980174961729,scrambled_array_coordinate
scrambled,13,21,48,0.052735206216722431,scrambled_array_coordinate
scrambled,19,21,48,-0.071970693474943712,scrambled_array_coordinate
scrambled,20,21,48,0.051595950360610453,scrambled_array_coordinate
scrambled,21,21,48,0.065325280448148559,scrambled_array_coordinate
scrambled,23,21,48,0.037424355753291144,scrambled_array_coordinate
scrambled,25,21,48,0.053673179665454901,scrambled_array_coordinate
scrambled,26,21,48,-0.037443972082602382,scrambled_array_coordinate
scrambled,27,21,48,0.04088146624467448,scrambled_array_coordinate
scrambled,33,21,48,0.063794837743966076,scrambled_array_coordinate
scrambled,35,21,48,-0.040119986177128301,scrambled_array_coordinate
scrambled,36,21,48,0.05886053782610836,scrambled_array_coordinate
scrambled,41,21,48,-0.060971938503306171,scrambled_array_coordinate
scrambled,43,21,48,0.044141339487594917,scrambled_array_coordinate
scrambled,48,21,48,0.039601812487019071,scrambled_array_coordinate
scrambled,49,21,48,0.05600341130089783,scrambled_array_coordinate
scrambled,40,22,48,0.043127151930838735,scrambled_array_coordinate
scrambled,12,23,48,0.047516098948975391,scrambled_array_coordinate
scrambled,15,23,48,-0.036308466912374243,scrambled_array_coordinate
scrambled,22,23,48,-0.056151853713171378,scrambled_array_coordinate
scrambled,24,23,48,-0.06478323771125799,scrambled_array_coordinate
scrambled,29,23,48,-0.044251685303042403,scrambled_array_coordinate
scrambled,36,23,48,0.04576593074712515,scrambled_array_coordinate
scrambled,40,23,48,0.054861399083231142,scrambled_array_coordinate
scrambled,46,23,48,0.048387867025321017,scrambled_array_coordinate
scrambled,1,24,48,-0.039665039274383772,scrambled_array_coordinate
scrambled,23,24,48,-0.057931696696952001,scrambled_array_coordinate
scrambled,24,24,48,0.056547066991629778,scrambled_array_coordinate
scrambled,26,24,48,0.060158408930249443,scrambled_array_coordinate
scrambled,28,24,48,-0.038050307659636705,scrambled_array_coordinate
scrambled,33,24,48,-0.055485369656908708,scrambled_array_coordinate
scrambled,35,24,48,-0.036570565487137142,scrambled_array_coordinate
scrambled,39,24,48,-0.042219154118244742,scrambled_array_coordinate
scrambled,40,24,48,-0.043435956899589886,scrambled_array_coordinate
scrambled,48,24,48,-0.038087297606255073,scrambled_array_coordinate
scrambled,2,25,48,0.037843647917349975,scrambled_array_coordinate
scrambled,4,25,48,-0.038171225472870066,scrambled_array_coordinate
scrambled,6,25,48,-0.046311629751147478,scrambled_array_coordinate
scrambled,7,25,48,-0.036897479365295527,scrambled_array_coordinate
scrambled,10,25,48,0.068773762633232163,scrambled_array_coordinate
scrambled,12,25,48,0.050375572902554504,scrambled_array_coordinate
scrambled,15,25,48,-0.039459049677638566,scrambled_array_coordinate
scrambled,22,25,48,-0.051469581753771865,scrambled_array_coordinate
scrambled,24,25,48,-0.043447929379058725,scrambled_array_coordinate
scrambled,25,25,48,0.053921519199309313,scrambled_array_coordinate
scrambled,33,25,48,0.047519850028940533,scrambled_array_coordinate
scrambled,40,25,48,0.056428749611521827,scrambled_array_coordinate
scrambled,1,26,48,0.038221929023135981,scrambled_array_coordinate
scrambled,9,26,48,-0.048087204028651444,scrambled_array_coordinate
scrambled,29,26,48,-0.039091080419474525,scrambled_array_coordinate
scrambled,37,26,48,0.039967975081041336,scrambled_array_coordinate
scrambled,49,26,48,-0.036442129717147248,scrambled_array_coordinate
scrambled,7,27,48,-0.051891311685846278,scrambled_array_coordinate
scrambled,13,27,48,0.056248892583035587,scrambled_array_coordinate
scrambled,24,27,48,-0.066592180306966134,scrambled_array_coordinate
scrambled,34,27,48,0.035832289907201914,scrambled_array_coordinate
scrambled,37,27,48,-0.039741119382507489,scrambled_array_coordinate
scrambled,40,27,48,0.040687668989331544,scrambled_array_coordinate
scrambled,41,27,48,0.039100492659074657,scrambled_array_coordinate
scrambled,43,27,48,-0.039871730315984108,scrambled_array_coordinate
scrambled,24,28,48,-0.03961253396315513,scrambled_array_coordinate
scrambled,46,28,48,0.057163465177419333,scrambled_array_coordinate
scrambled,20,29,48,-0.041067393705920704,scrambled_array_coordinate
scrambled,22,29,48,0.044564297851853708,scrambled_array_coordinate
scrambled,25,29,48,-0.051652494379815193,scrambled_array_coordinate
scrambled,27,29,48,-0.041835060381011084,scrambled_array_coordinate
scrambled,29,29,48,0.036973842050135305,scrambled_array_coordinate
scrambled,46,29,48,-0.044648725044732149,scrambled_array_coordinate
scrambled,0,30,48,0.052882563251148526,scrambled_array_coordinate
scrambled,1,30,48,0.042231950307604023,scrambled_array_coordinate
scrambled,15,30,48,0.04747676583069084,scrambled_array_coordinate
scrambled,22,30,48,0.056146761728411015,scrambled_array_coordinate
scrambled,28,30,48,0.041411576386837984,scrambled_array_coordinate
scrambled,36,30,48,-0.036695729542189373,scrambled_array_coordinate
scrambled,41,30,48,0.037634821129153409,scrambled_array_coordinate
scrambled,46,30,48,-0.039388020451804194,scrambled_array_coordinate
scrambled,0,31,48,0.042959677679571408,scrambled_array_coordinate
scrambled,9,31,48,-0.043979725902431412,scrambled_array_coordinate
scrambled,12,31,48,-0.045878533637573625,scrambled_array_coordinate
scrambled,22,31,48,0.047952363880638858,scrambled_array_coordinate
scrambled,28,31,48,0.043001995190761935,scrambled_array_coordinate
scrambled,32,31,48,0.041175710182504613,scrambled_array_coordinate
scrambled,33,31,48,-0.044247722016759757,scrambled_array_coordinate
scrambled,35,31,48,0.055677037211199057,scrambled_array_coordinate
scrambled,36,31,48,-0.065140249414027324,scrambled_array_coordinate
scrambled,38,31,48,-0.037778571679146153,scrambled_array_coordinate
scrambled,41,31,48,0.11583076924105622,scrambled_array_coordinate
scrambled,43,31,48,-0.055569956502629407,scrambled_array_coordinate
scrambled,46,31,48,-0.057295002772199337,scrambled_array_coordinate
scrambled,49,31,48,-0.052629878638664793,scrambled_array_coordinate
scrambled,5,32,48,-0.041127219075731511,scrambled_array_coordinate
scrambled,7,32,48,-0.040088769184818906,scrambled_array_coordinate
scrambled,10,32,48,0.049641035563882739,scrambled_array_coordinate
scrambled,11,32,48,-0.039792810122348331,scrambled_array_coordinate
scrambled,24,32,48,-0.055269632369834482,scrambled_array_coordinate
scrambled,25,32,48,0.049418600529789254,scrambled_array_coordinate
scrambled,34,32,48,0.03785148953349738,scrambled_array_coordinate
scrambled,40,32,48,0.040432538493862233,scrambled_array_coordinate
scrambled,0,33,48,0.035797859933621355,scrambled_array_coordinate
scrambled,41,33,48,0.046792937355111724,scrambled_array_coordinate
scrambled,46,33,48,-0.037095718311447944,scrambled_array_coordinate
scrambled,1,34,48,-0.037279298892722905,scrambled_array_coordinate
scrambled,34,34,48,-0.036427080382488902,scrambled_array_coordinate
scrambled,47,34,48,-0.035881024440661338,scrambled_array_coordinate
scrambled,0,35,48,0.051682540051263291,scrambled_array_coordinate
scrambled,25,35,48,-0.04858052064762286,scrambled_array_coordinate
scrambled,41,35,48,0.062058017009108707,scrambled_array_coordinate
scrambled,46,35,48,-0.055525307836266372,scrambled_array_coordinate
scrambled,5,36,48,-0.040254502522466706,scrambled_array_coordinate
scrambled,8,36,48,-0.038383714636345712,scrambled_array_coordinate
scrambled,11,36,48,0.039264303867020615,scrambled_array_coordinate
scrambled,12,36,48,-0.051190977463162167,scrambled_array_coordinate
scrambled,13,36,48,-0.040496621488287261,scrambled_array_coordinate
scrambled,14,36,48,0.039701774366930578,scrambled_array_coordinate
scrambled,20,36,48,-0.061391950686298297,scrambled_array_coordinate
scrambled,22,36,48,0.077636177675474566,scrambled_array_coordinate
scrambled,24,36,48,0.07787069467860433,scrambled_array_coordinate
scrambled,29,36,48,0.068407511583129466,scrambled_array_coordinate
scrambled,30,36,48,-0.046056053375743304,scrambled_array_coordinate
scrambled,36,36,48,-0.0668627217917699,scrambled_array_coordinate
scrambled,40,36,48,-0.06224532540694061,scrambled_array_coordinate
scrambled,41,36,48,0.084920706100358581,scrambled_array_coordinate
scrambled,44,36,48,0.042189125884070304,scrambled_array_coordinate
scrambled,46,36,48,-0.11065469994702372,scrambled_array_coordinate
scrambled,10,37,48,-0.046142132586256601,scrambled_array_coordinate
scrambled,20,38,48,-0.038063402244818148,scrambled_array_coordinate
scrambled,0,39,48,0.067576181234644483,scrambled_array_coordinate
scrambled,2,39,48,0.037914836735663746,scrambled_array_coordinate
scrambled,8,39,48,-0.045593401128881821,scrambled_array_coordinate
scrambled,10,39,48,0.043731791298920616,scrambled_array_coordinate
scrambled,11,39,48,0.068243971472087717,scrambled_array_coordinate
scrambled,12,39,48,-0.074755941219141697,scrambled_array_coordinate
scrambled,14,39,48,0.060327796085263133,scrambled_array_coordinate
scrambled,16,39,48,0.049669299257015888,scrambled_array_coordinate
scrambled,19,39,48,0.042161125184292089,scrambled_array_coordinate
scrambled,20,39,48,-0.047701716478757712,scrambled_array_coordinate
scrambled,22,39,48,0.040145042545655235,scrambled_array_coordinate
scrambled,24,39,48,0.058557340942951001,scrambled_array_coordinate
scrambled,28,39,48,0.053572357784423881,scrambled_array_coordinate
scrambled,29,39,48,0.042647636948160282,scrambled_array_coordinate
scrambled,35,39,48,0.040050819958189127,scrambled_array_coordinate
scrambled,36,39,48,-0.069164951849100875,scrambled_array_coordinate
scrambled,41,39,48,0.17304980064925918,scrambled_array_coordinate
scrambled,43,39,48,-0.075800160977248288,scrambled_array_coordinate
scrambled,46,39,48,-0.13281610484008022,scrambled_array_coordinate
scrambled,49,39,48,-0.041074361209897568,scrambled_array_coordinate
scrambled,2,40,48,0.050948264329236458,scrambled_array_coordinate
scrambled,5,40,48,-0.053717354559382702,scrambled_array_coordinate
scrambled,9,40,48,-0.038891571367126947,scrambled_array_coordinate
scrambled,10,40,48,0.061386215208794226,scrambled_array_coordinate
scrambled,11,40,48,-0.047848098543589554,scrambled_array_coordinate
scrambled,19,40,48,0.048514565237418296,scrambled_array_coordinate
scrambled,21,40,48,-0.043581059182907708,scrambled_array_coordinate
scrambled,24,40,48,-0.045764707080591098,scrambled_array_coordinate
scrambled,28,40,48,0.037878735927176846,scrambled_array_coordinate
scrambled,29,40,48,-0.038932077536924736,scrambled_array_coordinate
scrambled,35,40,48,0.054288312332707457,scrambled_array_coordinate
scrambled,40,40,48,0.065922216818619928,scrambled_array_coordinate
scrambled,41,40,48,0.053100163214873,scrambled_array_coordinate
scrambled,43,40,48,-0.053051907132564406,scrambled_array_coordinate
scrambled,49,40,48,-0.04782287086012553,scrambled_array_coordinate
scrambled,4,41,48,-0.036029387414469885,scrambled_array_coordinate
scrambled,10,41,48,0.039699593042108246,scrambled_array_coordinate
scrambled,11,41,48,-0.05007803697325424,scrambled_array_coordinate
scrambled,13,41,48,-0.043352756161029349,scrambled_array_coordinate
scrambled,22,41,48,-0.053855371820278962,scrambled_array_coordinate
scrambled,33,41,48,0.045800442419089558,scrambled_array_coordinate
scrambled,34,41,48,0.041735697298250794,scrambled_array_coordinate
scrambled,36,41,48,0.045254500213235474,scrambled_array_coordinate
scrambled,46,41,48,0.050623167487982429,scrambled_array_coordinate
scrambled,6,42,48,0.049872985942949033,scrambled_array_coordinate
scrambled,41,42,48,-0.046722872211910751,scrambled_array_coordinate
scrambled,44,42,48,-0.041178073687587233,scrambled_array_coordinate
scrambled,45,42,48,0.035827646524374236,scrambled_array_coordinate
scrambled,49,42,48,0.068705307239659494,scrambled_array_coordinate
scrambled,7,43,48,-0.037536640574260517,scrambled_array_coordinate
scrambled,10,43,48,0.041924664706752664,scrambled_array_coordinate
scrambled,11,43,48,-0.06842270930066556,scrambled_array_coordinate
scrambled,12,43,48,0.037798251422145733,scrambled_array_coordinate
scrambled,24,43,48,-0.042651598120186825,scrambled_array_coordinate
scrambled,34,43,48,0.043771909324099412,scrambled_array_coordinate
scrambled,37,43,48,-0.041168664064672809,scrambled_array_coordinate
scrambled,42,43,48,0.043991228012583553,scrambled_array_coordinate
scrambled,44,43,48,0.040713927445763479,scrambled_array_coordinate
scrambled,46,43,48,0.052207473739653905,scrambled_array_coordinate
scrambled,4,44,48,0.063722023632147129,scrambled_array_coordinate
scrambled,5,44,48,-0.045712266535575939,scrambled_array_coordinate
scrambled,9,44,48,-0.054464788803718071,scrambled_array_coordinate
scrambled,12,44,48,-0.036885299581137704,scrambled_array_coordinate
scrambled,19,44,48,0.037941962394124278,scrambled_array_coordinate
scrambled,21,44,48,-0.040742777332551723,scrambled_array_coordinate
scrambled,22,44,48,0.057239797787114681,scrambled_array_coordinate
scrambled,28,44,48,0.056910438430764342,scrambled_array_coordinate
scrambled,31,44,48,-0.044241813566073797,scrambled_array_coordinate
scrambled,36,44,48,-0.062770957390000826,scrambled_array_coordinate
scrambled,41,44,48,0.078385700276919351,scrambled_array_coordinate
scrambled,0,45,48,-0.043090235816406419,scrambled_array_coordinate
scrambled,46,45,48,0.04526627604289362,scrambled_array_coordinate
scrambled,0,46,48,0.040866994405298375,scrambled_array_coordinate
scrambled,28,46,48,0.044780308946395918,scrambled_array_coordinate
scrambled,40,46,48,0.045627446733369784,scrambled_array_coordinate
scrambled,41,46,48,0.053709986879787119,scrambled_array_coordinate
scrambled,43,46,48,-0.039269090675685708,scrambled_array_coordinate
scrambled,2,47,48,-0.056244825338786615,scrambled_array_coordinate
scrambled,9,47,48,0.060203990628499321,scrambled_array_coordinate
scrambled,21,47,48,0.042324108872855024,scrambled_array_coordinate
scrambled,24,47,48,0.047462998494099171,scrambled_array_coordinate
scrambled,28,47,48,-0.048474966783313117,scrambled_array_coordinate
scrambled,29,47,48,0.047066113511781804,scrambled_array_coordinate
scrambled,35,47,48,-0.041708429048627635,scrambled_array_coordinate
scrambled,40,47,48,-0.087929649370132881,scrambled_array_coordinate
scrambled,41,47,48,-0.075681384893259387,scrambled_array_coordinate
scrambled,43,47,48,0.085208210309480933,scrambled_array_coordinate
scrambled,49,47,48,0.039747072852533795,scrambled_array_coordinate
scrambled,4,48,48,-0.047737209995679743,scrambled_array_coordinate
scrambled,6,48,48,-0.051684905066053367,scrambled_array_coordinate
scrambled,10,48,48,0.060112203953529189,scrambled_array_coordinate
scrambled,15,48,48,-0.038155721659293276,scrambled_array_coordinate
scrambled,18,48,48,0.03885758577728151,scrambled_array_coordinate
scrambled,22,48,48,-0.041624355078311422,scrambled_array_coordinate
scrambled,40,48,48,0.04344479266461268,scrambled_array_coordinate
scrambled,35,49,48,0.036605795210347923,scrambled_array_coordinate
scrambled,40,49,48,0.056732922393485777,scrambled_array_coordinate
scrambled,41,49,48,0.067813383416855416,scrambled_array_coordinate
scrambled,43,49,48,-0.044121904352566729,scrambled_array_coordinate
scrambled,7,2,49,-0.043554483762897167,scrambled_array_coordinate
scrambled,13,2,49,0.039258454540039123,scrambled_array_coordinate
scrambled,46,2,49,0.051031711516660187,scrambled_array_coordinate
scrambled,6,3,49,-0.03903375371079168,scrambled_array_coordinate
scrambled,14,3,49,0.036574563751954413,scrambled_array_coordinate
scrambled,35,3,49,0.036432253159462864,scrambled_array_coordinate
scrambled,24,6,49,-0.043885580520722181,scrambled_array_coordinate
scrambled,17,8,49,-0.040690379966900052,scrambled_array_coordinate
scrambled,21,8,49,0.054871553550768004,scrambled_array_coordinate
scrambled,30,8,49,-0.043540124649515184,scrambled_array_coordinate
scrambled,31,8,49,0.042909838050217947,scrambled_array_coordinate
scrambled,40,8,49,0.035885586979041199,scrambled_array_coordinate
scrambled,7,10,49,0.042382351868347996,scrambled_array_coordinate
scrambled,13,10,49,-0.054793000849165129,scrambled_array_coordinate
scrambled,17,10,49,-0.036323278302383522,scrambled_array_coordinate
scrambled,37,10,49,0.036921265100843516,scrambled_array_coordinate
scrambled,3,12,49,0.040111923847385364,scrambled_array_coordinate
scrambled,19,12,49,-0.036480695466701317,scrambled_array_coordinate
scrambled,31,12,49,0.042642374260779027,scrambled_array_coordinate
scrambled,46,12,49,0.039138763690924658,scrambled_array_coordinate
scrambled,13,14,49,-0.041137064599090563,scrambled_array_coordinate
scrambled,46,14,49,-0.03977062374498809,scrambled_array_coordinate
scrambled,32,15,49,-0.03621223130154546,scrambled_array_coordinate
scrambled,33,17,49,-0.03922742353710007,scrambled_array_coordinate
scrambled,17,19,49,-0.037335279457584206,scrambled_array_coordinate
scrambled,37,20,49,-0.04831080439730364,scrambled_array_coordinate
scrambled,46,20,49,0.046903278454707431,scrambled_array_coordinate
scrambled,3,21,49,0.053102063963915869,scrambled_array_coordinate
scrambled,14,21,49,0.035891000703845502,scrambled_array_coordinate
scrambled,19,21,49,-0.062303038646490422,scrambled_array_coordinate
scrambled,21,21,49,0.051271622636802898,scrambled_array_coordinate
scrambled,22,21,49,0.053909487253458871,scrambled_array_coordinate
scrambled,25,21,49,-0.048694806053935023,scrambled_array_coordinate
scrambled,41,21,49,0.061963340213916897,scrambled_array_coordinate
scrambled,5,23,49,-0.040437610698182774,scrambled_array_coordinate
scrambled,24,23,49,0.035806435258291976,scrambled_array_coordinate
scrambled,30,23,49,-0.037643966630020703,scrambled_array_coordinate
scrambled,40,23,49,0.045516164644252274,scrambled_array_coordinate
scrambled,46,23,49,-0.045691557806564004,scrambled_array_coordinate
scrambled,47,23,49,0.040151588754977902,scrambled_array_coordinate
scrambled,9,24,49,0.036101213040328567,scrambled_array_coordinate
scrambled,13,24,49,-0.053115297109135672,scrambled_array_coordinate
scrambled,40,24,49,-0.048138630183867444,scrambled_array_coordinate
scrambled,43,25,49,-0.039685141326305982,scrambled_array_coordinate
scrambled,41,26,49,0.036934782060887794,scrambled_array_coordinate
scrambled,41,29,49,-0.038718831460988035,scrambled_array_coordinate
scrambled,46,34,49,0.044568225540798784,scrambled_array_coordinate
scrambled,46,35,49,0.06985915249481231,scrambled_array_coordinate
scrambled,13,36,49,0.037744266468928034,scrambled_array_coordinate
scrambled,46,36,49,0.054131566006986757,scrambled_array_coordinate
scrambled,25,37,49,-0.036888148187320745,scrambled_array_coordinate
scrambled,20,38,49,0.041922390280123949,scrambled_array_coordinate
scrambled,3,39,49,0.038916305424212976,scrambled_array_coordinate
scrambled,18,39,49,0.036222706318771107,scrambled_array_coordinate
scrambled,31,39,49,0.046094489553747092,scrambled_array_coordinate
scrambled,33,39,49,0.039218016687163251,scrambled_array_coordinate
scrambled,19,40,49,0.035868146252995982,scrambled_array_coordinate
scrambled,22,40,49,-0.047179827194522315,scrambled_array_coordinate
scrambled,3,41,49,0.062413745850782763,scrambled_array_coordinate
scrambled,5,41,49,-0.035965575875239096,scrambled_array_coordinate
scrambled,22,41,49,0.047625835250855592,scrambled_array_coordinate
scrambled,3,42,49,-0.037658178805084416,scrambled_array_coordinate
scrambled,40,43,49,0.038455859502345174,scrambled_array_coordinate
scrambled,7,47,49,0.038988168958671139,scrambled_array_coordinate
scrambled,24,47,49,0.04155772860253306,scrambled_array_coordinate
scrambled,46,47,49,-0.062699377738616752,scrambled_array_coordinate
recovered,0,48,46,-0.060046941816292443,literal_lattice_coordinate_aligned_by_transform_argmax
recovered,0,28,48,-0.089961941784984914,literal_lattice_coordinate_aligned_by_transform_argmax
recovered,0,48,48,0.11043459463268426,literal_lattice_coordinate_aligned_by_transform_argmax
recovered,1,36,48,-0.080475043590435544,literal_lattice_coordinate_aligned_by_transform_argmax
recovered,0,36,48,0.18170759765571784,literal_lattice_coordinate_aligned_by_transform_argmax
recovered,0,36,48,0.084479119788215026,literal_lattice_coordinate_aligned_by_transform_argmax
recovered,1,48,1,0.060094509327844235,literal_lattice_coordinate_aligned_by_transform_argmax
recovered,0,48,1,0.10205775583529042,literal_lattice_coordinate_aligned_by_transform_argmax
recovered,1,36,1,0.10066335169333557,literal_lattice_coordinate_aligned_by_transform_argmax
recovered,1,36,1,0.085927619902988167,literal_lattice_coordinate_aligned_by_transform_argmax
recovered,0,16,1,-0.062587894372893124,literal_lattice_coordinate_aligned_by_transform_argmax
recovered,0,16,1,0.064445069666830904,literal_lattice_coordinate_aligned_by_transform_argmax
recovered,0,21,1,-0.080998206014865487,literal_lattice_coordinate_aligned_by_transform_argmax
recovered,30,26,1,-0.099718094519960609,literal_lattice_coordinate_aligned_by_transform_argmax
recovered,30,15,37,-0.05957907703569762,literal_lattice_coordinate_aligned_by_transform_argmax
recovered,30,15,37,0.082967549958995648,literal_lattice_coordinate_aligned_by_transform_argmax
recovered,30,42,37,0.088611495103753199,literal_lattice_coordinate_aligned_by_transform_argmax
recovered,21,30,37,-0.060814236062154442,literal_lattice_coordinate_aligned_by_transform_argmax
recovered,6,30,37,-0.074724058160599516,literal_lattice_coordinate_aligned_by_transform_argmax
recovered,0,28,44,-0.17562195004644657,literal_lattice_coordinate_aligned_by_transform_argmax
recovered,30,48,44,-0.067240222229428548,literal_lattice_coordinate_aligned_by_transform_argmax
recovered,0,48,44,0.067657566813813699,literal_lattice_coordinate_aligned_by_transform_argmax
recovered,12,36,44,-0.059268331450622089,literal_lattice_coordinate_aligned_by_transform_argmax
recovered,15,36,44,-0.08894539957216395,literal_lattice_coordinate_aligned_by_transform_argmax
recovered,39,36,44,-0.060052741518321344,literal_lattice_coordinate_aligned_by_transform_argmax
recovered,0,36,44,0.090232884560453849,literal_lattice_coordinate_aligned_by_transform_argmax
recovered,37,36,44,-0.058446581258858973,literal_lattice_coordinate_aligned_by_transform_argmax
recovered,32,36,44,0.07403840097998568,literal_lattice_coordinate_aligned_by_transform_argmax
recovered,15,36,44,0.17956327824804616,literal_lattice_coordinate_aligned_by_transform_argmax
recovered,1,36,44,0.071867534867266228,literal_lattice_coordinate_aligned_by_transform_argmax
recovered,0,36,44,0.064498238793494353,literal_lattice_coordinate_aligned_by_transform_argmax
recovered,32,16,44,-0.084694510854021049,literal_lattice_coordinate_aligned_by_transform_argmax
recovered,15,16,44,-0.063025393244029282,literal_lattice_coordinate_aligned_by_transform_argmax
recovered,0,16,44,-0.0827544839455924,literal_lattice_coordinate_aligned_by_transform_argmax
recovered,12,16,44,0.1723477977294986,literal_lattice_coordinate_aligned_by_transform_argmax
recovered,15,16,44,0.26853282446336585,literal_lattice_coordinate_aligned_by_transform_argmax
recovered,12,21,44,0.070563960570538528,literal_lattice_coordinate_aligned_by_transform_argmax
recovered,15,21,44,0.14604374219278091,literal_lattice_coordinate_aligned_by_transform_argmax
recovered,37,15,44,0.11123173670186058,literal_lattice_coordinate_aligned_by_transform_argmax
recovered,12,15,44,0.28394367938017678,literal_lattice_coordinate_aligned_by_transform_argmax
recovered,15,15,44,0.064281938269299815,literal_lattice_coordinate_aligned_by_transform_argmax
recovered,1,15,44,-0.074021780354393149,literal_lattice_coordinate_aligned_by_transform_argmax
recovered,16,15,44,-0.087643957802455194,literal_lattice_coordinate_aligned_by_transform_argmax
recovered,12,15,44,0.21257998548889334,literal_lattice_coordinate_aligned_by_transform_argmax
recovered,15,15,44,0.10565078757086037,literal_lattice_coordinate_aligned_by_transform_argmax
recovered,37,42,44,-0.057681947535603802,literal_lattice_coordinate_aligned_by_transform_argmax
recovered,37,30,44,0.085477532718736732,literal_lattice_coordinate_aligned_by_transform_argmax
recovered,30,26,44,0.11752553258276217,literal_lattice_coordinate_aligned_by_transform_argmax
recovered,0,28,32,-0.17173646353065611,literal_lattice_coordinate_aligned_by_transform_argmax
recovered,32,48,32,-0.059401432130569198,literal_lattice_coordinate_aligned_by_transform_argmax
recovered,15,48,32,0.077871752689756379,literal_lattice_coordinate_aligned_by_transform_argmax
recovered,0,48,32,-0.092780261100143618,literal_lattice_coordinate_aligned_by_transform_argmax
recovered,32,36,32,-0.068783448993524787,literal_lattice_coordinate_aligned_by_transform_argmax
recovered,39,36,32,-0.082237716414785569,literal_lattice_coordinate_aligned_by_transform_argmax
recovered,0,36,32,-0.063935928270453371,literal_lattice_coordinate_aligned_by_transform_argmax
recovered,32,36,32,0.093539545924117007,literal_lattice_coordinate_aligned_by_transform_argmax
recovered,32,16,32,-0.25594331833361961,literal_lattice_coordinate_aligned_by_transform_argmax
recovered,15,16,32,0.16427731415670924,literal_lattice_coordinate_aligned_by_transform_argmax
recovered,39,16,32,-0.087014959929386251,literal_lattice_coordinate_aligned_by_transform_argmax
recovered,32,16,32,-0.26459273480327355,literal_lattice_coordinate_aligned_by_transform_argmax
recovered,39,16,32,-0.080721422324758457,literal_lattice_coordinate_aligned_by_transform_argmax
recovered,0,16,32,-0.057333866861027871,literal_lattice_coordinate_aligned_by_transform_argmax
recovered,15,21,32,-0.058885626603763383,literal_lattice_coordinate_aligned_by_transform_argmax
recovered,37,15,32,-0.096198421099147474,literal_lattice_coordinate_aligned_by_transform_argmax
recovered,12,15,32,-0.10703515517147615,literal_lattice_coordinate_aligned_by_transform_argmax
recovered,16,15,32,0.057866509064257506,literal_lattice_coordinate_aligned_by_transform_argmax
recovered,37,15,32,0.065120421815493101,literal_lattice_coordinate_aligned_by_transform_argmax
recovered,12,15,32,-0.089224397712901166,literal_lattice_coordinate_aligned_by_transform_argmax
recovered,15,15,32,-0.064640655399348101,literal_lattice_coordinate_aligned_by_transform_argmax
recovered,16,42,32,0.077803767228832865,literal_lattice_coordinate_aligned_by_transform_argmax
recovered,37,42,32,0.12627381859327075,literal_lattice_coordinate_aligned_by_transform_argmax
recovered,32,42,32,0.1233240884239451,literal_lattice_coordinate_aligned_by_transform_argmax
recovered,18,26,32,-0.064171886863079577,literal_lattice_coordinate_aligned_by_transform_argmax
recovered,32,26,32,0.068069017521147815,literal_lattice_coordinate_aligned_by_transform_argmax
recovered,16,44,32,-0.06825042669679976,literal_lattice_coordinate_aligned_by_transform_argmax
recovered,16,47,32,0.091950617253174563,literal_lattice_coordinate_aligned_by_transform_argmax
recovered,0,28,30,-0.13222972464942553,literal_lattice_coordinate_aligned_by_transform_argmax
recovered,15,36,30,-0.068968283473656536,literal_lattice_coordinate_aligned_by_transform_argmax
recovered,39,36,30,-0.062587112718326718,literal_lattice_coordinate_aligned_by_transform_argmax
recovered,32,16,30,-0.076594137849744073,literal_lattice_coordinate_aligned_by_transform_argmax
recovered,15,16,30,0.099672803112318534,literal_lattice_coordinate_aligned_by_transform_argmax
recovered,12,16,30,-0.10525809122191147,literal_lattice_coordinate_aligned_by_transform_argmax
recovered,32,16,30,-0.093490784391940002,literal_lattice_coordinate_aligned_by_transform_argmax
recovered,15,16,30,-0.092566716424040726,literal_lattice_coordinate_aligned_by_transform_argmax
recovered,15,21,30,-0.078307250175198281,literal_lattice_coordinate_aligned_by_transform_argmax
recovered,16,15,30,0.10147802648920295,literal_lattice_coordinate_aligned_by_transform_argmax
recovered,37,15,30,0.060489462816938996,literal_lattice_coordinate_aligned_by_transform_argmax
recovered,12,15,30,-0.15640952939506536,literal_lattice_coordinate_aligned_by_transform_argmax
recovered,32,15,30,0.07708481462059491,literal_lattice_coordinate_aligned_by_transform_argmax
recovered,21,15,30,0.059122712562156364,literal_lattice_coordinate_aligned_by_transform_argmax
recovered,37,15,30,-0.19057275164055193,literal_lattice_coordinate_aligned_by_transform_argmax
recovered,12,15,30,-0.14815442083498689,literal_lattice_coordinate_aligned_by_transform_argmax
recovered,16,42,30,-0.137566276723913,literal_lattice_coordinate_aligned_by_transform_argmax
recovered,37,42,30,-0.16993866057521981,literal_lattice_coordinate_aligned_by_transform_argmax
recovered,32,42,30,-0.069060152579415085,literal_lattice_coordinate_aligned_by_transform_argmax
recovered,27,26,30,0.090281243266375502,literal_lattice_coordinate_aligned_by_transform_argmax
recovered,16,26,30,-0.084392361315853523,literal_lattice_coordinate_aligned_by_transform_argmax
recovered,30,26,30,-0.077194021749626696,literal_lattice_coordinate_aligned_by_transform_argmax
recovered,32,16,10,-0.19434611944656702,literal_lattice_coordinate_aligned_by_transform_argmax
recovered,12,16,10,0.079596582708149247,literal_lattice_coordinate_aligned_by_transform_argmax
recovered,32,16,10,-0.13208958412544139,literal_lattice_coordinate_aligned_by_transform_argmax
recovered,15,16,10,0.14809323414670644,literal_lattice_coordinate_aligned_by_transform_argmax
recovered,6,21,10,-0.071064162142149279,literal_lattice_coordinate_aligned_by_transform_argmax
recovered,21,15,10,-0.062270035859409011,literal_lattice_coordinate_aligned_by_transform_argmax
recovered,37,15,10,0.10248531267613059,literal_lattice_coordinate_aligned_by_transform_argmax
recovered,12,15,10,0.10292462339851259,literal_lattice_coordinate_aligned_by_transform_argmax
recovered,21,15,10,0.10390411096453207,literal_lattice_coordinate_aligned_by_transform_argmax
recovered,16,15,10,-0.062132754492361643,literal_lattice_coordinate_aligned_by_transform_argmax
recovered,37,15,10,-0.08345438290575509,literal_lattice_coordinate_aligned_by_transform_argmax
recovered,12,15,10,0.096823505400706639,literal_lattice_coordinate_aligned_by_transform_argmax
recovered,15,15,10,0.064148089207056891,literal_lattice_coordinate_aligned_by_transform_argmax
recovered,24,42,10,0.058232903634166708,literal_lattice_coordinate_aligned_by_transform_argmax
recovered,21,42,10,-0.14036210727846321,literal_lattice_coordinate_aligned_by_transform_argmax
recovered,6,42,10,0.098163288682738908,literal_lattice_coordinate_aligned_by_transform_argmax
recovered,18,42,10,0.069815810791548319,literal_lattice_coordinate_aligned_by_transform_argmax
recovered,16,42,10,-0.1321834449814942,literal_lattice_coordinate_aligned_by_transform_argmax
recovered,37,42,10,-0.14512902877226297,literal_lattice_coordinate_aligned_by_transform_argmax
recovered,12,42,10,-0.064826721058499209,literal_lattice_coordinate_aligned_by_transform_argmax
recovered,16,26,10,-0.086958283416503801,literal_lattice_coordinate_aligned_by_transform_argmax
recovered,6,7,10,-0.070147750077087914,literal_lattice_coordinate_aligned_by_transform_argmax
recovered,37,16,30,-0.061103931619020828,literal_lattice_coordinate_aligned_by_transform_argmax
recovered,32,16,30,-0.17395382767122758,literal_lattice_coordinate_aligned_by_transform_argmax
recovered,32,16,30,-0.14079827160025643,literal_lattice_coordinate_aligned_by_transform_argmax
recovered,15,16,30,0.10019966374218543,literal_lattice_coordinate_aligned_by_transform_argmax
recovered,16,15,30,0.071223319775646221,literal_lattice_coordinate_aligned_by_transform_argmax
recovered,12,15,30,0.06606717769351958,literal_lattice_coordinate_aligned_by_transform_argmax
recovered,27,15,30,0.064549535102015623,literal_lattice_coordinate_aligned_by_transform_argmax
recovered,16,15,30,-0.12975519612917827,literal_lattice_coordinate_aligned_by_transform_argmax
recovered,37,15,30,-0.071019301277723518,literal_lattice_coordinate_aligned_by_transform_argmax
recovered,15,15,30,0.065370741688597273,literal_lattice_coordinate_aligned_by_transform_argmax
recovered,16,42,30,-0.11022415518248559,literal_lattice_coordinate_aligned_by_transform_argmax
recovered,37,42,30,-0.18596295003059118,literal_lattice_coordinate_aligned_by_transform_argmax
recovered,27,30,30,0.092142830781616211,literal_lattice_coordinate_aligned_by_transform_argmax
recovered,21,44,30,0.056854311457007936,literal_lattice_coordinate_aligned_by_transform_argmax
recovered,0,28,26,0.1235283903298748,literal_lattice_coordinate_aligned_by_transform_argmax
recovered,30,48,26,-0.067288061034811747,literal_lattice_coordinate_aligned_by_transform_argmax
recovered,15,36,26,0.062307049903992988,literal_lattice_coordinate_aligned_by_transform_argmax
recovered,39,36,26,0.061586182766008087,literal_lattice_coordinate_aligned_by_transform_argmax
recovered,15,36,26,-0.10492075437373899,literal_lattice_coordinate_aligned_by_transform_argmax
recovered,32,16,26,-0.06655370220496129,literal_lattice_coordinate_aligned_by_transform_argmax
recovered,27,21,26,-0.057294353901866935,literal_lattice_coordinate_aligned_by_transform_argmax
recovered,15,21,26,-0.061296423024342121,literal_lattice_coordinate_aligned_by_transform_argmax
recovered,16,15,26,0.058748454061647679,literal_lattice_coordinate_aligned_by_transform_argmax
recovered,37,15,26,0.10315598043007741,literal_lattice_coordinate_aligned_by_transform_argmax
recovered,12,15,26,-0.057610084377429788,literal_lattice_coordinate_aligned_by_transform_argmax
recovered,27,15,26,0.096657566493797656,literal_lattice_coordinate_aligned_by_transform_argmax
recovered,6,15,26,0.070731096133444735,literal_lattice_coordinate_aligned_by_transform_argmax
recovered,16,15,26,-0.094449879747990725,literal_lattice_coordinate_aligned_by_transform_argmax
recovered,37,15,26,-0.16329499588961172,literal_lattice_coordinate_aligned_by_transform_argmax
recovered,16,42,26,-0.12538950251568406,literal_lattice_coordinate_aligned_by_transform_argmax
recovered,37,42,26,-0.096882943530130786,literal_lattice_coordinate_aligned_by_transform_argmax
recovered,27,30,26,0.17191623468400616,literal_lattice_coordinate_aligned_by_transform_argmax
recovered,21,30,26,-0.075729563349735615,literal_lattice_coordinate_aligned_by_transform_argmax
recovered,6,30,26,0.073940543211145085,literal_lattice_coordinate_aligned_by_transform_argmax
recovered,16,30,26,-0.089547122627696804,literal_lattice_coordinate_aligned_by_transform_argmax
recovered,27,26,26,-0.080237215667855535,literal_lattice_coordinate_aligned_by_transform_argmax
recovered,39,28,21,-0.064618582493689347,literal_lattice_coordinate_aligned_by_transform_argmax
recovered,1,28,21,-0.06399129345463718,literal_lattice_coordinate_aligned_by_transform_argmax
recovered,0,28,21,-0.082184567716767909,literal_lattice_coordinate_aligned_by_transform_argmax
recovered,37,48,21,-0.067930250019061847,literal_lattice_coordinate_aligned_by_transform_argmax
recovered,15,36,21,0.070365351590440869,literal_lattice_coordinate_aligned_by_transform_argmax
recovered,37,16,21,0.062849183361525285,literal_lattice_coordinate_aligned_by_transform_argmax
recovered,21,21,21,-0.062912985096767293,literal_lattice_coordinate_aligned_by_transform_argmax
recovered,37,15,21,0.10396914334859025,literal_lattice_coordinate_aligned_by_transform_argmax
recovered,12,15,21,0.11235204257719245,literal_lattice_coordinate_aligned_by_transform_argmax
recovered,15,15,21,0.062388767000395695,literal_lattice_coordinate_aligned_by_transform_argmax
recovered,37,15,21,-0.073642028794177208,literal_lattice_coordinate_aligned_by_transform_argmax
recovered,21,42,21,0.057735286949097998,literal_lattice_coordinate_aligned_by_transform_argmax
recovered,0,28,10,0.14830659763668716,literal_lattice_coordinate_aligned_by_transform_argmax
recovered,30,48,10,0.059455059748914449,literal_lattice_coordinate_aligned_by_transform_argmax
recovered,15,36,10,0.10211419983230002,literal_lattice_coordinate_aligned_by_transform_argmax
recovered,39,36,10,0.088413445286404907,literal_lattice_coordinate_aligned_by_transform_argmax
recovered,15,36,10,-0.13340971853453204,literal_lattice_coordinate_aligned_by_transform_argmax
recovered,21,21,10,-0.083390515580794855,literal_lattice_coordinate_aligned_by_transform_argmax
recovered,27,15,10,-0.074661652187470617,literal_lattice_coordinate_aligned_by_transform_argmax
recovered,30,15,10,0.062169006474347303,literal_lattice_coordinate_aligned_by_transform_argmax
recovered,21,42,10,0.10875335681176321,literal_lattice_coordinate_aligned_by_transform_argmax
recovered,6,42,10,-0.083282049067225555,literal_lattice_coordinate_aligned_by_transform_argmax
recovered,18,42,10,-0.060218614288482707,literal_lattice_coordinate_aligned_by_transform_argmax
recovered,16,42,10,0.097472143291993663,literal_lattice_coordinate_aligned_by_transform_argmax
recovered,37,42,10,0.061977280339088989,literal_lattice_coordinate_aligned_by_transform_argmax
recovered,32,42,10,0.07949381057835489,literal_lattice_coordinate_aligned_by_transform_argmax
recovered,26,30,10,-0.067662648197443387,literal_lattice_coordinate_aligned_by_transform_argmax
recovered,27,30,10,-0.14491662508052494,literal_lattice_coordinate_aligned_by_transform_argmax
recovered,27,26,10,0.058606259540786,literal_lattice_coordinate_aligned_by_transform_argmax
recovered,6,48,42,0.059494755884259787,literal_lattice_coordinate_aligned_by_transform_argmax
recovered,32,48,42,-0.058878953791606362,literal_lattice_coordinate_aligned_by_transform_argmax
recovered,0,48,42,0.066365210637432906,literal_lattice_coordinate_aligned_by_transform_argmax
recovered,32,16,42,-0.062407749044342826,literal_lattice_coordinate_aligned_by_transform_argmax
recovered,21,15,42,-0.071536272376581389,literal_lattice_coordinate_aligned_by_transform_argmax
recovered,21,42,42,0.060794663092216608,literal_lattice_coordinate_aligned_by_transform_argmax
recovered,15,28,0,-0.060472323688909681,literal_lattice_coordinate_aligned_by_transform_argmax
recovered,39,28,0,0.080196514201361951,literal_lattice_coordinate_aligned_by_transform_argmax
recovered,27,15,0,0.070113392529394081,literal_lattice_coordinate_aligned_by_transform_argmax
recovered,27,30,0,0.096774325643772613,literal_lattice_coordinate_aligned_by_transform_argmax
recovered,15,28,36,-0.057494354886451958,literal_lattice_coordinate_aligned_by_transform_argmax
recovered,21,15,36,-0.05719295336042602,literal_lattice_coordinate_aligned_by_transform_argmax
recovered,0,48,43,0.087930381340812366,literal_lattice_coordinate_aligned_by_transform_argmax
recovered,15,36,43,0.072821705260226438,literal_lattice_coordinate_aligned_by_transform_argmax
recovered,39,36,43,0.057429251271168158,literal_lattice_coordinate_aligned_by_transform_argmax
recovered,15,36,43,-0.064354483398773893,literal_lattice_coordinate_aligned_by_transform_argmax
