d,valence,eltype,solve_tol,target,ops,method,solver,threads,heap_hint_gb,timeout_s,der_seconds,strat_seconds,total_seconds,bytes,nullity,residual,meets_target,lsq_err,support,perm_ok,dims,nnz,status
10,3,Float32,1e-08,1e-08,universal,Auto,none,8,10.0,30.0,0.0174,0.0002,0.0176,3076720,14,7.951570296427235e-5,false,0.6166183079791772,0.6197818672278906,false,10 10 10,55,ok
10,3,Float32,1e-08,1e-08,universal,Auto,none,8,10.0,30.0,0.0098,0.0002,0.0100,3076720,14,4.9712834879755974e-5,false,1.0,0.0,false,10 10 10,55,ok
10,3,Float32,1e-08,1e-08,universal,Auto,none,8,10.0,30.0,0.0113,0.0001,0.0114,3076720,14,2.4233049771282822e-5,false,0.9736020578870731,0.052099032878056784,false,10 10 10,55,ok
10,3,Float32,1e-08,1e-08,universal,QuickDer/Auto,AutoSolver,8,10.0,30.0,0.0055,0.0001,0.0056,3202352,13,1.0939824335309822e-7,false,1.0,0.0,false,10 10 10,55,ok
10,3,Float32,1e-08,1e-08,universal,QuickDer/Auto,AutoSolver,8,10.0,30.0,0.0135,0.0001,0.0137,3202352,13,2.3037374319301307e-7,false,0.8658407461341558,0.2503198023338493,false,10 10 10,55,ok
10,3,Float32,1e-08,1e-08,universal,QuickDer/Auto,AutoSolver,8,10.0,30.0,0.0059,0.0001,0.0060,3202352,13,1.5334583736148488e-7,false,0.49896220388735496,0.751036719091874,false,10 10 10,55,ok
10,3,Float32,1e-08,1e-08,universal,QuickDer/Arpack,ArpackSolver,8,10.0,30.0,0.0059,0.0001,0.0060,3202352,13,1.5436548039815534e-7,false,0.860102111804874,0.26022435726879567,false,10 10 10,55,ok
10,3,Float32,1e-08,1e-08,universal,QuickDer/Arpack,ArpackSolver,8,10.0,30.0,0.0059,0.0001,0.0059,3202352,13,1.7074265201699745e-7,false,0.8118316048086511,0.3409294454338115,false,10 10 10,55,ok
10,3,Float32,1e-08,1e-08,universal,QuickDer/Arpack,ArpackSolver,8,10.0,30.0,0.0083,0.0003,0.0086,3202352,13,1.4904087208833516e-7,false,0.9516542623079152,0.09435416503117763,false,10 10 10,55,ok
10,3,Float32,1e-08,1e-08,universal,QuickDer/Gram,GramSolver,8,10.0,30.0,0.0066,0.0002,0.0067,3202352,13,1.5039847767184256e-7,false,0.9290849872046439,0.1368010865509469,false,10 10 10,55,ok
10,3,Float32,1e-08,1e-08,universal,QuickDer/Gram,GramSolver,8,10.0,30.0,0.0064,0.0002,0.0065,3202352,13,1.9347338309216866e-7,false,0.8086989104176147,0.34600617685198426,false,10 10 10,55,ok
10,3,Float32,1e-08,1e-08,universal,QuickDer/Gram,GramSolver,8,10.0,30.0,0.0073,0.0002,0.0075,3202352,13,1.7331291246591718e-7,false,0.521474566969113,0.7280642775126943,false,10 10 10,55,ok
10,3,Float32,1e-08,1e-08,universal,QuickDer3,none,8,10.0,30.0,0.0058,0.0001,0.0059,4137024,14,8.915899525163695e-5,false,1.0,0.0,false,10 10 10,55,ok
10,3,Float32,1e-08,1e-08,universal,QuickDer3,none,8,10.0,30.0,0.0051,0.0001,0.0052,4137024,14,3.760454274015501e-5,false,1.0,0.0,false,10 10 10,55,ok
10,3,Float32,1e-08,1e-08,universal,QuickDer3,none,8,10.0,30.0,0.0120,0.0001,0.0122,4137024,14,7.000712503213435e-5,false,1.0,0.0,false,10 10 10,55,ok
10,3,Float32,1e-08,1e-08,universal,SylverLining/Auto,AutoSolver,8,10.0,30.0,0.0112,0.0002,0.0114,3074768,14,3.3443768188590184e-5,false,0.5223891486244532,0.727109577833909,false,10 10 10,55,ok
10,3,Float32,1e-08,1e-08,universal,SylverLining/Auto,AutoSolver,8,10.0,30.0,0.0108,0.0002,0.0109,3074768,14,1.2387657989165746e-5,false,0.8449981780993285,0.2859780790088149,false,10 10 10,55,ok
10,3,Float32,1e-08,1e-08,universal,SylverLining/Auto,AutoSolver,8,10.0,30.0,0.0105,0.0001,0.0106,3074768,14,1.0157841643376742e-5,false,0.4766776199281209,0.7727784466596622,false,10 10 10,55,ok
10,3,Float32,1e-08,1e-08,universal,SylverLining/Gram,GramSolver,8,10.0,30.0,0.0040,0.0002,0.0042,2705696,14,3.432700168559677e-6,false,0.9145727330857595,0.16355671589604434,false,10 10 10,55,ok
10,3,Float32,1e-08,1e-08,universal,SylverLining/Gram,GramSolver,8,10.0,30.0,0.0045,0.0001,0.0046,2697488,13,4.6619941713288426e-5,false,1.0,0.0,false,10 10 10,55,ok
10,3,Float32,1e-08,1e-08,universal,SylverLining/Gram,GramSolver,8,10.0,30.0,0.0032,0.0001,0.0033,2697488,13,2.5157245545415208e-5,false,0.9386084229977304,0.11901429459489388,false,10 10 10,55,ok
10,3,Float32,1e-08,1e-08,universal,SylverLining/LU,LUSolver,8,10.0,30.0,0.0049,0.0001,0.0050,1809440,14,6.3174907154461835e-6,false,1.0,0.0,false,10 10 10,55,ok
10,3,Float32,1e-08,1e-08,universal,SylverLining/LU,LUSolver,8,10.0,30.0,0.0054,0.0002,0.0055,1809440,14,1.4523983736580703e-5,false,1.0,0.0,false,10 10 10,55,ok
10,3,Float32,1e-08,1e-08,universal,SylverLining/LU,LUSolver,8,10.0,30.0,0.0049,0.0001,0.0050,1809440,14,3.4326752938795835e-5,false,1.0,0.0,false,10 10 10,55,ok
10,3,Float32,1e-08,1e-08,universal,SylverLining/Arpack,ArpackSolver,8,10.0,30.0,0.0851,0.0002,0.0853,5864432,14,2.2470365365734324e-5,false,0.6693495432055842,0.5519711890104769,false,10 10 10,55,ok
10,3,Float32,1e-08,1e-08,universal,SylverLining/Arpack,ArpackSolver,8,10.0,30.0,0.0728,0.0002,0.0730,5296432,14,2.4987397409859113e-5,false,0.9680022661961418,0.06297161263913376,false,10 10 10,55,ok
10,3,Float32,1e-08,1e-08,universal,SylverLining/Arpack,ArpackSolver,8,10.0,30.0,0.0749,0.0002,0.0751,5453232,14,2.3444305043085478e-5,false,1.0,0.0,false,10 10 10,55,ok
10,3,Float32,1e-08,1e-08,universal,SylverLining/Krylov,KrylovSolver,8,10.0,30.0,0.1422,0.0004,0.1426,29762048,14,1.8648954210220836e-5,false,0.24914216904833567,0.9379281796018918,false,10 10 10,55,ok
10,3,Float32,1e-08,1e-08,universal,SylverLining/Krylov,KrylovSolver,8,10.0,30.0,0.1016,0.0003,0.1019,15101344,14,1.706548391666729e-5,false,0.9817657882973139,0.036135936928953706,false,10 10 10,55,ok
10,3,Float32,1e-08,1e-08,universal,SylverLining/Krylov,KrylovSolver,8,10.0,30.0,0.0991,0.0002,0.0993,15131984,14,3.588793697417714e-5,false,1.0,0.0,false,10 10 10,55,ok
10,3,Float32,1e-08,1e-08,universal,SylverLining/Lanczos,LanczosSolver,8,10.0,30.0,0.0026,0.0000,0.0026,7448688,0,NaN,false,NaN,NaN,false,10 10 10,55,error: no nontrivial derivations at tol = 1.0e-8
10,3,Float32,1e-08,1e-08,universal,SylverLining/Lanczos,LanczosSolver,8,10.0,30.0,0.0025,0.0000,0.0025,7448688,0,NaN,false,NaN,NaN,false,10 10 10,55,error: no nontrivial derivations at tol = 1.0e-8
10,3,Float32,1e-08,1e-08,universal,SylverLining/Lanczos,LanczosSolver,8,10.0,30.0,0.0087,0.0000,0.0087,7448688,0,NaN,false,NaN,NaN,false,10 10 10,55,error: no nontrivial derivations at tol = 1.0e-8
10,3,Float32,1e-08,1e-08,universal,SylverLining/ShiftInvert,ShiftInvertSolver,8,10.0,30.0,0.0576,0.0000,0.0576,27101056,0,NaN,false,NaN,NaN,false,10 10 10,55,error: no nontrivial derivations at tol = 1.0e-8
10,3,Float32,1e-08,1e-08,universal,SylverLining/ShiftInvert,ShiftInvertSolver,8,10.0,30.0,0.0629,0.0000,0.0629,27101056,0,NaN,false,NaN,NaN,false,10 10 10,55,error: no nontrivial derivations at tol = 1.0e-8
10,3,Float32,1e-08,1e-08,universal,SylverLining/ShiftInvert,ShiftInvertSolver,8,10.0,30.0,0.0563,0.0000,0.0563,27101056,0,NaN,false,NaN,NaN,false,10 10 10,55,error: no nontrivial derivations at tol = 1.0e-8
10,3,Float32,1e-08,1e-08,universal,SylverLining/SVD,SVDSolver,8,10.0,30.0,0.0106,0.0002,0.0108,3070608,14,1.6530606444575824e-5,false,0.811517959761933,0.3414386009838303,false,10 10 10,55,ok
10,3,Float32,1e-08,1e-08,universal,SylverLining/SVD,SVDSolver,8,10.0,30.0,0.0108,0.0002,0.0110,3070608,14,1.1700594768626615e-5,false,0.9967225666446741,0.006544125141253254,false,10 10 10,55,ok
10,3,Float32,1e-08,1e-08,universal,SylverLining/SVD,SVDSolver,8,10.0,30.0,0.0132,0.0002,0.0134,3070608,14,5.174600573809585e-6,false,1.0,0.0,false,10 10 10,55,ok
10,3,Float32,1e-08,1e-08,symmetric,Auto,none,8,10.0,30.0,0.0058,0.0002,0.0061,1187424,3,6.502476708192262e-7,false,5.559749636089784e-6,0.9999999999690918,true,10 10 10,55,ok
10,3,Float32,1e-08,1e-08,symmetric,Auto,none,8,10.0,30.0,0.0037,0.0001,0.0038,1187424,3,5.745136490986624e-7,false,5.0646040339448215e-6,0.999999999974351,true,10 10 10,55,ok
10,3,Float32,1e-08,1e-08,symmetric,Auto,none,8,10.0,30.0,0.0035,0.0001,0.0036,1187424,3,7.367535772573319e-7,false,6.2362528421588125e-6,0.9999999999611118,true,10 10 10,55,ok
10,3,Float32,1e-08,1e-08,symmetric,SylverLining/Auto,AutoSolver,8,10.0,30.0,0.0038,0.0002,0.0040,1185472,3,4.678517484535405e-7,false,2.8202685811626197e-5,0.99999999920461,true,10 10 10,55,ok
10,3,Float32,1e-08,1e-08,symmetric,SylverLining/Auto,AutoSolver,8,10.0,30.0,0.0043,0.0001,0.0044,1185472,3,5.018197271056124e-7,false,1.119334371364442e-5,0.9999999998747107,true,10 10 10,55,ok
10,3,Float32,1e-08,1e-08,symmetric,SylverLining/Auto,AutoSolver,8,10.0,30.0,0.0042,0.0001,0.0043,1185472,3,6.992654562054668e-7,false,7.438157447589259e-6,0.9999999999446748,true,10 10 10,55,ok
10,3,Float32,1e-08,1e-08,symmetric,SylverLining/Gram,GramSolver,8,10.0,30.0,0.0019,0.0001,0.0020,1308432,3,4.4742256477547926e-7,false,3.269741085902418e-6,0.9999999999893122,true,10 10 10,55,ok
10,3,Float32,1e-08,1e-08,symmetric,SylverLining/Gram,GramSolver,8,10.0,30.0,0.0018,0.0001,0.0019,1308432,3,4.5750559252155654e-7,false,7.967208934038817e-6,0.9999999999365267,true,10 10 10,55,ok
10,3,Float32,1e-08,1e-08,symmetric,SylverLining/Gram,GramSolver,8,10.0,30.0,0.0020,0.0001,0.0021,1308432,3,3.351135262619209e-7,false,1.027489426337351e-5,0.9999999998944284,true,10 10 10,55,ok
10,3,Float32,1e-08,1e-08,symmetric,SylverLining/LU,LUSolver,8,10.0,30.0,0.0020,0.0001,0.0021,835872,3,2.003327068678118e-7,false,3.964376170407128e-6,0.9999999999842848,true,10 10 10,55,ok
10,3,Float32,1e-08,1e-08,symmetric,SylverLining/LU,LUSolver,8,10.0,30.0,0.0027,0.0001,0.0028,835872,3,2.849628799594939e-7,false,3.054063600192358e-6,0.999999999990675,true,10 10 10,55,ok
10,3,Float32,1e-08,1e-08,symmetric,SylverLining/LU,LUSolver,8,10.0,30.0,0.0019,0.0001,0.0020,835872,3,2.6023232635452587e-7,false,3.1091758452379775e-6,0.9999999999903345,true,10 10 10,55,ok
10,3,Float32,1e-08,1e-08,symmetric,SylverLining/Arpack,ArpackSolver,8,10.0,30.0,0.0099,0.0001,0.0100,1432160,3,9.0157629983878e-7,false,2.473165685135146e-5,0.9999999993883462,true,10 10 10,55,ok
10,3,Float32,1e-08,1e-08,symmetric,SylverLining/Arpack,ArpackSolver,8,10.0,30.0,0.0085,0.0001,0.0086,1425760,3,5.950757895334391e-7,false,4.986961782339643e-6,0.9999999999751348,true,10 10 10,55,ok
10,3,Float32,1e-08,1e-08,symmetric,SylverLining/Arpack,ArpackSolver,8,10.0,30.0,0.0083,0.0001,0.0083,1428960,3,7.292351824617072e-7,false,1.2418420024298512e-5,0.9999999998457868,true,10 10 10,55,ok
10,3,Float32,1e-08,1e-08,symmetric,SylverLining/Krylov,KrylovSolver,8,10.0,30.0,0.0209,0.0001,0.0210,2521600,3,5.90222612117941e-7,false,1.5029542171126606e-5,0.9999999997741134,true,10 10 10,55,ok
10,3,Float32,1e-08,1e-08,symmetric,SylverLining/Krylov,KrylovSolver,8,10.0,30.0,0.0223,0.0001,0.0224,2488544,3,7.674099720134109e-7,false,9.072633344440165e-5,0.9999999917687337,true,10 10 10,55,ok
10,3,Float32,1e-08,1e-08,symmetric,SylverLining/Krylov,KrylovSolver,8,10.0,30.0,0.0294,0.0002,0.0296,4405264,3,9.371071314490109e-7,false,6.901510789381153e-6,0.9999999999523703,true,10 10 10,55,ok
10,3,Float32,1e-08,1e-08,symmetric,SylverLining/Lanczos,LanczosSolver,8,10.0,30.0,0.0020,0.0000,0.0020,3327328,0,NaN,false,NaN,NaN,false,10 10 10,55,error: no nontrivial derivations at tol = 1.0e-8
10,3,Float32,1e-08,1e-08,symmetric,SylverLining/Lanczos,LanczosSolver,8,10.0,30.0,0.0015,0.0000,0.0015,2585888,0,NaN,false,NaN,NaN,false,10 10 10,55,error: no nontrivial derivations at tol = 1.0e-8
10,3,Float32,1e-08,1e-08,symmetric,SylverLining/Lanczos,LanczosSolver,8,10.0,30.0,0.0020,0.0000,0.0020,2585888,0,NaN,false,NaN,NaN,false,10 10 10,55,error: no nontrivial derivations at tol = 1.0e-8
10,3,Float32,1e-08,1e-08,symmetric,SylverLining/ShiftInvert,ShiftInvertSolver,8,10.0,30.0,0.3446,0.0000,0.3446,78726304,0,NaN,false,NaN,NaN,false,10 10 10,55,error: no nontrivial derivations at tol = 1.0e-8
10,3,Float32,1e-08,1e-08,symmetric,SylverLining/ShiftInvert,ShiftInvertSolver,8,10.0,30.0,0.2270,0.0000,0.2270,78728864,0,NaN,false,NaN,NaN,false,10 10 10,55,error: no nontrivial derivations at tol = 1.0e-8
10,3,Float32,1e-08,1e-08,symmetric,SylverLining/ShiftInvert,ShiftInvertSolver,8,10.0,30.0,0.2394,0.0000,0.2394,78728864,0,NaN,false,NaN,NaN,false,10 10 10,55,error: no nontrivial derivations at tol = 1.0e-8
10,3,Float32,1e-08,1e-08,symmetric,SylverLining/SVD,SVDSolver,8,10.0,30.0,0.0037,0.0001,0.0038,1181312,3,6.293070100582554e-7,false,4.38733899823586e-6,0.9999999999807548,true,10 10 10,55,ok
10,3,Float32,1e-08,1e-08,symmetric,SylverLining/SVD,SVDSolver,8,10.0,30.0,0.0036,0.0001,0.0037,1181312,3,7.721237693658622e-7,false,5.593932788698294e-6,0.9999999999687115,true,10 10 10,55,ok
10,3,Float32,1e-08,1e-08,symmetric,SylverLining/SVD,SVDSolver,8,10.0,30.0,0.0036,0.0001,0.0036,1181312,3,7.355622528848471e-7,false,7.138575713406109e-6,0.999999999949044,true,10 10 10,55,ok
10,3,Float32,1e-08,1e-08,symmetric,SymmetricGram,none,8,10.0,30.0,0.0033,0.0001,0.0034,4362072,3,1.01510600813981e-7,false,2.0632308910755705e-6,0.9999999999957451,true,10 10 10,55,ok
10,3,Float32,1e-08,1e-08,symmetric,SymmetricGram,none,8,10.0,30.0,0.0028,0.0001,0.0029,4362072,3,1.1302513058808472e-7,false,7.615849913513059e-6,0.9999999999420013,true,10 10 10,55,ok
10,3,Float32,1e-08,1e-08,symmetric,SymmetricGram,none,8,10.0,30.0,0.0073,0.0001,0.0074,4362072,3,1.220505794208293e-7,false,6.160522871400674e-6,0.9999999999620495,true,10 10 10,55,ok
15,3,Float32,1e-08,1e-08,universal,Auto,none,8,10.0,30.0,0.0192,0.0002,0.0194,7606672,13,1.8601502915771562e-7,false,0.6257366453654211,0.6084536506468292,false,15 15 15,120,ok
15,3,Float32,1e-08,1e-08,universal,Auto,none,8,10.0,30.0,0.0450,0.0002,0.0452,7606672,13,1.3810777943490393e-7,false,0.6394266947277014,0.5911335020696151,false,15 15 15,120,ok
15,3,Float32,1e-08,1e-08,universal,Auto,none,8,10.0,30.0,0.0314,0.0002,0.0316,7606672,13,1.8764404785542865e-7,false,0.6008682029888994,0.638957402636895,false,15 15 15,120,ok
15,3,Float32,1e-08,1e-08,universal,QuickDer/Auto,AutoSolver,8,10.0,30.0,0.0184,0.0002,0.0185,7604784,13,2.8783605898752285e-7,false,0.48954851978768443,0.7603422467736922,false,15 15 15,120,ok
15,3,Float32,1e-08,1e-08,universal,QuickDer/Auto,AutoSolver,8,10.0,30.0,0.0180,0.0001,0.0181,7604720,13,2.092057513891632e-7,false,0.3569806649051137,0.8725648048839052,false,15 15 15,120,ok
15,3,Float32,1e-08,1e-08,universal,QuickDer/Auto,AutoSolver,8,10.0,30.0,0.0179,0.0001,0.0180,7604720,13,2.1417227458186971e-7,false,0.5738150420566178,0.6707362975095661,false,15 15 15,120,ok
15,3,Float32,1e-08,1e-08,universal,QuickDer/Arpack,ArpackSolver,8,10.0,30.0,0.0184,0.0001,0.0186,7604720,13,1.6464061047827272e-7,false,0.5620684992168277,0.6840790021881468,false,15 15 15,120,ok
15,3,Float32,1e-08,1e-08,universal,QuickDer/Arpack,ArpackSolver,8,10.0,30.0,0.0182,0.0001,0.0184,7604720,13,1.0298062846914036e-7,false,0.5901892289222262,0.6516766740641903,false,15 15 15,120,ok
15,3,Float32,1e-08,1e-08,universal,QuickDer/Arpack,ArpackSolver,8,10.0,30.0,0.0234,0.0002,0.0235,7604784,13,2.937357521659578e-7,false,0.6845379779414325,0.5314077567558587,false,15 15 15,120,ok
15,3,Float32,1e-08,1e-08,universal,QuickDer/Gram,GramSolver,8,10.0,30.0,0.0188,0.0002,0.0190,7604720,13,1.2341814681349206e-7,false,0.42344311207111845,0.8206959308395305,false,15 15 15,120,ok
15,3,Float32,1e-08,1e-08,universal,QuickDer/Gram,GramSolver,8,10.0,30.0,0.0193,0.0002,0.0195,7604720,13,1.829026956556845e-7,false,0.5887704155562825,0.6533493977656856,false,15 15 15,120,ok
15,3,Float32,1e-08,1e-08,universal,QuickDer/Gram,GramSolver,8,10.0,30.0,0.0189,0.0002,0.0191,7604784,13,1.526637305460099e-7,false,0.39850607077926237,0.8411929140183354,false,15 15 15,120,ok
15,3,Float32,1e-08,1e-08,universal,QuickDer3,none,8,10.0,30.0,0.0000,0.0000,0.0000,0,0,NaN,false,NaN,NaN,false,15 15 15,120,error: FastDer3Valent did not find a correct solution triple at (a';b';c') = (8;8;8). Retry with larger sizes via triple_restriction_size_override.
15,3,Float32,1e-08,1e-08,universal,QuickDer3,none,8,10.0,30.0,0.0000,0.0000,0.0000,0,0,NaN,false,NaN,NaN,false,15 15 15,120,error: FastDer3Valent did not find a correct solution triple at (a';b';c') = (8;8;8). Retry with larger sizes via triple_restriction_size_override.
15,3,Float32,1e-08,1e-08,universal,QuickDer3,none,8,10.0,30.0,0.0000,0.0000,0.0000,0,0,NaN,false,NaN,NaN,false,15 15 15,120,error: FastDer3Valent did not find a correct solution triple at (a';b';c') = (8;8;8). Retry with larger sizes via triple_restriction_size_override.
15,3,Float32,1e-08,1e-08,universal,SylverLining/Auto,AutoSolver,8,10.0,30.0,0.4121,0.0002,0.4123,13484016,13,6.8907315835531335e-6,false,0.3416573795023885,0.8832702350315698,false,15 15 15,120,ok
15,3,Float32,1e-08,1e-08,universal,SylverLining/Auto,AutoSolver,8,10.0,30.0,1.1589,0.0002,1.1591,37767216,13,1.6866717942320975e-6,false,0.6899607797141498,0.523954122456245,false,15 15 15,120,ok
15,3,Float32,1e-08,1e-08,universal,SylverLining/Auto,AutoSolver,8,10.0,30.0,0.4137,0.0002,0.4139,13765616,13,2.5811707018874586e-5,false,1.0,0.0,false,15 15 15,120,ok
15,3,Float32,1e-08,1e-08,universal,SylverLining/Gram,GramSolver,8,10.0,30.0,0.0226,0.0002,0.0228,8552000,6,4.857048224948812e-6,false,0.5263268819584259,0.7229800133279254,false,15 15 15,120,ok
15,3,Float32,1e-08,1e-08,universal,SylverLining/Gram,GramSolver,8,10.0,30.0,0.0225,0.0001,0.0227,8552000,6,1.1580228601815179e-5,false,0.575187653139676,0.6691591636756684,false,15 15 15,120,ok
15,3,Float32,1e-08,1e-08,universal,SylverLining/Gram,GramSolver,8,10.0,30.0,0.0290,0.0002,0.0291,8552000,6,1.1697039553837385e-5,false,0.41071642879038744,0.8313120151216724,false,15 15 15,120,ok
15,3,Float32,1e-08,1e-08,universal,SylverLining/LU,LUSolver,8,10.0,30.0,0.0377,0.0003,0.0380,6936608,8,0.00012168687680969015,false,0.41478971859917113,0.8279494939125654,false,15 15 15,120,ok
15,3,Float32,1e-08,1e-08,universal,SylverLining/LU,LUSolver,8,10.0,30.0,0.0396,0.0002,0.0398,6936608,8,0.00038050158764235675,false,0.4619036873964276,0.7866449835695939,false,15 15 15,120,ok
15,3,Float32,1e-08,1e-08,universal,SylverLining/LU,LUSolver,8,10.0,30.0,0.0391,0.0002,0.0394,6928400,7,6.93980764481239e-5,false,0.40757933872441526,0.8338790890762066,false,15 15 15,120,ok
15,3,Float32,1e-08,1e-08,universal,SylverLining/Arpack,ArpackSolver,8,10.0,30.0,0.8046,0.0002,0.8049,26312896,13,3.7247107229632093e-6,false,0.561940968089693,0.6842223483824197,false,15 15 15,120,ok
15,3,Float32,1e-08,1e-08,universal,SylverLining/Arpack,ArpackSolver,8,10.0,30.0,0.5158,0.0002,0.5161,17188096,13,3.3012204312399263e-6,false,0.46760954157019313,0.7813413166325157,false,15 15 15,120,ok
15,3,Float32,1e-08,1e-08,universal,SylverLining/Arpack,ArpackSolver,8,10.0,30.0,0.9051,0.0002,0.9054,29520896,13,1.0370688869443256e-5,false,0.33015617074272724,0.8909969029763138,false,15 15 15,120,ok
15,3,Float32,1e-08,1e-08,universal,SylverLining/Krylov,KrylovSolver,8,10.0,30.0,0.4464,0.0002,0.4466,65463024,13,1.2956820683029946e-5,false,0.4794007217005251,0.7701749480330152,false,15 15 15,120,ok
15,3,Float32,1e-08,1e-08,universal,SylverLining/Krylov,KrylovSolver,8,10.0,30.0,0.4223,0.0002,0.4225,64832144,13,1.8216578610008582e-5,false,0.40225203521520125,0.8381933001652315,false,15 15 15,120,ok
15,3,Float32,1e-08,1e-08,universal,SylverLining/Krylov,KrylovSolver,8,10.0,30.0,0.4219,0.0002,0.4222,66347792,13,2.0178697013761848e-5,false,0.4801424675960651,0.7694632407349068,false,15 15 15,120,ok
15,3,Float32,1e-08,1e-08,universal,SylverLining/SVD,SVDSolver,8,10.0,30.0,0.0768,0.0003,0.0771,18843472,13,5.057269845565315e-6,false,0.3954422224779713,0.8436254489306623,false,15 15 15,120,ok
15,3,Float32,1e-08,1e-08,universal,SylverLining/SVD,SVDSolver,8,10.0,30.0,0.0791,0.0002,0.0794,18843472,13,7.593894224555697e-6,false,0.5449469308290161,0.7030328425800415,false,15 15 15,120,ok
15,3,Float32,1e-08,1e-08,universal,SylverLining/SVD,SVDSolver,8,10.0,30.0,0.0743,0.0003,0.0746,13846352,13,3.6421497497940436e-6,false,0.48186734409938947,0.7678038626906036,false,15 15 15,120,ok
15,3,Float32,1e-08,1e-08,symmetric,Auto,none,8,10.0,30.0,0.0221,0.0001,0.0223,8390784,3,7.703048140683677e-6,false,3.2396614804405586e-5,0.9999999989504631,true,15 15 15,120,ok
15,3,Float32,1e-08,1e-08,symmetric,Auto,none,8,10.0,30.0,0.0192,0.0001,0.0193,8390784,3,1.140632502938388e-5,false,4.0042175037156624e-5,0.9999999983966306,true,15 15 15,120,ok
15,3,Float32,1e-08,1e-08,symmetric,Auto,none,8,10.0,30.0,0.0198,0.0002,0.0199,8390784,3,2.108849685100722e-6,false,2.7931689010901638e-5,0.9999999992198261,true,15 15 15,120,ok
15,3,Float32,1e-08,1e-08,symmetric,SylverLining/Auto,AutoSolver,8,10.0,30.0,0.0303,0.0002,0.0305,4329200,3,6.620140879931569e-7,false,6.674565793937861e-6,0.9999999999554541,true,15 15 15,120,ok
15,3,Float32,1e-08,1e-08,symmetric,SylverLining/Auto,AutoSolver,8,10.0,30.0,0.0231,0.0001,0.0232,4329200,3,9.980801678466378e-7,false,1.1328831597790937e-5,0.999999999871666,true,15 15 15,120,ok
15,3,Float32,1e-08,1e-08,symmetric,SylverLining/Auto,AutoSolver,8,10.0,30.0,0.0228,0.0001,0.0229,4329200,3,5.115620638207474e-7,false,1.4728944039261716e-5,0.9999999997830603,true,15 15 15,120,ok
15,3,Float32,1e-08,1e-08,symmetric,SylverLining/Gram,GramSolver,8,10.0,30.0,0.0120,0.0001,0.0120,3316816,3,4.190622462374449e-7,false,3.658755261101279e-5,0.9999999986613561,true,15 15 15,120,ok
15,3,Float32,1e-08,1e-08,symmetric,SylverLining/Gram,GramSolver,8,10.0,30.0,0.0127,0.0002,0.0128,3316816,3,3.70528539406223e-7,false,1.2194939371807546e-5,0.9999999998512853,true,15 15 15,120,ok
15,3,Float32,1e-08,1e-08,symmetric,SylverLining/Gram,GramSolver,8,10.0,30.0,0.0129,0.0002,0.0131,3316816,3,4.486571754114266e-7,false,1.5336926945771388e-5,0.999999999764783,true,15 15 15,120,ok
15,3,Float32,1e-08,1e-08,symmetric,SylverLining/LU,LUSolver,8,10.0,30.0,0.0160,0.0003,0.0163,2457120,3,2.4115442442962376e-7,false,3.618756837687854e-6,0.9999999999869114,true,15 15 15,120,ok
15,3,Float32,1e-08,1e-08,symmetric,SylverLining/LU,LUSolver,8,10.0,30.0,0.0158,0.0002,0.0160,2457120,3,5.678478487425309e-7,false,6.36021614894916e-6,0.9999999999595528,true,15 15 15,120,ok
15,3,Float32,1e-08,1e-08,symmetric,SylverLining/LU,LUSolver,8,10.0,30.0,0.0150,0.0002,0.0151,2457120,3,2.8953758146599284e-7,false,1.2258462644768948e-5,0.9999999998497326,true,15 15 15,120,ok
15,3,Float32,1e-08,1e-08,symmetric,SylverLining/Arpack,ArpackSolver,8,10.0,30.0,0.0293,0.0001,0.0294,2423472,3,3.0019261885172455e-6,false,1.6006751758825823e-5,0.9999999997437905,true,15 15 15,120,ok
15,3,Float32,1e-08,1e-08,symmetric,SylverLining/Arpack,ArpackSolver,8,10.0,30.0,0.0297,0.0001,0.0298,2420784,3,1.8449476328896708e-6,false,1.2532296991566508e-5,0.9999999998429463,true,15 15 15,120,ok
15,3,Float32,1e-08,1e-08,symmetric,SylverLining/Arpack,ArpackSolver,8,10.0,30.0,0.0297,0.0002,0.0299,2423984,3,1.2494211887315032e-6,false,7.4515157625134374e-6,0.9999999999444822,true,15 15 15,120,ok
15,3,Float32,1e-08,1e-08,symmetric,SylverLining/Krylov,KrylovSolver,8,10.0,30.0,0.0337,0.0003,0.0341,4060544,3,1.265330979549617e-6,false,1.8699978806091793e-5,0.9999999996503186,true,15 15 15,120,ok
15,3,Float32,1e-08,1e-08,symmetric,SylverLining/Krylov,KrylovSolver,8,10.0,30.0,0.0340,0.0002,0.0341,4065072,3,1.4927252323104767e-6,false,2.933150664957113e-5,0.9999999991396653,true,15 15 15,120,ok
15,3,Float32,1e-08,1e-08,symmetric,SylverLining/Krylov,KrylovSolver,8,10.0,30.0,0.0347,0.0002,0.0350,4087072,3,7.714580192441645e-7,false,8.750732037038306e-6,0.9999999999234298,true,15 15 15,120,ok
15,3,Float32,1e-08,1e-08,symmetric,SylverLining/SVD,SVDSolver,8,10.0,30.0,0.0231,0.0002,0.0232,4325040,3,4.815079819309176e-7,false,1.0186929268069126e-5,0.9999999998962336,true,15 15 15,120,ok
15,3,Float32,1e-08,1e-08,symmetric,SylverLining/SVD,SVDSolver,8,10.0,30.0,0.0230,0.0002,0.0232,4325040,3,4.969861606696213e-7,false,1.0695848945754014e-5,0.999999999885602,true,15 15 15,120,ok
15,3,Float32,1e-08,1e-08,symmetric,SylverLining/SVD,SVDSolver,8,10.0,30.0,0.0279,0.0001,0.0280,4325040,3,6.282298272708431e-7,false,6.757088292375868e-6,0.9999999999543515,true,15 15 15,120,ok
15,3,Float32,1e-08,1e-08,symmetric,SymmetricGram,none,8,10.0,30.0,0.0071,0.0001,0.0072,13987256,3,1.7300966703714948e-7,false,3.260885839743857e-6,0.999999999989377,true,15 15 15,120,ok
15,3,Float32,1e-08,1e-08,symmetric,SymmetricGram,none,8,10.0,30.0,0.0071,0.0001,0.0072,13987256,3,1.2567308260713617e-7,false,4.055771780402023e-6,0.9999999999835559,true,15 15 15,120,ok
15,3,Float32,1e-08,1e-08,symmetric,SymmetricGram,none,8,10.0,30.0,0.0071,0.0001,0.0072,13987256,3,1.851641542316429e-7,false,7.699227419652533e-6,0.999999999940724,true,15 15 15,120,ok
20,3,Float32,1e-08,1e-08,universal,Auto,none,8,10.0,30.0,0.0401,0.0005,0.0406,16993936,13,3.2611825417916407e-7,false,0.5285910511475111,0.7205915006467793,false,20 20 20,210,ok
20,3,Float32,1e-08,1e-08,universal,Auto,none,8,10.0,30.0,0.0495,0.0003,0.0498,16993936,13,3.9684931607553153e-7,false,0.2283369311801909,0.9478622458592207,false,20 20 20,210,ok
20,3,Float32,1e-08,1e-08,universal,Auto,none,8,10.0,30.0,0.0409,0.0003,0.0411,16993936,13,2.3161989304298913e-7,false,0.506643046683068,0.7433128232477164,false,20 20 20,210,ok
20,3,Float32,1e-08,1e-08,universal,QuickDer/Auto,AutoSolver,8,10.0,30.0,0.0407,0.0003,0.0409,17237744,13,2.5993992380790587e-7,false,0.11004117449159745,0.9878909399165237,false,20 20 20,210,ok
20,3,Float32,1e-08,1e-08,universal,QuickDer/Auto,AutoSolver,8,10.0,30.0,0.0411,0.0003,0.0413,16991984,13,3.199124307684542e-7,false,0.26592804478929627,0.9292822749945617,false,20 20 20,210,ok
20,3,Float32,1e-08,1e-08,universal,QuickDer/Auto,AutoSolver,8,10.0,30.0,0.0406,0.0003,0.0408,16991984,13,2.920357076163782e-7,false,0.5736847108472789,0.67088585254008,false,20 20 20,210,ok
20,3,Float32,1e-08,1e-08,universal,QuickDer/Arpack,ArpackSolver,8,10.0,30.0,0.0398,0.0003,0.0401,16991984,13,2.932451650394796e-7,false,0.3844516566405457,0.85219692370635,false,20 20 20,210,ok
20,3,Float32,1e-08,1e-08,universal,QuickDer/Arpack,ArpackSolver,8,10.0,30.0,0.0407,0.0003,0.0410,16991984,13,5.28476164163294e-7,false,0.5090294940052741,0.740888974232743,false,20 20 20,210,ok
20,3,Float32,1e-08,1e-08,universal,QuickDer/Arpack,ArpackSolver,8,10.0,30.0,0.0415,0.0003,0.0418,17237744,13,3.5003336051886436e-7,false,0.12165689706762216,0.9851995993958832,false,20 20 20,210,ok
20,3,Float32,1e-08,1e-08,universal,QuickDer/Gram,GramSolver,8,10.0,30.0,0.0390,0.0002,0.0392,16991984,13,4.104493598333647e-7,false,0.44966424861695553,0.797802063515758,false,20 20 20,210,ok
20,3,Float32,1e-08,1e-08,universal,QuickDer/Gram,GramSolver,8,10.0,30.0,0.0385,0.0002,0.0387,16991984,13,2.4723343017285515e-7,false,0.2420067189905237,0.9414327479634501,false,20 20 20,210,ok
20,3,Float32,1e-08,1e-08,universal,QuickDer/Gram,GramSolver,8,10.0,30.0,0.0398,0.0002,0.0401,16991984,13,3.429482831052155e-7,false,0.4552924381671387,0.7927087957478285,false,20 20 20,210,ok
20,3,Float32,1e-08,1e-08,universal,SylverLining/Auto,AutoSolver,8,10.0,30.0,0.6530,0.0003,0.6533,14431744,13,3.5370517252886202e-6,false,0.5315765511825706,0.7174263702328716,false,20 20 20,210,ok
20,3,Float32,1e-08,1e-08,universal,SylverLining/Auto,AutoSolver,8,10.0,30.0,0.6889,0.0003,0.6892,15050752,13,2.333151496713981e-5,false,0.5503019952056352,0.6971677140727045,false,20 20 20,210,ok
20,3,Float32,1e-08,1e-08,universal,SylverLining/Auto,AutoSolver,8,10.0,30.0,0.6189,0.0003,0.6192,13811072,13,3.866756742354482e-6,false,0.37255241803333844,0.8612046958175169,false,20 20 20,210,ok
20,3,Float32,1e-08,1e-08,universal,SylverLining/Gram,GramSolver,8,10.0,30.0,0.0773,0.0003,0.0776,27130448,5,2.27233595069265e-5,false,0.45452498170887623,0.7934070454145908,false,20 20 20,210,ok
20,3,Float32,1e-08,1e-08,universal,SylverLining/Gram,GramSolver,8,10.0,30.0,0.0841,0.0003,0.0844,22411856,5,2.6599573175190017e-5,false,0.5484636303873415,0.6991876461423461,false,20 20 20,210,ok
20,3,Float32,1e-08,1e-08,universal,SylverLining/Gram,GramSolver,8,10.0,30.0,0.0743,0.0003,0.0746,27146848,6,1.3216258594184183e-5,false,0.42696741739524324,0.817698824503576,false,20 20 20,210,ok
20,3,Float32,1e-08,1e-08,universal,SylverLining/LU,LUSolver,8,10.0,30.0,0.1113,0.0003,0.1115,19823744,12,4.811302642337978e-5,false,0.2895357900527214,0.9161690262837068,false,20 20 20,210,ok
20,3,Float32,1e-08,1e-08,universal,SylverLining/LU,LUSolver,8,10.0,30.0,0.1102,0.0003,0.1105,24542336,12,0.00015046104090288281,false,0.5045529400875612,0.7454263306490005,false,20 20 20,210,ok
20,3,Float32,1e-08,1e-08,universal,SylverLining/LU,LUSolver,8,10.0,30.0,0.1118,0.0003,0.1121,19823744,12,0.0003377622924745083,false,0.5057630543022075,0.744203732902909,false,20 20 20,210,ok
20,3,Float32,1e-08,1e-08,universal,SylverLining/Arpack,ArpackSolver,8,10.0,30.0,0.6749,0.0003,0.6752,14406864,13,1.2284719559829682e-5,false,0.34217549757257254,0.8829159288609727,false,20 20 20,210,ok
20,3,Float32,1e-08,1e-08,universal,SylverLining/Arpack,ArpackSolver,8,10.0,30.0,0.6907,0.0003,0.6910,15039184,13,1.4970531992730685e-5,false,0.49323494063352846,0.7567192933382527,false,20 20 20,210,ok
20,3,Float32,1e-08,1e-08,universal,SylverLining/Arpack,ArpackSolver,8,10.0,30.0,0.6781,0.0003,0.6784,14596560,13,4.608566086972132e-6,false,0.2695825430613126,0.9273252524766201,false,20 20 20,210,ok
20,3,Float32,1e-08,1e-08,universal,SylverLining/Krylov,KrylovSolver,8,10.0,30.0,0.8039,0.0003,0.8042,100238400,13,8.171839908754919e-6,false,0.5122335418622672,0.7376168097608673,false,20 20 20,210,ok
20,3,Float32,1e-08,1e-08,universal,SylverLining/Krylov,KrylovSolver,8,10.0,30.0,0.7948,0.0003,0.7951,102745840,13,4.489339517022017e-6,false,0.5434023710726226,0.7047138631126544,false,20 20 20,210,ok
20,3,Float32,1e-08,1e-08,universal,SylverLining/Krylov,KrylovSolver,8,10.0,30.0,0.8013,0.0003,0.8016,101722672,13,4.5107954065315425e-6,false,0.5168023736867585,0.7329153065517325,false,20 20 20,210,ok
20,3,Float32,1e-08,1e-08,universal,SylverLining/SVD,SVDSolver,8,10.0,30.0,0.2381,0.0003,0.2384,58379120,13,4.136514235142386e-6,false,0.3833077076922126,0.853075201223748,false,20 20 20,210,ok
20,3,Float32,1e-08,1e-08,universal,SylverLining/SVD,SVDSolver,8,10.0,30.0,0.2374,0.0003,0.2377,63097712,13,2.390358076809207e-6,false,0.4637053999808302,0.7849773020286324,false,20 20 20,210,ok
20,3,Float32,1e-08,1e-08,universal,SylverLining/SVD,SVDSolver,8,10.0,30.0,0.2622,0.0003,0.2625,58379120,13,2.820383770085755e-6,false,0.35447816021346124,0.8743452339316863,false,20 20 20,210,ok
20,3,Float32,1e-08,1e-08,symmetric,Auto,none,8,10.0,30.0,0.0404,0.0002,0.0406,18147136,3,3.3397927836631425e-6,false,2.5592763431680267e-5,0.9999999993450209,true,20 20 20,210,ok
20,3,Float32,1e-08,1e-08,symmetric,Auto,none,8,10.0,30.0,0.0499,0.0002,0.0501,18147136,3,8.115340278891381e-6,false,3.5861086720573466e-5,0.9999999987139901,true,20 20 20,210,ok
20,3,Float32,1e-08,1e-08,symmetric,Auto,none,8,10.0,30.0,0.0791,0.0002,0.0793,18147136,3,1.7733218555804342e-5,false,0.0001246391035082609,0.9999999844650995,true,20 20 20,210,ok
20,3,Float32,1e-08,1e-08,symmetric,SylverLining/Auto,AutoSolver,8,10.0,30.0,0.0689,0.0002,0.0691,3628496,3,6.192554451445176e-7,false,1.9978096676010107e-5,0.999999999600882,true,20 20 20,210,ok
20,3,Float32,1e-08,1e-08,symmetric,SylverLining/Auto,AutoSolver,8,10.0,30.0,0.0655,0.0001,0.0656,3627088,3,1.032012505675084e-6,false,2.0065277177424366e-5,0.9999999995974025,true,20 20 20,210,ok
20,3,Float32,1e-08,1e-08,symmetric,SylverLining/Auto,AutoSolver,8,10.0,30.0,0.0657,0.0002,0.0659,3629008,3,7.240112722683989e-7,false,9.184942392590253e-6,0.9999999999156616,true,20 20 20,210,ok
20,3,Float32,1e-08,1e-08,symmetric,SylverLining/Gram,GramSolver,8,10.0,30.0,0.0379,0.0002,0.0381,7612512,3,7.780056421324844e-7,false,2.203214845106892e-5,0.999999999514593,true,20 20 20,210,ok
20,3,Float32,1e-08,1e-08,symmetric,SylverLining/Gram,GramSolver,8,10.0,30.0,0.0390,0.0002,0.0392,7612512,3,6.925404818503011e-7,false,1.0601198434987284e-5,0.9999999998876234,true,20 20 20,210,ok
20,3,Float32,1e-08,1e-08,symmetric,SylverLining/Gram,GramSolver,8,10.0,30.0,0.0372,0.0002,0.0374,7612512,3,4.868037990490848e-7,false,2.560744567601141e-5,0.999999999344274,true,20 20 20,210,ok
20,3,Float32,1e-08,1e-08,symmetric,SylverLining/LU,LUSolver,8,10.0,30.0,0.0490,0.0001,0.0492,6281232,3,3.268829686930985e-7,false,5.787197078288077e-6,0.9999999999665342,true,20 20 20,210,ok
20,3,Float32,1e-08,1e-08,symmetric,SylverLining/LU,LUSolver,8,10.0,30.0,0.0504,0.0001,0.0506,6281232,3,2.690960627660388e-7,false,6.459751020643968e-6,0.9999999999582988,true,20 20 20,210,ok
20,3,Float32,1e-08,1e-08,symmetric,SylverLining/LU,LUSolver,8,10.0,30.0,0.0542,0.0002,0.0544,6281232,3,2.128339104956467e-7,false,1.6929101387232777e-5,0.9999999997134214,true,20 20 20,210,ok
20,3,Float32,1e-08,1e-08,symmetric,SylverLining/Arpack,ArpackSolver,8,10.0,30.0,0.0725,0.0003,0.0729,3627488,3,9.068060649042309e-7,false,0.00022517864567912768,0.9999999492945809,true,20 20 20,210,ok
20,3,Float32,1e-08,1e-08,symmetric,SylverLining/Arpack,ArpackSolver,8,10.0,30.0,0.0718,0.0002,0.0720,3628896,3,5.944320378148404e-7,false,1.0826376159764798e-5,0.9999999998828139,true,20 20 20,210,ok
20,3,Float32,1e-08,1e-08,symmetric,SylverLining/Arpack,ArpackSolver,8,10.0,30.0,0.0765,0.0002,0.0767,3777888,3,6.349500267788244e-7,false,1.3135382350776615e-5,0.999999999827484,true,20 20 20,210,ok
20,3,Float32,1e-08,1e-08,symmetric,SylverLining/Krylov,KrylovSolver,8,10.0,30.0,0.0550,0.0004,0.0553,5802496,3,8.537415396858705e-7,false,9.537420592787066e-6,0.9999999999090479,true,20 20 20,210,ok
20,3,Float32,1e-08,1e-08,symmetric,SylverLining/Krylov,KrylovSolver,8,10.0,30.0,0.0591,0.0004,0.0595,5977104,3,7.905111374384433e-7,false,3.481082162624828e-5,0.9999999987882214,true,20 20 20,210,ok
20,3,Float32,1e-08,1e-08,symmetric,SylverLining/Krylov,KrylovSolver,8,10.0,30.0,0.0584,0.0002,0.0586,5960096,3,8.647258482596953e-7,false,2.0702996025545765e-5,0.9999999995714007,true,20 20 20,210,ok
20,3,Float32,1e-08,1e-08,symmetric,SylverLining/SVD,SVDSolver,8,10.0,30.0,0.0895,0.0002,0.0898,12693248,3,6.446693987527397e-7,false,9.041969778251515e-6,0.9999999999182624,true,20 20 20,210,ok
20,3,Float32,1e-08,1e-08,symmetric,SylverLining/SVD,SVDSolver,8,10.0,30.0,0.0810,0.0002,0.0812,12939008,3,4.460189018118399e-7,false,1.4717714924846601e-5,0.9999999997833989,true,20 20 20,210,ok
20,3,Float32,1e-08,1e-08,symmetric,SylverLining/SVD,SVDSolver,8,10.0,30.0,0.0849,0.0002,0.0851,13217536,3,4.2812104084077873e-7,false,1.1778563466688769e-5,0.9999999998612812,true,20 20 20,210,ok
20,3,Float32,1e-08,1e-08,symmetric,SymmetricGram,none,8,10.0,30.0,0.0161,0.0002,0.0163,34940888,3,1.3430559420157806e-7,false,3.40948460254587e-6,0.9999999999883932,true,20 20 20,210,ok
20,3,Float32,1e-08,1e-08,symmetric,SymmetricGram,none,8,10.0,30.0,0.0164,0.0002,0.0166,34940888,3,1.6677113023888523e-7,false,5.3016658897964285e-6,0.9999999999719157,true,20 20 20,210,ok
20,3,Float32,1e-08,1e-08,symmetric,SymmetricGram,none,8,10.0,30.0,0.0170,0.0002,0.0172,34940888,3,1.619622906900986e-7,false,1.0724611958245979e-5,0.9999999998849958,true,20 20 20,210,ok
25,3,Float32,1e-08,1e-08,universal,Auto,none,8,10.0,30.0,0.0934,0.0005,0.0939,41750768,13,3.223977671495959e-7,false,0.3656529419786123,0.8662979260224211,false,25 25 25,325,ok
25,3,Float32,1e-08,1e-08,universal,Auto,none,8,10.0,30.0,0.0760,0.0004,0.0764,38490352,13,2.710584681153705e-7,false,0.1456564517636695,0.9787841980596524,false,25 25 25,325,ok
25,3,Float32,1e-08,1e-08,universal,Auto,none,8,10.0,30.0,0.0805,0.0003,0.0808,37687536,13,2.1759093726814172e-7,false,0.11455676798798076,0.9868767469081751,false,25 25 25,325,ok
25,3,Float32,1e-08,1e-08,universal,QuickDer/Auto,AutoSolver,8,10.0,30.0,0.0801,0.0003,0.0804,37685584,13,2.874961921861541e-7,false,0.259518150027155,0.9326503298065113,false,25 25 25,325,ok
25,3,Float32,1e-08,1e-08,universal,QuickDer/Auto,AutoSolver,8,10.0,30.0,0.1011,0.0007,0.1018,37685584,13,1.5951343357301084e-7,false,0.42952993721173066,0.8155040330389149,false,25 25 25,325,ok
25,3,Float32,1e-08,1e-08,universal,QuickDer/Auto,AutoSolver,8,10.0,30.0,0.0911,0.0004,0.0915,37685584,13,1.805708222946123e-7,false,0.21138645373133985,0.9553157671789256,false,25 25 25,325,ok
25,3,Float32,1e-08,1e-08,universal,QuickDer/Arpack,ArpackSolver,8,10.0,30.0,0.1146,0.0004,0.1150,37685584,13,2.470499680384819e-7,false,0.255157391220323,0.9348947057056746,false,25 25 25,325,ok
25,3,Float32,1e-08,1e-08,universal,QuickDer/Arpack,ArpackSolver,8,10.0,30.0,0.0825,0.0004,0.0829,37685584,13,1.7718808464906033e-7,false,0.16714632456914436,0.9720621061830478,false,25 25 25,325,ok
25,3,Float32,1e-08,1e-08,universal,QuickDer/Arpack,ArpackSolver,8,10.0,30.0,0.0793,0.0003,0.0797,37685584,13,2.1399112881681503e-7,false,0.3411990253029028,0.8835832251323724,false,25 25 25,325,ok
25,3,Float32,1e-08,1e-08,universal,QuickDer/Gram,GramSolver,8,10.0,30.0,0.0787,0.0003,0.0790,37685584,13,1.6833715221764578e-7,false,0.11524584489287187,0.9867183952349582,false,25 25 25,325,ok
25,3,Float32,1e-08,1e-08,universal,QuickDer/Gram,GramSolver,8,10.0,30.0,0.0805,0.0004,0.0809,37685584,13,3.471550655831379e-7,false,0.35787965021045887,0.8719221559652575,false,25 25 25,325,ok
25,3,Float32,1e-08,1e-08,universal,QuickDer/Gram,GramSolver,8,10.0,30.0,0.0796,0.0008,0.0804,37685584,13,1.960263631417547e-7,false,0.08309069479274855,0.9930959364388856,false,25 25 25,325,ok
25,3,Float32,1e-08,1e-08,universal,SylverLining/Auto,AutoSolver,8,10.0,30.0,1.1702,0.0004,1.1706,16196432,13,1.1539038951013936e-6,false,0.3513549298282529,0.8765497132854045,false,25 25 25,325,ok
25,3,Float32,1e-08,1e-08,universal,SylverLining/Auto,AutoSolver,8,10.0,30.0,1.1716,0.0004,1.1720,16142864,13,1.9694309685291955e-6,false,0.3244867121587575,0.8947083736324118,false,25 25 25,325,ok
25,3,Float32,1e-08,1e-08,universal,SylverLining/Auto,AutoSolver,8,10.0,30.0,1.0918,0.0004,1.0922,15505232,13,1.3936437426309567e-6,false,0.44058676550991194,0.805883302057529,false,25 25 25,325,ok
25,3,Float32,1e-08,1e-08,universal,SylverLining/Gram,GramSolver,8,10.0,30.0,0.2747,0.0004,0.2751,50058496,3,6.56463225823245e-6,false,0.29686146223251775,0.9118732722411905,false,25 25 25,325,ok
25,3,Float32,1e-08,1e-08,universal,SylverLining/Gram,GramSolver,8,10.0,30.0,0.2705,0.0004,0.2709,50074896,4,5.868367225048132e-6,false,0.43491276293560244,0.8108508886357457,false,25 25 25,325,ok
25,3,Float32,1e-08,1e-08,universal,SylverLining/Gram,GramSolver,8,10.0,30.0,0.2637,0.0004,0.2641,50074896,4,5.731599685532274e-6,false,0.18429283201251903,0.9660361520688234,false,25 25 25,325,ok
25,3,Float32,1e-08,1e-08,universal,SylverLining/LU,LUSolver,8,10.0,30.0,0.3566,0.0004,0.3570,46256880,7,8.470683496852871e-6,false,0.36280391727796746,0.8683733176077808,false,25 25 25,325,ok
25,3,Float32,1e-08,1e-08,universal,SylverLining/LU,LUSolver,8,10.0,30.0,0.3734,0.0004,0.3738,46256880,7,1.9237331798649393e-5,false,0.4111505591882158,0.8309552176792355,false,25 25 25,325,ok
25,3,Float32,1e-08,1e-08,universal,SylverLining/LU,LUSolver,8,10.0,30.0,0.3526,0.0004,0.3530,46256880,7,6.628789560636505e-5,false,0.33057780016073746,0.8907183180409114,false,25 25 25,325,ok
25,3,Float32,1e-08,1e-08,universal,SylverLining/Arpack,ArpackSolver,8,10.0,30.0,1.1056,0.0004,1.1060,15515680,13,5.1340430218260735e-6,false,0.18369521962434385,0.9662560662872128,false,25 25 25,325,ok
25,3,Float32,1e-08,1e-08,universal,SylverLining/Arpack,ArpackSolver,8,10.0,30.0,1.1625,0.0004,1.1629,16139488,13,3.730203616214567e-6,false,0.3227400681582459,0.8958388484052243,false,25 25 25,325,ok
25,3,Float32,1e-08,1e-08,universal,SylverLining/Arpack,ArpackSolver,8,10.0,30.0,1.1602,0.0004,1.1606,16301920,13,1.2555001376313157e-6,false,0.29965108626289766,0.9102092265014805,false,25 25 25,325,ok
25,3,Float32,1e-08,1e-08,universal,SylverLining/Krylov,KrylovSolver,8,10.0,30.0,2.5905,0.0004,2.5909,254185408,13,2.490027554813423e-6,false,0.4783536818440134,0.7711777550662832,false,25 25 25,325,ok
25,3,Float32,1e-08,1e-08,universal,SylverLining/Krylov,KrylovSolver,8,10.0,30.0,2.5255,0.0004,2.5258,249936560,13,2.0209388367220527e-6,false,0.1931888842706994,0.9626780549942467,false,25 25 25,325,ok
25,3,Float32,1e-08,1e-08,universal,SylverLining/Krylov,KrylovSolver,8,10.0,30.0,2.0448,0.0004,2.0452,206550736,13,2.823830755005474e-6,false,0.2553451556759316,0.934798851472839,false,25 25 25,325,ok
25,3,Float32,1e-08,1e-08,universal,SylverLining/SVD,SVDSolver,8,10.0,30.0,0.7793,0.0009,0.7801,101429808,13,1.3265723737276858e-6,false,0.043223878204767564,0.9981316963529756,false,25 25 25,325,ok
25,3,Float32,1e-08,1e-08,universal,SylverLining/SVD,SVDSolver,8,10.0,30.0,0.7277,0.0004,0.7281,101429808,13,1.6919071867960156e-6,false,0.2307517428708369,0.946753633162079,false,25 25 25,325,ok
25,3,Float32,1e-08,1e-08,universal,SylverLining/SVD,SVDSolver,8,10.0,30.0,1.2023,0.0009,1.2032,101429808,13,1.7247897403649404e-6,false,0.39374218475374884,0.8449670919453603,false,25 25 25,325,ok
25,3,Float32,1e-08,1e-08,symmetric,Auto,none,8,10.0,30.0,0.0913,0.0003,0.0916,39384224,3,3.0268370210251305e-6,false,1.2198092204986844e-5,0.9999999998512217,true,25 25 25,325,ok
25,3,Float32,1e-08,1e-08,symmetric,Auto,none,8,10.0,30.0,0.0925,0.0002,0.0928,31929504,3,1.6763872281444492e-6,false,1.1535816214808171e-5,0.9999999998669613,true,25 25 25,325,ok
25,3,Float32,1e-08,1e-08,symmetric,Auto,none,8,10.0,30.0,0.1011,0.0003,0.1014,36631712,3,2.817944050548249e-6,false,1.6831647644640688e-5,0.999999999716715,true,25 25 25,325,ok
25,3,Float32,1e-08,1e-08,symmetric,SylverLining/Auto,AutoSolver,8,10.0,30.0,0.1324,0.0003,0.1326,4879952,3,7.653686679987004e-7,false,2.5701550964989395e-5,0.99999999933945,true,25 25 25,325,ok
25,3,Float32,1e-08,1e-08,symmetric,SylverLining/Auto,AutoSolver,8,10.0,30.0,0.1536,0.0003,0.1539,5036048,3,9.482113227932132e-7,false,7.094739224631377e-5,0.9999999949664814,true,25 25 25,325,ok
25,3,Float32,1e-08,1e-08,symmetric,SylverLining/Auto,AutoSolver,8,10.0,30.0,0.1453,0.0006,0.1459,5036048,3,6.376217243087012e-7,false,3.606921152151186e-5,0.999999998699049,true,25 25 25,325,ok
25,3,Float32,1e-08,1e-08,symmetric,SylverLining/Gram,GramSolver,8,10.0,30.0,0.1439,0.0003,0.1442,21059696,3,4.0456853866999154e-7,false,1.6859327891608676e-5,0.9999999997157802,true,25 25 25,325,ok
25,3,Float32,1e-08,1e-08,symmetric,SylverLining/Gram,GramSolver,8,10.0,30.0,0.1384,0.0002,0.1387,21059696,3,5.35895253506169e-7,false,9.590397468951886e-6,0.9999999999080472,true,25 25 25,325,ok
25,3,Float32,1e-08,1e-08,symmetric,SylverLining/Gram,GramSolver,8,10.0,30.0,0.1398,0.0003,0.1401,22878320,3,4.1386542193322384e-7,false,2.0424757129769094e-5,0.9999999995828441,true,25 25 25,325,ok
25,3,Float32,1e-08,1e-08,symmetric,SylverLining/LU,LUSolver,8,10.0,30.0,0.1763,0.0003,0.1766,18925088,3,3.0827905561636726e-7,false,9.164900452342729e-6,0.9999999999160462,true,25 25 25,325,ok
25,3,Float32,1e-08,1e-08,symmetric,SylverLining/LU,LUSolver,8,10.0,30.0,0.1800,0.0003,0.1802,20743712,3,2.8296614118517027e-7,false,8.268104658836032e-6,0.9999999999316951,true,25 25 25,325,ok
25,3,Float32,1e-08,1e-08,symmetric,SylverLining/LU,LUSolver,8,10.0,30.0,0.1585,0.0002,0.1587,18925088,3,3.1909965514387295e-7,false,9.562529496476224e-6,0.999999999908613,true,25 25 25,325,ok
25,3,Float32,1e-08,1e-08,symmetric,SylverLining/Arpack,ArpackSolver,8,10.0,30.0,0.1264,0.0003,0.1267,4876704,3,6.93634206072602e-7,false,5.5263308941692374e-5,0.9999999969460044,true,25 25 25,325,ok
25,3,Float32,1e-08,1e-08,symmetric,SylverLining/Arpack,ArpackSolver,8,10.0,30.0,0.1802,0.0003,0.1805,5038112,3,4.848681669500365e-7,false,1.0311465342759884e-5,0.9999999998937206,true,25 25 25,325,ok
25,3,Float32,1e-08,1e-08,symmetric,SylverLining/Arpack,ArpackSolver,8,10.0,30.0,0.1265,0.0003,0.1268,4879712,3,7.883371608841117e-7,false,5.2868648056888144e-5,0.999999997204942,true,25 25 25,325,ok
25,3,Float32,1e-08,1e-08,symmetric,SylverLining/Krylov,KrylovSolver,8,10.0,30.0,0.3028,0.0005,0.3033,19553776,3,9.975078683055472e-7,false,0.00018772322833665952,0.9999999647599996,true,25 25 25,325,ok
25,3,Float32,1e-08,1e-08,symmetric,SylverLining/Krylov,KrylovSolver,8,10.0,30.0,0.2910,0.0005,0.2915,18201632,3,1.156820758296817e-6,false,0.0007410678918961817,0.9999994508183931,true,25 25 25,325,ok
25,3,Float32,1e-08,1e-08,symmetric,SylverLining/Krylov,KrylovSolver,8,10.0,30.0,0.1279,0.0003,0.1282,9262208,3,8.11399559097481e-7,false,6.047966416984082e-5,0.999999996342241,true,25 25 25,325,ok
25,3,Float32,1e-08,1e-08,symmetric,SylverLining/SVD,SVDSolver,8,10.0,30.0,0.2736,0.0003,0.2739,38135056,3,4.939876134812948e-7,false,2.1170669406534204e-5,0.9999999995518396,true,25 25 25,325,ok
25,3,Float32,1e-08,1e-08,symmetric,SylverLining/SVD,SVDSolver,8,10.0,30.0,0.2493,0.0003,0.2496,38135056,3,6.257156428546296e-7,false,1.1965345838550172e-5,0.9999999998568518,true,25 25 25,325,ok
25,3,Float32,1e-08,1e-08,symmetric,SylverLining/SVD,SVDSolver,8,10.0,30.0,0.2516,0.0003,0.2519,38135056,3,6.682521416223608e-7,false,2.1212724966390667e-5,0.9999999995500505,true,25 25 25,325,ok
25,3,Float32,1e-08,1e-08,symmetric,SymmetricGram,none,8,10.0,30.0,0.0341,0.0002,0.0344,88750632,3,1.568753020819713e-7,false,9.793983649068332e-6,0.999999999904125,true,25 25 25,325,ok
25,3,Float32,1e-08,1e-08,symmetric,SymmetricGram,none,8,10.0,30.0,0.0423,0.0002,0.0425,84081192,3,1.6541743264042452e-7,false,2.607608651513308e-5,0.999999999320059,true,25 25 25,325,ok
25,3,Float32,1e-08,1e-08,symmetric,SymmetricGram,none,8,10.0,30.0,0.0392,0.0002,0.0395,83950120,3,1.548439598764162e-7,false,5.939559935996258e-6,0.9999999999647774,true,25 25 25,325,ok
30,3,Float32,1e-08,1e-08,universal,Auto,none,8,10.0,30.0,0.1730,0.0005,0.1735,51674864,13,2.533725762532413e-7,false,0.0956791133455655,0.9908455072694333,false,30 30 30,465,ok
30,3,Float32,1e-08,1e-08,universal,Auto,none,8,10.0,30.0,0.1670,0.0005,0.1675,49954544,13,2.2404117316909833e-7,false,0.2632681174711529,0.9306898983232338,false,30 30 30,465,ok
30,3,Float32,1e-08,1e-08,universal,Auto,none,8,10.0,30.0,0.1670,0.0005,0.1675,51461872,13,2.995048475895601e-7,false,0.24361252012731618,0.9406529400372482,false,30 30 30,465,ok
30,3,Float32,1e-08,1e-08,universal,QuickDer/Auto,AutoSolver,8,10.0,30.0,0.2075,0.0005,0.2080,49461072,13,1.8235981258385436e-7,false,0.24778642191460298,0.938601889114786,false,30 30 30,465,ok
30,3,Float32,1e-08,1e-08,universal,QuickDer/Auto,AutoSolver,8,10.0,30.0,0.1689,0.0005,0.1693,50968400,13,3.3823943113020505e-7,false,0.25754323657356243,0.9336714812952384,false,30 30 30,465,ok
30,3,Float32,1e-08,1e-08,universal,QuickDer/Auto,AutoSolver,8,10.0,30.0,0.1621,0.0006,0.1627,49461072,13,2.9337158480302605e-7,false,0.2057778752512919,0.9576554660571084,false,30 30 30,465,ok
30,3,Float32,1e-08,1e-08,universal,QuickDer/Arpack,ArpackSolver,8,10.0,30.0,0.1690,0.0005,0.1695,50476880,13,2.821794282681367e-7,false,0.2686325164695306,0.9278365710952794,false,30 30 30,465,ok
30,3,Float32,1e-08,1e-08,universal,QuickDer/Arpack,ArpackSolver,8,10.0,30.0,0.1646,0.0005,0.1650,48969552,13,2.52085072816044e-7,false,0.10665719327580893,0.9886242431225553,false,30 30 30,465,ok
30,3,Float32,1e-08,1e-08,universal,QuickDer/Arpack,ArpackSolver,8,10.0,30.0,0.1745,0.0006,0.1750,50476880,13,2.76167099855229e-7,false,0.29141186488072496,0.9150791250067725,false,30 30 30,465,ok
30,3,Float32,1e-08,1e-08,universal,QuickDer/Gram,GramSolver,8,10.0,30.0,0.1876,0.0005,0.1881,48969552,13,2.3271032034699601e-7,false,0.23716593256661814,0.9437523204298537,false,30 30 30,465,ok
30,3,Float32,1e-08,1e-08,universal,QuickDer/Gram,GramSolver,8,10.0,30.0,0.1704,0.0005,0.1708,50476880,13,2.8570235599545413e-7,false,0.2866139025796619,0.9178524708480835,false,30 30 30,465,ok
30,3,Float32,1e-08,1e-08,universal,QuickDer/Gram,GramSolver,8,10.0,30.0,0.1681,0.0005,0.1686,48969552,13,2.9226814035610005e-7,false,0.2802731824786143,0.9214469431833525,false,30 30 30,465,ok
30,3,Float32,1e-08,1e-08,universal,SylverLining/Auto,AutoSolver,8,10.0,30.0,1.2431,0.0005,1.2436,16683520,13,1.1712895684468094e-6,false,0.305704791117347,0.9065445806879178,false,30 30 30,465,ok
30,3,Float32,1e-08,1e-08,universal,SylverLining/Auto,AutoSolver,8,10.0,30.0,1.1508,0.0005,1.1513,15997504,13,1.5041749747979338e-6,false,0.34578797906703973,0.8804306735327572,false,30 30 30,465,ok
30,3,Float32,1e-08,1e-08,universal,SylverLining/Auto,AutoSolver,8,10.0,30.0,1.0780,0.0005,1.0785,15517120,13,1.1777619874919765e-6,false,0.2614939164232771,0.931620931673662,false,30 30 30,465,ok
30,3,Float32,1e-08,1e-08,universal,SylverLining/Gram,GramSolver,8,10.0,30.0,0.5806,0.0005,0.5811,112372752,12,3.802846777034574e-6,false,0.3353106097671675,0.8875667949776029,false,30 30 30,465,ok
30,3,Float32,1e-08,1e-08,universal,SylverLining/Gram,GramSolver,8,10.0,30.0,0.6139,0.0006,0.6145,112372752,12,3.958705292461673e-6,false,0.2469457299911351,0.9390178064391854,false,30 30 30,465,ok
30,3,Float32,1e-08,1e-08,universal,SylverLining/Gram,GramSolver,8,10.0,30.0,0.5754,0.0005,0.5759,112372752,12,5.406658601714298e-6,false,0.34662672376922726,0.8798499143691785,false,30 30 30,465,ok
30,3,Float32,1e-08,1e-08,universal,SylverLining/LU,LUSolver,8,10.0,30.0,0.7644,0.0005,0.7649,106723776,13,5.121077037983923e-7,false,0.3777130588419183,0.8573328451803334,false,30 30 30,465,ok
30,3,Float32,1e-08,1e-08,universal,SylverLining/LU,LUSolver,8,10.0,30.0,0.7772,0.0005,0.7778,106723776,13,6.59377519696136e-7,false,0.20923417599736402,0.9562210595947324,false,30 30 30,465,ok
30,3,Float32,1e-08,1e-08,universal,SylverLining/LU,LUSolver,8,10.0,30.0,0.8036,0.0005,0.8041,106723776,13,6.465386377385585e-7,false,0.25289197380453043,0.9360456495852837,false,30 30 30,465,ok
30,3,Float32,1e-08,1e-08,universal,SylverLining/Arpack,ArpackSolver,8,10.0,30.0,1.2574,0.0005,1.2579,16493520,13,1.0771948382171104e-6,false,0.2585096637729986,0.9331727537359925,false,30 30 30,465,ok
30,3,Float32,1e-08,1e-08,universal,SylverLining/Arpack,ArpackSolver,8,10.0,30.0,1.2626,0.0007,1.2632,16502160,13,9.265831977245398e-7,false,0.2292927762505374,0.9474248227593896,false,30 30 30,465,ok
30,3,Float32,1e-08,1e-08,universal,SylverLining/Arpack,ArpackSolver,8,10.0,30.0,1.1682,0.0010,1.1692,15831696,13,9.153385462923325e-7,false,0.35237520667590955,0.8758317137201522,false,30 30 30,465,ok
30,3,Float32,1e-08,1e-08,universal,SylverLining/Krylov,KrylovSolver,8,10.0,30.0,3.0493,0.0005,3.0499,277184400,13,2.491401801307802e-6,false,0.29325387931801483,0.9140021622649565,false,30 30 30,465,ok
30,3,Float32,1e-08,1e-08,universal,SylverLining/Krylov,KrylovSolver,8,10.0,30.0,2.4360,0.0005,2.4365,237617680,13,3.016808250322356e-6,false,0.21874155693669872,0.9521521312689352,false,30 30 30,465,ok
30,3,Float32,1e-08,1e-08,universal,SylverLining/Krylov,KrylovSolver,8,10.0,30.0,2.4681,0.0005,2.4686,237958080,13,2.815231482600211e-6,false,0.2961255692201371,0.9123096472540582,false,30 30 30,465,ok
30,3,Float32,1e-08,1e-08,universal,SylverLining/SVD,SVDSolver,8,10.0,30.0,1.6254,0.0005,1.6259,221665456,13,1.1580351610973594e-6,false,0.3330137761271277,0.8891018249095842,false,30 30 30,465,ok
30,3,Float32,1e-08,1e-08,universal,SylverLining/SVD,SVDSolver,8,10.0,30.0,1.5837,0.0005,1.5842,221665456,13,8.949089078669203e-7,false,0.1896760586013568,0.9640229927934718,false,30 30 30,465,ok
30,3,Float32,1e-08,1e-08,universal,SylverLining/SVD,SVDSolver,8,10.0,30.0,1.5939,0.0005,1.5944,226056368,13,1.122016101362533e-6,false,0.16470307465828235,0.972872897198117,false,30 30 30,465,ok
30,3,Float32,1e-08,1e-08,symmetric,Auto,none,8,10.0,30.0,0.1707,0.0003,0.1710,49170640,3,7.970480737640173e-7,false,7.260198942252676e-5,0.9999999947289742,true,30 30 30,465,ok
30,3,Float32,1e-08,1e-08,symmetric,Auto,none,8,10.0,30.0,0.1345,0.0003,0.1348,49170640,3,1.1501113021950005e-6,false,9.333035496567528e-6,0.9999999999129665,true,30 30 30,465,ok
30,3,Float32,1e-08,1e-08,symmetric,Auto,none,8,10.0,30.0,0.1685,0.0003,0.1688,49170640,3,8.551942869416962e-7,false,1.2626219862181779e-5,0.99999999984063,true,30 30 30,465,ok
30,3,Float32,1e-08,1e-08,symmetric,SylverLining/Auto,AutoSolver,8,10.0,30.0,0.2752,0.0003,0.2755,6968512,3,6.008625064168882e-7,false,2.5433660819211192e-5,0.9999999993532124,true,30 30 30,465,ok
30,3,Float32,1e-08,1e-08,symmetric,SylverLining/Auto,AutoSolver,8,10.0,30.0,0.2756,0.0003,0.2760,6968512,3,5.891152454751136e-7,false,3.100146339409735e-5,0.9999999990389855,true,30 30 30,465,ok
30,3,Float32,1e-08,1e-08,symmetric,SylverLining/Auto,AutoSolver,8,10.0,30.0,0.2658,0.0003,0.2661,6964992,3,5.781788559033885e-7,false,2.1694302830838787e-5,0.9999999995294057,true,30 30 30,465,ok
30,3,Float32,1e-08,1e-08,symmetric,SylverLining/Gram,GramSolver,8,10.0,30.0,0.2913,0.0003,0.2916,33909648,3,6.0928670109206e-7,false,0.00017594859577221375,0.9999999690421246,true,30 30 30,465,ok
30,3,Float32,1e-08,1e-08,symmetric,SylverLining/Gram,GramSolver,8,10.0,30.0,0.3054,0.0003,0.3057,33909648,3,5.844609063387907e-7,false,4.895722058354463e-5,0.9999999976032533,true,30 30 30,465,ok
30,3,Float32,1e-08,1e-08,symmetric,SylverLining/Gram,GramSolver,8,10.0,30.0,0.3019,0.0003,0.3022,33909648,3,6.000751113788283e-7,false,4.3622813558314985e-5,0.9999999980971187,true,30 30 30,465,ok
30,3,Float32,1e-08,1e-08,symmetric,SylverLining/LU,LUSolver,8,10.0,30.0,0.3686,0.0003,0.3689,27066688,3,2.8574265797942644e-7,false,1.0541897581158888e-5,0.9999999998889588,true,30 30 30,465,ok
30,3,Float32,1e-08,1e-08,symmetric,SylverLining/LU,LUSolver,8,10.0,30.0,0.3531,0.0003,0.3534,27066688,3,2.461144958942896e-7,false,1.0945710524336798e-5,0.9999999998802398,true,30 30 30,465,ok
30,3,Float32,1e-08,1e-08,symmetric,SylverLining/LU,LUSolver,8,10.0,30.0,0.3553,0.0003,0.3557,31064384,3,2.003798158511927e-7,false,2.792896153696604e-5,0.9999999992200278,true,30 30 30,465,ok
30,3,Float32,1e-08,1e-08,symmetric,SylverLining/Arpack,ArpackSolver,8,10.0,30.0,0.2796,0.0003,0.2799,6963600,3,4.923957703795168e-7,false,1.7693863204140408e-5,0.9999999996870077,true,30 30 30,465,ok
30,3,Float32,1e-08,1e-08,symmetric,SylverLining/Arpack,ArpackSolver,8,10.0,30.0,0.2707,0.0003,0.2710,6968592,3,7.21482535936957e-7,false,0.00010091558645282396,0.9999999898160583,true,30 30 30,465,ok
30,3,Float32,1e-08,1e-08,symmetric,SylverLining/Arpack,ArpackSolver,8,10.0,30.0,0.2605,0.0003,0.2608,6966608,3,8.690470281180751e-7,false,0.00010357031787866972,0.9999999892732047,true,30 30 30,465,ok
30,3,Float32,1e-08,1e-08,symmetric,SylverLining/Krylov,KrylovSolver,8,10.0,30.0,0.2321,0.0003,0.2324,14930096,3,6.302054771367693e-7,false,0.00035333868885727723,0.9999998751517852,true,30 30 30,465,ok
30,3,Float32,1e-08,1e-08,symmetric,SylverLining/Krylov,KrylovSolver,8,10.0,30.0,0.4080,0.0003,0.4083,28308512,3,9.715380429042852e-7,false,2.528157833739905e-5,0.9999999993608754,true,30 30 30,465,ok
30,3,Float32,1e-08,1e-08,symmetric,SylverLining/Krylov,KrylovSolver,8,10.0,30.0,0.4285,0.0003,0.4288,29714544,3,1.084340055967914e-6,false,0.00013669907450327448,0.9999999813133753,true,30 30 30,465,ok
30,3,Float32,1e-08,1e-08,symmetric,SylverLining/SVD,SVDSolver,8,10.0,30.0,0.5231,0.0003,0.5234,67108912,3,6.07581284839398e-7,false,1.9244771258043153e-5,0.9999999996297104,true,30 30 30,465,ok
30,3,Float32,1e-08,1e-08,symmetric,SylverLining/SVD,SVDSolver,8,10.0,30.0,0.5591,0.0003,0.5595,67108912,3,6.482688945652626e-7,false,3.209103072138339e-5,0.9999999989702234,true,30 30 30,465,ok
30,3,Float32,1e-08,1e-08,symmetric,SylverLining/SVD,SVDSolver,8,10.0,30.0,0.5166,0.0003,0.5169,63111216,3,9.201077659781731e-7,false,5.055862114110988e-5,0.9999999974438439,true,30 30 30,465,ok
30,3,Float32,1e-08,1e-08,symmetric,SymmetricGram,none,8,10.0,30.0,0.0542,0.0003,0.0545,162847432,3,1.3443892044051609e-7,false,9.584909136777178e-5,0.9999999908129737,true,30 30 30,465,ok
30,3,Float32,1e-08,1e-08,symmetric,SymmetricGram,none,8,10.0,30.0,0.0679,0.0003,0.0682,158849736,3,1.299025313983293e-7,false,8.1699965140494e-6,0.9999999999333405,true,30 30 30,465,ok
30,3,Float32,1e-08,1e-08,symmetric,SymmetricGram,none,8,10.0,30.0,0.0551,0.0002,0.0554,158849736,3,1.5293568367269472e-7,false,5.118993104990103e-6,0.9999999999738562,true,30 30 30,465,ok
35,3,Float32,1e-08,1e-08,universal,Auto,none,8,10.0,30.0,0.1553,0.0006,0.1559,67087008,13,2.6005227482528426e-7,false,0.22598817036413207,0.9489293468555334,false,35 35 35,630,ok
35,3,Float32,1e-08,1e-08,universal,Auto,none,8,10.0,30.0,0.0192,0.0006,0.0197,41053680,13,2.9070722007418226e-7,false,0.14182347520505886,0.9798861018808117,false,35 35 35,630,ok
35,3,Float32,1e-08,1e-08,universal,Auto,none,8,10.0,30.0,0.0177,0.0006,0.0183,41053680,13,2.5968003569687426e-7,false,0.2739168483013106,0.9249695602167354,false,35 35 35,630,ok
35,3,Float32,1e-08,1e-08,universal,QuickDer/Auto,AutoSolver,8,10.0,30.0,0.0162,0.0005,0.0167,41051728,13,3.2563150398345897e-7,false,0.2967311042516237,0.9119506517696908,false,35 35 35,630,ok
35,3,Float32,1e-08,1e-08,universal,QuickDer/Auto,AutoSolver,8,10.0,30.0,0.0149,0.0006,0.0154,41051728,13,1.8118456068805244e-7,false,0.1698791763150592,0.9711410654545777,false,35 35 35,630,ok
35,3,Float32,1e-08,1e-08,universal,QuickDer/Auto,AutoSolver,8,10.0,30.0,0.0159,0.0006,0.0164,41051728,13,1.938157367931126e-7,false,0.10866284627946894,0.9881923858384881,false,35 35 35,630,ok
35,3,Float32,1e-08,1e-08,universal,QuickDer/Arpack,ArpackSolver,8,10.0,30.0,0.0147,0.0006,0.0153,41051728,13,1.9259971395513276e-7,false,0.17800853380380888,0.968312961893048,false,35 35 35,630,ok
35,3,Float32,1e-08,1e-08,universal,QuickDer/Arpack,ArpackSolver,8,10.0,30.0,0.0146,0.0005,0.0152,41051728,13,2.9868931505916407e-7,false,0.3836348753066929,0.8528242824490903,false,35 35 35,630,ok
35,3,Float32,1e-08,1e-08,universal,QuickDer/Arpack,ArpackSolver,8,10.0,30.0,0.0146,0.0006,0.0152,41051728,13,2.0048814519668667e-7,false,0.2812132490175356,0.9209191085770889,false,35 35 35,630,ok
35,3,Float32,1e-08,1e-08,universal,QuickDer/Gram,GramSolver,8,10.0,30.0,0.0152,0.0005,0.0157,41051728,13,2.436120496440708e-7,false,0.031345388543571405,0.9990174666170938,false,35 35 35,630,ok
35,3,Float32,1e-08,1e-08,universal,QuickDer/Gram,GramSolver,8,10.0,30.0,0.0148,0.0005,0.0153,41051728,13,1.6282560011404712e-7,false,0.31809758773944474,0.898813924674441,false,35 35 35,630,ok
35,3,Float32,1e-08,1e-08,universal,QuickDer/Gram,GramSolver,8,10.0,30.0,0.0158,0.0006,0.0164,41051728,13,1.6432713323411008e-7,false,0.24498181047433862,0.939983912536759,false,35 35 35,630,ok
35,3,Float32,1e-08,1e-08,universal,SylverLining/Auto,AutoSolver,8,10.0,30.0,0.0000,0.0000,0.0000,0,0,NaN,false,NaN,NaN,false,35 35 35,630,error: 
35,3,Float32,1e-08,1e-08,universal,SylverLining/Auto,AutoSolver,8,10.0,30.0,0.0000,0.0000,0.0000,0,0,NaN,false,NaN,NaN,false,35 35 35,630,error: 
35,3,Float32,1e-08,1e-08,universal,SylverLining/Auto,AutoSolver,8,10.0,30.0,0.0000,0.0000,0.0000,0,0,NaN,false,NaN,NaN,false,35 35 35,630,error: 
35,3,Float32,1e-08,1e-08,universal,SylverLining/Gram,GramSolver,8,10.0,30.0,0.9931,0.0000,0.9931,176412464,0,NaN,false,NaN,NaN,false,35 35 35,630,error: no nontrivial derivations at tol = 1.0e-8
35,3,Float32,1e-08,1e-08,universal,SylverLining/Gram,GramSolver,8,10.0,30.0,1.0330,0.0000,1.0330,176412464,0,NaN,false,NaN,NaN,false,35 35 35,630,error: no nontrivial derivations at tol = 1.0e-8
35,3,Float32,1e-08,1e-08,universal,SylverLining/Gram,GramSolver,8,10.0,30.0,0.9771,0.0000,0.9771,176412464,0,NaN,false,NaN,NaN,false,35 35 35,630,error: no nontrivial derivations at tol = 1.0e-8
35,3,Float32,1e-08,1e-08,universal,SylverLining/LU,LUSolver,8,10.0,30.0,1.3998,0.0006,1.4004,170347008,9,0.0001334240660071373,false,0.3514363169696999,0.876492515227635,false,35 35 35,630,ok
35,3,Float32,1e-08,1e-08,universal,SylverLining/LU,LUSolver,8,10.0,30.0,1.4896,0.0006,1.4903,170347008,9,5.6121625675586984e-5,false,0.6025376553461339,0.6369483738900179,false,35 35 35,630,ok
35,3,Float32,1e-08,1e-08,universal,SylverLining/LU,LUSolver,8,10.0,30.0,1.4857,0.0007,1.4863,170347008,9,0.0001399964967276901,false,0.5473736939162651,0.7003820392084895,false,35 35 35,630,ok
35,3,Float32,1e-08,1e-08,universal,SylverLining/Arpack,ArpackSolver,8,10.0,30.0,0.0000,0.0000,0.0000,0,0,NaN,false,NaN,NaN,false,35 35 35,630,error: 
35,3,Float32,1e-08,1e-08,universal,SylverLining/Arpack,ArpackSolver,8,10.0,30.0,0.0000,0.0000,0.0000,0,0,NaN,false,NaN,NaN,false,35 35 35,630,error: 
35,3,Float32,1e-08,1e-08,universal,SylverLining/Arpack,ArpackSolver,8,10.0,30.0,0.0000,0.0000,0.0000,0,0,NaN,false,NaN,NaN,false,35 35 35,630,error: 
35,3,Float32,1e-08,1e-08,universal,SylverLining/Krylov,KrylovSolver,8,10.0,30.0,21.3885,0.0006,21.3891,1917280864,17,7.14764028089121e-5,false,0.7057997651397315,0.5018466915287134,false,35 35 35,630,ok
35,3,Float32,1e-08,1e-08,universal,SylverLining/Krylov,KrylovSolver,8,10.0,30.0,19.7631,0.0007,19.7638,1762127664,17,0.0001453106669941917,false,0.33864713139976116,0.8853181203947376,false,35 35 35,630,ok
35,3,Float32,1e-08,1e-08,universal,SylverLining/Krylov,KrylovSolver,8,10.0,30.0,17.0904,0.0006,17.0910,1618460592,17,0.00014325017400551587,false,0.5595117524622408,0.6869465988566823,false,35 35 35,630,ok
35,3,Float32,1e-08,1e-08,universal,SylverLining/SVD,SVDSolver,8,10.0,30.0,7.0244,0.0006,7.0250,765463824,18,0.00020577145915012807,false,0.4446143569673949,0.8023180735785057,false,35 35 35,630,ok
35,3,Float32,1e-08,1e-08,universal,SylverLining/SVD,SVDSolver,8,10.0,30.0,6.7642,0.0007,6.7648,765463824,18,0.00023113680072128773,false,0.5289618413859971,0.7201993703575501,false,35 35 35,630,ok
35,3,Float32,1e-08,1e-08,universal,SylverLining/SVD,SVDSolver,8,10.0,30.0,6.9086,0.0006,6.9092,765463824,18,0.0001953857863554731,false,0.6020923477433605,0.637484804788922,false,35 35 35,630,ok
35,3,Float32,1e-08,1e-08,symmetric,Auto,none,8,10.0,30.0,0.0544,0.0004,0.0548,41298240,3,1.747382339090109e-5,false,0.00015334907012936897,0.9999999764840939,true,35 35 35,630,ok
35,3,Float32,1e-08,1e-08,symmetric,Auto,none,8,10.0,30.0,0.0175,0.0003,0.0178,41298240,3,1.462005002395017e-5,false,0.00013579496626129765,0.9999999815598131,true,35 35 35,630,ok
35,3,Float32,1e-08,1e-08,symmetric,Auto,none,8,10.0,30.0,0.0152,0.0003,0.0155,41298240,3,1.6129641153384e-5,false,9.097275505784158e-5,0.9999999917240487,true,35 35 35,630,ok
35,3,Float32,1e-08,1e-08,symmetric,SylverLining/Auto,AutoSolver,8,10.0,30.0,0.2853,0.0004,0.2856,8626960,3,6.824973297625547e-6,false,2.9454120344274256e-5,0.9999999991325669,true,35 35 35,630,ok
35,3,Float32,1e-08,1e-08,symmetric,SylverLining/Auto,AutoSolver,8,10.0,30.0,0.2713,0.0004,0.2717,8628688,3,1.4583599750039866e-6,false,3.171649851723155e-5,0.9999999989941918,true,35 35 35,630,ok
35,3,Float32,1e-08,1e-08,symmetric,SylverLining/Auto,AutoSolver,8,10.0,30.0,0.3288,0.0004,0.3292,8629904,3,3.091401231358759e-5,false,4.801850945373029e-5,0.9999999976942718,true,35 35 35,630,ok
35,3,Float32,1e-08,1e-08,symmetric,SylverLining/Gram,GramSolver,8,10.0,30.0,0.5108,0.0004,0.5112,52036704,3,4.1514647364238044e-7,false,2.9789400783656126e-5,0.9999999991127039,true,35 35 35,630,ok
35,3,Float32,1e-08,1e-08,symmetric,SylverLining/Gram,GramSolver,8,10.0,30.0,0.5106,0.0004,0.5110,52036704,3,3.3693035561555007e-7,false,1.4302888045087529e-5,0.9999999997955633,true,35 35 35,630,ok
35,3,Float32,1e-08,1e-08,symmetric,SylverLining/Gram,GramSolver,8,10.0,30.0,0.5080,0.0004,0.5084,52036704,3,2.472018422849942e-6,false,8.162288449346054e-5,0.9999999933377764,true,35 35 35,630,ok
35,3,Float32,1e-08,1e-08,symmetric,SylverLining/LU,LUSolver,8,10.0,30.0,0.5939,0.0004,0.5943,48136688,2,2.2190447452885564e-6,false,4.226909874335928e-5,0.9999999982133561,true,35 35 35,630,ok
35,3,Float32,1e-08,1e-08,symmetric,SylverLining/LU,LUSolver,8,10.0,30.0,0.6129,0.0004,0.6133,48136688,2,1.4545036037816317e-6,false,4.087567736742681e-5,0.9999999983292925,true,35 35 35,630,ok
35,3,Float32,1e-08,1e-08,symmetric,SylverLining/LU,LUSolver,8,10.0,30.0,0.5885,0.0004,0.5889,48136688,2,1.8740012137641315e-6,false,1.1278487308171845e-5,0.9999999998728702,true,35 35 35,630,ok
35,3,Float32,1e-08,1e-08,symmetric,SylverLining/Arpack,ArpackSolver,8,10.0,30.0,0.2776,0.0004,0.2780,8623584,3,4.587936473399168e-6,false,3.464565682896521e-5,0.999999998799804,true,35 35 35,630,ok
35,3,Float32,1e-08,1e-08,symmetric,SylverLining/Arpack,ArpackSolver,8,10.0,30.0,0.2795,0.0004,0.2799,8625120,3,5.570910843744059e-7,false,4.683453391323726e-5,0.9999999978066163,true,35 35 35,630,ok
35,3,Float32,1e-08,1e-08,symmetric,SylverLining/Arpack,ArpackSolver,8,10.0,30.0,0.2740,0.0004,0.2744,8625312,3,8.939254257711582e-6,false,2.6996942542934987e-5,0.9999999992713026,true,35 35 35,630,ok
35,3,Float32,1e-08,1e-08,symmetric,SylverLining/Krylov,KrylovSolver,8,10.0,30.0,0.2172,0.0004,0.2176,16005456,3,2.446282678647549e-6,false,0.0003614155459979482,0.9999998693788206,true,35 35 35,630,ok
35,3,Float32,1e-08,1e-08,symmetric,SylverLining/Krylov,KrylovSolver,8,10.0,30.0,0.2117,0.0004,0.2121,16005536,3,2.2494747099699453e-5,false,0.0001486044843007227,0.9999999779167393,true,35 35 35,630,ok
35,3,Float32,1e-08,1e-08,symmetric,SylverLining/Krylov,KrylovSolver,8,10.0,30.0,0.2514,0.0004,0.2518,16123120,3,1.2499068361648824e-5,false,7.411719081638713e-5,0.9999999945066878,true,35 35 35,630,ok
35,3,Float32,1e-08,1e-08,symmetric,SylverLining/SVD,SVDSolver,8,10.0,30.0,0.9575,0.0004,0.9579,115269888,3,1.528808570583351e-5,false,2.438955914980217e-5,0.9999999994052566,true,35 35 35,630,ok
35,3,Float32,1e-08,1e-08,symmetric,SylverLining/SVD,SVDSolver,8,10.0,30.0,0.9536,0.0004,0.9540,115269888,3,6.0055645008105785e-6,false,2.5952969342261998e-5,0.9999999993264843,true,35 35 35,630,ok
35,3,Float32,1e-08,1e-08,symmetric,SylverLining/SVD,SVDSolver,8,10.0,30.0,0.9663,0.0004,0.9667,115269888,3,9.030576620716602e-6,false,1.7745773947787657e-5,0.9999999996852065,true,35 35 35,630,ok
35,3,Float32,1e-08,1e-08,symmetric,SymmetricGram,none,8,10.0,30.0,0.0745,0.0004,0.0749,190349816,3,1.1128012999961356e-7,false,3.21949875054179e-5,0.9999999989635807,true,35 35 35,630,ok
35,3,Float32,1e-08,1e-08,symmetric,SymmetricGram,none,8,10.0,30.0,0.0857,0.0004,0.0861,187990520,3,1.5481856507904013e-7,false,1.0088327646765055e-5,0.9999999998983009,true,35 35 35,630,ok
35,3,Float32,1e-08,1e-08,symmetric,SymmetricGram,none,8,10.0,30.0,0.0799,0.0004,0.0803,187990520,3,1.1677101241502896e-7,false,6.5028810709024545e-6,0.9999999999578014,true,35 35 35,630,ok
40,3,Float32,1e-08,1e-08,universal,Auto,none,8,10.0,30.0,0.0190,0.0007,0.0197,52111520,13,3.2311584163835505e-7,false,0.24548013752728393,0.939739502079735,false,40 40 40,820,ok
40,3,Float32,1e-08,1e-08,universal,Auto,none,8,10.0,30.0,0.0181,0.0007,0.0188,52111456,13,3.518800895108143e-7,false,0.2219247737692021,0.9507493947876227,false,40 40 40,820,ok
40,3,Float32,1e-08,1e-08,universal,Auto,none,8,10.0,30.0,0.0273,0.0007,0.0280,52111520,13,3.8929726997594116e-7,false,0.07056865840867012,0.9950200644504676,false,40 40 40,820,ok
40,3,Float32,1e-08,1e-08,universal,QuickDer/Auto,AutoSolver,8,10.0,30.0,0.0210,0.0007,0.0217,52109504,13,3.64502454885951e-7,false,0.14450208819849478,0.9791191465063515,false,40 40 40,820,ok
40,3,Float32,1e-08,1e-08,universal,QuickDer/Auto,AutoSolver,8,10.0,30.0,0.0190,0.0007,0.0197,52109504,13,3.631691356531519e-7,false,0.24790512076124635,0.938543051100521,false,40 40 40,820,ok
40,3,Float32,1e-08,1e-08,universal,QuickDer/Auto,AutoSolver,8,10.0,30.0,0.0180,0.0007,0.0187,52109504,13,3.1411491363542154e-7,false,0.2368848949000246,0.9438855465683715,false,40 40 40,820,ok
40,3,Float32,1e-08,1e-08,universal,QuickDer/Arpack,ArpackSolver,8,10.0,30.0,0.0185,0.0006,0.0192,52109568,13,4.802419084626308e-7,false,0.06439811984034712,0.9958528821612357,false,40 40 40,820,ok
40,3,Float32,1e-08,1e-08,universal,QuickDer/Arpack,ArpackSolver,8,10.0,30.0,0.0180,0.0007,0.0187,52109568,13,2.934092151463119e-7,false,0.16300286715397921,0.9734300652996666,false,40 40 40,820,ok
40,3,Float32,1e-08,1e-08,universal,QuickDer/Arpack,ArpackSolver,8,10.0,30.0,0.0184,0.0006,0.0191,52109568,13,5.969367862235231e-7,false,0.0645217861774102,0.9958369391085655,false,40 40 40,820,ok
40,3,Float32,1e-08,1e-08,universal,QuickDer/Gram,GramSolver,8,10.0,30.0,0.0186,0.0007,0.0193,52109568,13,4.849902666137496e-7,false,0.17596602375073242,0.9690359584854196,false,40 40 40,820,ok
40,3,Float32,1e-08,1e-08,universal,QuickDer/Gram,GramSolver,8,10.0,30.0,0.0190,0.0007,0.0196,52109504,13,5.170380745767034e-7,false,0.08892771993494739,0.9920918606273161,false,40 40 40,820,ok
40,3,Float32,1e-08,1e-08,universal,QuickDer/Gram,GramSolver,8,10.0,30.0,0.0180,0.0007,0.0187,52109568,13,2.8118429895584995e-7,false,0.04867267127406045,0.9976309710711089,false,40 40 40,820,ok
40,3,Float32,1e-08,1e-08,universal,SylverLining/LU,LUSolver,8,10.0,30.0,2.8168,0.0008,2.8176,357143696,4,4.132229514652863e-5,false,0.18684461748080702,0.9650890889184978,false,40 40 40,820,ok
40,3,Float32,1e-08,1e-08,universal,SylverLining/LU,LUSolver,8,10.0,30.0,2.8231,0.0008,2.8239,287118480,4,4.091031587449834e-5,false,0.20615440666480708,0.957500360612715,false,40 40 40,820,ok
40,3,Float32,1e-08,1e-08,universal,SylverLining/LU,LUSolver,8,10.0,30.0,2.8634,0.0008,2.8641,357143696,4,6.746767030563205e-5,false,0.1940655266332885,0.9623385713726139,false,40 40 40,820,ok
40,3,Float32,1e-08,1e-08,universal,SylverLining/Krylov,KrylovSolver,8,10.0,30.0,9.2403,0.0007,9.2411,766729424,13,7.072958396747708e-6,false,0.15818371572043569,0.9749779120809002,false,40 40 40,820,ok
40,3,Float32,1e-08,1e-08,universal,SylverLining/Krylov,KrylovSolver,8,10.0,30.0,8.7992,0.0007,8.8000,830071136,13,9.151744961855002e-6,false,0.2874224735214391,0.9173883217148701,false,40 40 40,820,ok
40,3,Float32,1e-08,1e-08,universal,SylverLining/Krylov,KrylovSolver,8,10.0,30.0,9.5039,0.0007,9.5046,814065264,13,5.296877588989446e-6,false,0.25807129943560736,0.9333992044076792,false,40 40 40,820,ok
40,3,Float32,1e-08,1e-08,universal,SylverLining/SVD,SVDSolver,8,10.0,30.0,7.1745,0.0008,7.1753,653251584,13,2.68865824182285e-6,false,0.2582923381440203,0.9332850680562371,false,40 40 40,820,ok
40,3,Float32,1e-08,1e-08,universal,SylverLining/SVD,SVDSolver,8,10.0,30.0,7.0380,0.0008,7.0388,653251584,13,2.1148030100448523e-6,false,0.22796000780528552,0.9480342348415369,false,40 40 40,820,ok
40,3,Float32,1e-08,1e-08,universal,SylverLining/SVD,SVDSolver,8,10.0,30.0,7.2011,0.0008,7.2019,653251584,13,1.72460613612202e-6,false,0.21122140649591623,0.9553855174379954,false,40 40 40,820,ok
40,3,Float32,1e-08,1e-08,symmetric,Auto,none,8,10.0,30.0,0.0575,0.0004,0.0579,51139312,3,1.818498276406899e-6,false,2.818603800961563e-5,0.999999999205588,true,40 40 40,820,ok
40,3,Float32,1e-08,1e-08,symmetric,Auto,none,8,10.0,30.0,0.0196,0.0004,0.0200,51139312,3,2.099221319440403e-6,false,2.363578271278209e-5,0.9999999994414375,true,40 40 40,820,ok
40,3,Float32,1e-08,1e-08,symmetric,Auto,none,8,10.0,30.0,0.0198,0.0007,0.0204,51139248,3,3.1844183467910625e-6,false,2.4519418861094677e-5,0.9999999993988835,true,40 40 40,820,ok
40,3,Float32,1e-08,1e-08,symmetric,SylverLining/Auto,AutoSolver,8,10.0,30.0,0.3944,0.0005,0.3948,11132016,3,6.924416879883211e-7,false,1.9635924493643346e-5,0.9999999996145892,true,40 40 40,820,ok
40,3,Float32,1e-08,1e-08,symmetric,SylverLining/Auto,AutoSolver,8,10.0,30.0,0.3802,0.0005,0.3806,11132208,3,5.614821247945656e-7,false,5.806654345481894e-5,0.9999999966284113,true,40 40 40,820,ok
40,3,Float32,1e-08,1e-08,symmetric,SylverLining/Auto,AutoSolver,8,10.0,30.0,0.3862,0.0004,0.3867,11132208,3,5.057916609985114e-7,false,3.2772051262292504e-5,0.9999999989261443,true,40 40 40,820,ok
40,3,Float32,1e-08,1e-08,symmetric,SylverLining/Gram,GramSolver,8,10.0,30.0,0.8707,0.0005,0.8711,84905952,3,4.826020472137316e-7,false,7.658780508233885e-5,0.9999999941344272,true,40 40 40,820,ok
40,3,Float32,1e-08,1e-08,symmetric,SylverLining/Gram,GramSolver,8,10.0,30.0,0.8837,0.0005,0.8842,84905952,3,3.949409688175365e-7,false,3.032098466032038e-5,0.9999999990807396,true,40 40 40,820,ok
40,3,Float32,1e-08,1e-08,symmetric,SylverLining/Gram,GramSolver,8,10.0,30.0,0.8629,0.0005,0.8633,84905952,3,3.7143050235499686e-7,false,0.00010257845413792114,0.9999999894777082,true,40 40 40,820,ok
40,3,Float32,1e-08,1e-08,symmetric,SylverLining/LU,LUSolver,8,10.0,30.0,1.0014,0.0004,1.0019,79656336,3,3.3156595691252733e-7,false,1.2710366117177203e-5,0.9999999998386169,true,40 40 40,820,ok
40,3,Float32,1e-08,1e-08,symmetric,SylverLining/LU,LUSolver,8,10.0,30.0,1.0071,0.0005,1.0075,79656336,3,2.724389958075335e-7,false,1.4992718515664341e-5,0.9999999997753143,true,40 40 40,820,ok
40,3,Float32,1e-08,1e-08,symmetric,SylverLining/LU,LUSolver,8,10.0,30.0,1.0006,0.0004,1.0011,79656336,3,3.04801176298497e-7,false,1.3691947185723663e-5,0.9999999998127012,true,40 40 40,820,ok
40,3,Float32,1e-08,1e-08,symmetric,SylverLining/Arpack,ArpackSolver,8,10.0,30.0,0.3780,0.0005,0.3785,11132288,3,4.1865786215566914e-7,false,3.881525219578189e-5,0.9999999984934568,true,40 40 40,820,ok
40,3,Float32,1e-08,1e-08,symmetric,SylverLining/Arpack,ArpackSolver,8,10.0,30.0,0.3868,0.0005,0.3873,11132288,3,8.132865900734032e-7,false,0.00015553616032694425,0.9999999758085798,true,40 40 40,820,ok
40,3,Float32,1e-08,1e-08,symmetric,SylverLining/Arpack,ArpackSolver,8,10.0,30.0,0.3779,0.0005,0.3784,11130560,3,8.452536235381558e-7,false,3.1574188927123e-5,0.9999999990032293,true,40 40 40,820,ok
40,3,Float32,1e-08,1e-08,symmetric,SylverLining/Krylov,KrylovSolver,8,10.0,30.0,0.3543,0.0013,0.3557,26312544,3,7.871008165238891e-7,false,4.624540234334614e-5,0.9999999978615275,true,40 40 40,820,ok
40,3,Float32,1e-08,1e-08,symmetric,SylverLining/Krylov,KrylovSolver,8,10.0,30.0,0.3676,0.0013,0.3689,26203824,3,9.463797141506802e-7,false,0.00013198309010715079,0.9999999825805332,true,40 40 40,820,ok
40,3,Float32,1e-08,1e-08,symmetric,SylverLining/Krylov,KrylovSolver,8,10.0,30.0,0.3701,0.0004,0.3706,26311936,3,9.837667676038109e-7,false,5.386481254226292e-5,0.9999999970987102,true,40 40 40,820,ok
40,3,Float32,1e-08,1e-08,symmetric,SylverLining/SVD,SVDSolver,8,10.0,30.0,1.7470,0.0005,1.7475,194491520,3,1.097680637940357e-6,false,0.00011967719568085406,0.9999999856774039,true,40 40 40,820,ok
40,3,Float32,1e-08,1e-08,symmetric,SylverLining/SVD,SVDSolver,8,10.0,30.0,1.7153,0.0005,1.7158,194491520,3,1.2331640846241498e-6,false,0.00033007204349981713,0.9999998910524918,true,40 40 40,820,ok
40,3,Float32,1e-08,1e-08,symmetric,SylverLining/SVD,SVDSolver,8,10.0,30.0,1.6931,0.0005,1.6935,194491520,3,8.585622595091991e-7,false,0.00013430967804928256,0.9999999819609606,true,40 40 40,820,ok
40,3,Float32,1e-08,1e-08,symmetric,SymmetricGram,none,8,10.0,30.0,0.1911,0.0004,0.1915,451442712,3,1.0512270165463633e-7,false,8.245155424725932e-6,0.9999999999321382,true,40 40 40,820,ok
40,3,Float32,1e-08,1e-08,symmetric,SymmetricGram,none,8,10.0,30.0,0.1388,0.0004,0.1392,451442712,3,1.286194333260937e-7,false,8.361777452032775e-6,0.9999999999302519,true,40 40 40,820,ok
40,3,Float32,1e-08,1e-08,symmetric,SymmetricGram,none,8,10.0,30.0,0.1415,0.0005,0.1419,451442712,3,9.254073773945493e-8,false,1.2264823832602888e-5,0.9999999998496865,true,40 40 40,820,ok
45,3,Float32,1e-08,1e-08,universal,Auto,none,8,10.0,30.0,0.0433,0.0010,0.0444,98958656,13,2.508704994852451e-7,false,0.21829134531081018,0.9523488885625362,false,45 45 45,1035,ok
45,3,Float32,1e-08,1e-08,universal,Auto,none,8,10.0,30.0,0.0619,0.0009,0.0628,98958656,13,3.6618178000935586e-7,false,0.17300125783609163,0.9700705647872473,false,45 45 45,1035,ok
45,3,Float32,1e-08,1e-08,universal,Auto,none,8,10.0,30.0,0.0714,0.0014,0.0728,98958656,13,3.2298635233019013e-7,false,0.11828764734999195,0.9860080324845422,false,45 45 45,1035,ok
45,3,Float32,1e-08,1e-08,universal,QuickDer/Auto,AutoSolver,8,10.0,30.0,0.0305,0.0012,0.0316,98956704,13,2.09933972428189e-7,false,0.21272696866709648,0.9547472368019557,false,45 45 45,1035,ok
45,3,Float32,1e-08,1e-08,universal,QuickDer/Auto,AutoSolver,8,10.0,30.0,0.0363,0.0009,0.0372,98956704,13,3.2058514420896245e-7,false,0.16164433929297964,0.9738711075747581,false,45 45 45,1035,ok
45,3,Float32,1e-08,1e-08,universal,QuickDer/Auto,AutoSolver,8,10.0,30.0,0.0305,0.0009,0.0313,98956704,13,3.319404981994012e-7,false,0.10995963339479574,0.9879088790238947,false,45 45 45,1035,ok
45,3,Float32,1e-08,1e-08,universal,QuickDer/Arpack,ArpackSolver,8,10.0,30.0,0.0274,0.0008,0.0283,98956704,13,4.173014360731031e-7,false,0.1953404036327925,0.9618421267088143,false,45 45 45,1035,ok
45,3,Float32,1e-08,1e-08,universal,QuickDer/Arpack,ArpackSolver,8,10.0,30.0,0.0296,0.0009,0.0305,98956704,13,2.089081050371533e-7,false,0.07749681290017434,0.9939942439905255,false,45 45 45,1035,ok
45,3,Float32,1e-08,1e-08,universal,QuickDer/Arpack,ArpackSolver,8,10.0,30.0,0.0270,0.0008,0.0278,98956704,13,2.2564317703199777e-7,false,0.17535481606210437,0.9692506884840094,false,45 45 45,1035,ok
45,3,Float32,1e-08,1e-08,universal,QuickDer/Gram,GramSolver,8,10.0,30.0,0.0280,0.0010,0.0290,98956704,13,2.842563731064729e-7,false,0.2224217930821147,0.9505285459624064,false,45 45 45,1035,ok
45,3,Float32,1e-08,1e-08,universal,QuickDer/Gram,GramSolver,8,10.0,30.0,0.0270,0.0009,0.0278,98956704,13,5.217015655034629e-7,false,0.1673464373801579,0.9719951698963647,false,45 45 45,1035,ok
45,3,Float32,1e-08,1e-08,universal,QuickDer/Gram,GramSolver,8,10.0,30.0,0.0274,0.0008,0.0283,98956704,13,4.571926695007278e-7,false,0.21328627527040858,0.9545089647815717,false,45 45 45,1035,ok
45,3,Float32,1e-08,1e-08,universal,SylverLining/LU,LUSolver,8,10.0,30.0,5.4273,0.0000,5.4273,583530432,0,NaN,false,NaN,NaN,false,45 45 45,1035,error: no nontrivial derivations at tol = 1.0e-8
45,3,Float32,1e-08,1e-08,universal,SylverLining/LU,LUSolver,8,10.0,30.0,5.5906,0.0000,5.5906,454539200,0,NaN,false,NaN,NaN,false,45 45 45,1035,error: no nontrivial derivations at tol = 1.0e-8
45,3,Float32,1e-08,1e-08,universal,SylverLining/LU,LUSolver,8,10.0,30.0,5.5804,0.0000,5.5804,583530432,0,NaN,false,NaN,NaN,false,45 45 45,1035,error: no nontrivial derivations at tol = 1.0e-8
45,3,Float32,1e-08,1e-08,universal,SylverLining/Krylov,KrylovSolver,8,10.0,30.0,NaN,NaN,NaN,0,0,NaN,false,NaN,NaN,false,45 45 45,1035,timeout
45,3,Float32,1e-08,1e-08,universal,SylverLining/Krylov,KrylovSolver,8,10.0,30.0,NaN,NaN,NaN,0,0,NaN,false,NaN,NaN,false,45 45 45,1035,skipped_after_retire
45,3,Float32,1e-08,1e-08,universal,SylverLining/Krylov,KrylovSolver,8,10.0,30.0,NaN,NaN,NaN,0,0,NaN,false,NaN,NaN,false,45 45 45,1035,skipped_after_retire
45,3,Float32,1e-08,1e-08,universal,SylverLining/SVD,SVDSolver,8,10.0,30.0,13.9073,0.0009,13.9083,1044040832,14,0.000152245003846474,false,0.18218114779099553,0.9668100293897846,false,45 45 45,1035,ok
45,3,Float32,1e-08,1e-08,universal,SylverLining/SVD,SVDSolver,8,10.0,30.0,13.5899,0.0009,13.5908,1044040832,14,0.00015010782226454467,false,0.23627889704807706,0.9441722828099008,false,45 45 45,1035,ok
45,3,Float32,1e-08,1e-08,universal,SylverLining/SVD,SVDSolver,8,10.0,30.0,13.6766,0.0009,13.6775,1044040832,14,0.00012835717643611133,false,0.2348542956423479,0.9448434598184688,false,45 45 45,1035,ok
45,3,Float32,1e-08,1e-08,symmetric,Auto,none,8,10.0,30.0,0.0305,0.0010,0.0315,71456208,3,6.727209893142572e-6,false,0.00012297395011749988,0.9999999848774516,true,45 45 45,1035,ok
45,3,Float32,1e-08,1e-08,symmetric,Auto,none,8,10.0,30.0,0.0276,0.0005,0.0281,71456208,3,4.946367880620528e-6,false,2.5942871586068336e-5,0.9999999993270603,true,45 45 45,1035,ok
45,3,Float32,1e-08,1e-08,symmetric,Auto,none,8,10.0,30.0,0.0420,0.0005,0.0426,71456208,3,5.94797711528372e-6,false,0.0001258542602991706,0.9999999841607443,true,45 45 45,1035,ok
45,3,Float32,1e-08,1e-08,symmetric,SylverLining/Auto,AutoSolver,8,10.0,30.0,0.6160,0.0005,0.6165,14074768,3,1.3513513295038138e-6,false,6.966984529960085e-5,0.9999999951463647,true,45 45 45,1035,ok
45,3,Float32,1e-08,1e-08,symmetric,SylverLining/Auto,AutoSolver,8,10.0,30.0,0.5849,0.0005,0.5854,14071184,3,9.19638182494964e-7,false,4.463630082130315e-5,0.9999999980077613,true,45 45 45,1035,ok
45,3,Float32,1e-08,1e-08,symmetric,SylverLining/Auto,AutoSolver,8,10.0,30.0,0.5800,0.0005,0.5805,14071504,3,7.794550356265972e-7,false,6.166824827718185e-5,0.9999999961972801,true,45 45 45,1035,ok
45,3,Float32,1e-08,1e-08,symmetric,SylverLining/Gram,GramSolver,8,10.0,30.0,1.6890,0.0012,1.6902,131563088,3,4.5300367901290883e-7,false,2.8091741222411773e-5,0.9999999992110101,true,45 45 45,1035,ok
45,3,Float32,1e-08,1e-08,symmetric,SylverLining/Gram,GramSolver,8,10.0,30.0,1.7165,0.0006,1.7171,131563088,3,3.106339363512234e-7,false,2.8893015429408632e-5,0.999999999165442,true,45 45 45,1035,ok
45,3,Float32,1e-08,1e-08,symmetric,SylverLining/Gram,GramSolver,8,10.0,30.0,1.6871,0.0005,1.6877,131563088,3,2.9686850666621467e-7,false,2.5721405023399734e-5,0.9999999993385678,true,45 45 45,1035,ok
45,3,Float32,1e-08,1e-08,symmetric,SylverLining/LU,LUSolver,8,10.0,30.0,1.9385,0.0005,1.9391,125170688,3,3.445835830007127e-7,false,2.1547296648857716e-5,0.9999999995359554,true,45 45 45,1035,ok
45,3,Float32,1e-08,1e-08,symmetric,SylverLining/LU,LUSolver,8,10.0,30.0,1.9517,0.0005,1.9523,125170688,3,3.401806054625922e-7,false,2.1037953697763915e-5,0.9999999995575448,true,45 45 45,1035,ok
45,3,Float32,1e-08,1e-08,symmetric,SylverLining/LU,LUSolver,8,10.0,30.0,2.0289,0.0005,2.0294,125170688,3,3.5272864806756843e-7,false,2.4151607051989622e-5,0.9999999994168526,true,45 45 45,1035,ok
45,3,Float32,1e-08,1e-08,symmetric,SylverLining/Arpack,ArpackSolver,8,10.0,30.0,0.6025,0.0005,0.6030,14069856,3,6.222355182217143e-7,false,6.11423650762172e-5,0.9999999962618638,true,45 45 45,1035,ok
45,3,Float32,1e-08,1e-08,symmetric,SylverLining/Arpack,ArpackSolver,8,10.0,30.0,0.5976,0.0006,0.5981,14073312,3,1.5350033208960667e-6,false,4.978245848319627e-5,0.9999999975218617,true,45 45 45,1035,ok
45,3,Float32,1e-08,1e-08,symmetric,SylverLining/Arpack,ArpackSolver,8,10.0,30.0,0.5891,0.0005,0.5896,14071584,3,9.218518925990793e-7,false,0.000167475527916772,0.999999971952151,true,45 45 45,1035,ok
45,3,Float32,1e-08,1e-08,symmetric,SylverLining/Krylov,KrylovSolver,8,10.0,30.0,0.6128,0.0006,0.6134,42219008,3,2.5147671749436995e-6,false,0.00019991119042412234,0.999999960035647,true,45 45 45,1035,ok
45,3,Float32,1e-08,1e-08,symmetric,SylverLining/Krylov,KrylovSolver,8,10.0,30.0,0.6824,0.0005,0.6829,45514576,3,1.7475980484960019e-6,false,6.714966133562671e-5,0.9999999954911618,true,45 45 45,1035,ok
45,3,Float32,1e-08,1e-08,symmetric,SylverLining/Krylov,KrylovSolver,8,10.0,30.0,0.6092,0.0006,0.6097,41758608,3,2.1677867607650114e-6,false,0.00010117674796081867,0.9999999897634422,true,45 45 45,1035,ok
45,3,Float32,1e-08,1e-08,symmetric,SylverLining/SVD,SVDSolver,8,10.0,30.0,3.2834,0.0005,3.2839,309310192,3,5.874445037079568e-7,false,2.8593100295815407e-5,0.99999999918264,true,45 45 45,1035,ok
45,3,Float32,1e-08,1e-08,symmetric,SylverLining/SVD,SVDSolver,8,10.0,30.0,3.1811,0.0006,3.1817,309310192,3,5.466821448862902e-7,false,4.2107069397163826e-5,0.9999999982271786,true,45 45 45,1035,ok
45,3,Float32,1e-08,1e-08,symmetric,SylverLining/SVD,SVDSolver,8,10.0,30.0,3.2189,0.0005,3.2194,309310192,3,8.831917170937231e-7,false,4.0906408860436675e-5,0.9999999983268689,true,45 45 45,1035,ok
45,3,Float32,1e-08,1e-08,symmetric,SymmetricGram,none,8,10.0,30.0,0.3163,0.0005,0.3168,688543800,3,8.756204294968484e-8,false,7.1280253484827845e-6,0.9999999999493742,true,45 45 45,1035,ok
45,3,Float32,1e-08,1e-08,symmetric,SymmetricGram,none,8,10.0,30.0,0.2753,0.0005,0.2758,688543800,3,1.0618114743010665e-7,false,6.951069786445324e-6,0.9999999999519424,true,45 45 45,1035,ok
45,3,Float32,1e-08,1e-08,symmetric,SymmetricGram,none,8,10.0,30.0,0.2705,0.0005,0.2710,688543800,3,1.116734296147115e-7,false,7.77545281106965e-6,0.9999999999398008,true,45 45 45,1035,ok
50,3,Float32,1e-08,1e-08,universal,Auto,none,8,10.0,60.0,0.0582,0.0011,0.0593,102774544,11,4.0596916051072185e-7,false,0.17989502518354297,0.9676377799144833,false,50 50 50,1275,ok
50,3,Float32,1e-08,1e-08,universal,Auto,none,8,10.0,60.0,0.0438,0.0011,0.0450,103632832,14,2.407438159934827e-7,false,0.15246026410358454,0.9767558678696151,false,50 50 50,1275,ok
50,3,Float32,1e-08,1e-08,universal,Auto,none,8,10.0,60.0,0.0491,0.0011,0.0501,103914400,14,4.1794768890213163e-7,false,0.07990167871597693,0.9936157217384707,false,50 50 50,1275,ok
50,3,Float32,1e-08,1e-08,universal,QuickDer/Auto,AutoSolver,8,10.0,60.0,0.0908,0.0011,0.0919,104363120,12,3.3931519283214584e-7,false,0.20670683819483762,0.9572722830478414,false,50 50 50,1275,ok
50,3,Float32,1e-08,1e-08,universal,QuickDer/Auto,AutoSolver,8,10.0,60.0,0.0469,0.0011,0.0480,103912448,14,2.6147560561184946e-7,false,0.11684158814495224,0.9863480432815147,false,50 50 50,1275,ok
50,3,Float32,1e-08,1e-08,universal,QuickDer/Auto,AutoSolver,8,10.0,60.0,0.0419,0.0011,0.0430,100785872,12,1.2340882449279889e-7,false,0.2487856276790725,0.938105711460532,false,50 50 50,1275,ok
50,3,Float32,1e-08,1e-08,universal,QuickDer/Arpack,ArpackSolver,8,10.0,60.0,0.0410,0.0011,0.0421,103630880,14,2.47263926667074e-7,false,0.10619512073367175,0.9887225963324853,false,50 50 50,1275,ok
50,3,Float32,1e-08,1e-08,universal,QuickDer/Arpack,ArpackSolver,8,10.0,60.0,0.0411,0.0010,0.0421,100785872,12,3.1179803272607387e-7,false,0.20964390950469355,0.9560494312077815,false,50 50 50,1275,ok
50,3,Float32,1e-08,1e-08,universal,QuickDer/Arpack,ArpackSolver,8,10.0,60.0,0.0386,0.0010,0.0396,103630880,14,2.8632169346565206e-7,false,0.1360380473415843,0.9814936496756558,false,50 50 50,1275,ok
50,3,Float32,1e-08,1e-08,universal,QuickDer/Gram,GramSolver,8,10.0,60.0,0.0419,0.0011,0.0430,103630880,14,2.43978888647689e-7,false,0.11361559558084117,0.9870914964409464,false,50 50 50,1275,ok
50,3,Float32,1e-08,1e-08,universal,QuickDer/Gram,GramSolver,8,10.0,60.0,0.0436,0.0011,0.0447,102291248,13,2.7885690201401303e-7,false,0.18780295984274542,0.964730048274643,false,50 50 50,1275,ok
50,3,Float32,1e-08,1e-08,universal,QuickDer/Gram,GramSolver,8,10.0,60.0,0.0394,0.0011,0.0405,102291248,13,2.1257829985188437e-7,false,0.11892963409349801,0.9858557421346602,false,50 50 50,1275,ok
50,3,Float32,1e-08,1e-08,universal,SylverLining/SVD,SVDSolver,8,10.0,60.0,NaN,NaN,NaN,0,0,NaN,false,NaN,NaN,false,50 50 50,1275,timeout
50,3,Float32,1e-08,1e-08,universal,SylverLining/SVD,SVDSolver,8,10.0,60.0,NaN,NaN,NaN,0,0,NaN,false,NaN,NaN,false,50 50 50,1275,skipped_after_retire
50,3,Float32,1e-08,1e-08,universal,SylverLining/SVD,SVDSolver,8,10.0,60.0,NaN,NaN,NaN,0,0,NaN,false,NaN,NaN,false,50 50 50,1275,skipped_after_retire
50,3,Float32,1e-08,1e-08,symmetric,Auto,none,8,10.0,60.0,0.2338,0.0000,0.2338,468691808,0,NaN,false,NaN,NaN,false,50 50 50,1275,error: no nontrivial derivations at tol = 1.0e-8
50,3,Float32,1e-08,1e-08,symmetric,Auto,none,8,10.0,60.0,0.1951,0.0000,0.1951,471156288,0,NaN,false,NaN,NaN,false,50 50 50,1275,error: no nontrivial derivations at tol = 1.0e-8
50,3,Float32,1e-08,1e-08,symmetric,Auto,none,8,10.0,60.0,0.1943,0.0000,0.1943,469149728,0,NaN,false,NaN,NaN,false,50 50 50,1275,error: no nontrivial derivations at tol = 1.0e-8
50,3,Float32,1e-08,1e-08,symmetric,SylverLining/Auto,AutoSolver,8,10.0,60.0,0.8793,0.0006,0.8800,17450096,4,2.2031032131053507e-5,false,0.0007702766272867247,0.9999994066740077,true,50 50 50,1275,ok
50,3,Float32,1e-08,1e-08,symmetric,SylverLining/Auto,AutoSolver,8,10.0,60.0,0.9195,0.0006,0.9202,17448368,4,1.842760138970334e-5,false,0.0003218582246585049,0.9999998964073681,true,50 50 50,1275,ok
50,3,Float32,1e-08,1e-08,symmetric,SylverLining/Auto,AutoSolver,8,10.0,60.0,0.7294,0.0006,0.7300,17121760,4,1.789163979992736e-5,false,2.9735607362305752e-5,0.9999999991160303,true,50 50 50,1275,ok
50,3,Float32,1e-08,1e-08,symmetric,SylverLining/Gram,GramSolver,8,10.0,60.0,2.7025,0.0006,2.7032,195192352,4,1.356792745355051e-5,false,8.849041448466129e-5,0.9999999921697751,true,50 50 50,1275,ok
50,3,Float32,1e-08,1e-08,symmetric,SylverLining/Gram,GramSolver,8,10.0,60.0,2.6846,0.0007,2.6854,195192352,4,2.6173725586886576e-7,false,2.5783678170138943e-5,0.9999999993354501,true,50 50 50,1275,ok
50,3,Float32,1e-08,1e-08,symmetric,SylverLining/Gram,GramSolver,8,10.0,60.0,2.7373,0.0007,2.7380,195192352,4,1.7574484445503913e-5,false,6.242398632072782e-5,0.9999999961034376,true,50 50 50,1275,ok
50,3,Float32,1e-08,1e-08,symmetric,SylverLining/LU,LUSolver,8,10.0,60.0,3.1648,0.0006,3.1654,187450320,4,2.419646807538811e-5,false,5.485104053859942e-5,0.9999999969916773,true,50 50 50,1275,ok
50,3,Float32,1e-08,1e-08,symmetric,SylverLining/LU,LUSolver,8,10.0,60.0,3.1467,0.0006,3.1473,187450320,4,7.514289336540969e-6,false,0.00023262614642016258,0.9999999458852276,true,50 50 50,1275,ok
50,3,Float32,1e-08,1e-08,symmetric,SylverLining/LU,LUSolver,8,10.0,60.0,3.2728,0.0007,3.2734,187450320,4,1.6528709920748952e-6,false,3.455865185972683e-5,0.999999998805873,true,50 50 50,1275,ok
50,3,Float32,1e-08,1e-08,symmetric,SylverLining/Arpack,ArpackSolver,8,10.0,60.0,0.9346,0.0006,0.9352,17448448,4,3.822204689640785e-6,false,6.475086633031746e-5,0.9999999958077068,true,50 50 50,1275,ok
50,3,Float32,1e-08,1e-08,symmetric,SylverLining/Arpack,ArpackSolver,8,10.0,60.0,0.8837,0.0006,0.8843,17450176,4,2.341465005883947e-5,false,0.000709550479322659,0.9999994965383295,true,50 50 50,1275,ok
50,3,Float32,1e-08,1e-08,symmetric,SylverLining/Arpack,ArpackSolver,8,10.0,60.0,0.7452,0.0006,0.7458,17121520,4,1.2817881724913605e-5,false,0.001212799482822688,0.99999852911756,true,50 50 50,1275,ok
50,3,Float32,1e-08,1e-08,symmetric,SylverLining/Krylov,KrylovSolver,8,10.0,60.0,0.7711,0.0006,0.7717,45251232,4,1.8150469259126112e-5,false,0.0001667478991963342,0.999999972195242,true,50 50 50,1275,ok
50,3,Float32,1e-08,1e-08,symmetric,SylverLining/Krylov,KrylovSolver,8,10.0,60.0,0.7562,0.0006,0.7568,45304832,4,2.6829788112081587e-5,false,0.0021421613751719196,0.9999954111447178,true,50 50 50,1275,ok
50,3,Float32,1e-08,1e-08,symmetric,SylverLining/Krylov,KrylovSolver,8,10.0,60.0,0.8610,0.0006,0.8616,48619072,4,1.4850577827019151e-5,false,0.0001812900302947181,0.9999999671340418,true,50 50 50,1275,ok
50,3,Float32,1e-08,1e-08,symmetric,SylverLining/SVD,SVDSolver,8,10.0,60.0,5.4359,0.0006,5.4365,419259072,4,1.8455095414537936e-5,false,3.428616217705862e-5,0.999999998824625,true,50 50 50,1275,ok
50,3,Float32,1e-08,1e-08,symmetric,SylverLining/SVD,SVDSolver,8,10.0,60.0,5.3247,0.0006,5.3253,419259072,4,2.216481152572669e-5,false,5.846882650462962e-5,0.9999999965816694,true,50 50 50,1275,ok
50,3,Float32,1e-08,1e-08,symmetric,SylverLining/SVD,SVDSolver,8,10.0,60.0,5.4251,0.0007,5.4257,419259072,4,2.8025155188515782e-5,false,0.00018427384694707933,0.9999999660432127,true,50 50 50,1275,ok
50,3,Float32,1e-08,1e-08,symmetric,SymmetricGram,none,8,10.0,60.0,0.4506,0.0006,0.4512,1041011448,3,7.726303152821856e-8,false,1.5960130924500008e-5,0.9999999997456546,true,50 50 50,1275,ok
50,3,Float32,1e-08,1e-08,symmetric,SymmetricGram,none,8,10.0,60.0,0.4247,0.0006,0.4253,1023906552,3,9.379202481341053e-8,false,2.0899768307267167e-5,0.9999999995634202,true,50 50 50,1275,ok
50,3,Float32,1e-08,1e-08,symmetric,SymmetricGram,none,8,10.0,60.0,0.4198,0.0006,0.4204,1024643832,3,9.345021112494578e-8,false,8.147666785477073e-6,0.9999999999339667,true,50 50 50,1275,ok
55,3,Float32,1e-08,1e-08,universal,Auto,none,8,10.0,60.0,0.0460,0.0015,0.0475,121328592,13,2.7918483169742103e-7,false,0.09736465287524847,0.9905201243706664,false,55 55 55,1540,ok
55,3,Float32,1e-08,1e-08,universal,Auto,none,8,10.0,60.0,0.0469,0.0019,0.0488,121328528,13,3.4685183436522493e-7,false,0.1335595243838123,0.9821618534729354,false,55 55 55,1540,ok
55,3,Float32,1e-08,1e-08,universal,Auto,none,8,10.0,60.0,0.0533,0.0017,0.0550,121328528,13,2.6409549036543467e-7,false,0.17318175172101655,0.9700080808712087,false,55 55 55,1540,ok
55,3,Float32,1e-08,1e-08,universal,QuickDer/Auto,AutoSolver,8,10.0,60.0,0.0465,0.0014,0.0479,121326640,13,4.784718043993053e-7,false,0.15713033575486726,0.9753100575859134,false,55 55 55,1540,ok
55,3,Float32,1e-08,1e-08,universal,QuickDer/Auto,AutoSolver,8,10.0,60.0,0.0513,0.0020,0.0533,121326640,13,4.1052743426917004e-7,false,0.18412785924089334,0.9660969314517539,false,55 55 55,1540,ok
55,3,Float32,1e-08,1e-08,universal,QuickDer/Auto,AutoSolver,8,10.0,60.0,0.0495,0.0017,0.0512,121326576,13,3.875328502545017e-7,false,0.19965557776451434,0.9601376502679388,false,55 55 55,1540,ok
55,3,Float32,1e-08,1e-08,universal,QuickDer/Arpack,ArpackSolver,8,10.0,60.0,0.0547,0.0014,0.0561,121326640,13,3.676481696857081e-7,false,0.17451818701732852,0.9695434024006637,false,55 55 55,1540,ok
55,3,Float32,1e-08,1e-08,universal,QuickDer/Arpack,ArpackSolver,8,10.0,60.0,0.0451,0.0014,0.0465,121326640,13,4.1229858993574453e-7,false,0.13011351974278126,0.98307047198053,false,55 55 55,1540,ok
55,3,Float32,1e-08,1e-08,universal,QuickDer/Arpack,ArpackSolver,8,10.0,60.0,0.0557,0.0016,0.0573,121326640,13,2.3124391645978903e-7,false,0.07173316524170738,0.9948543530045503,false,55 55 55,1540,ok
55,3,Float32,1e-08,1e-08,universal,QuickDer/Gram,GramSolver,8,10.0,60.0,0.0471,0.0013,0.0484,121326640,13,4.1136632944471785e-7,false,0.05454104445058824,0.9970252744705282,false,55 55 55,1540,ok
55,3,Float32,1e-08,1e-08,universal,QuickDer/Gram,GramSolver,8,10.0,60.0,0.0444,0.0013,0.0458,121326576,13,2.4822327304718783e-7,false,0.1464226866782062,0.9785603968263262,false,55 55 55,1540,ok
55,3,Float32,1e-08,1e-08,universal,QuickDer/Gram,GramSolver,8,10.0,60.0,0.0518,0.0013,0.0531,121326640,13,3.777011841066269e-7,false,0.17104805494931466,0.970742562898298,false,55 55 55,1540,ok
55,3,Float32,1e-08,1e-08,symmetric,SylverLining/Auto,AutoSolver,8,10.0,60.0,1.1341,0.0007,1.1349,24455120,3,3.5865306813320785e-7,false,4.931421809797464e-5,0.9999999975685236,true,55 55 55,1540,ok
55,3,Float32,1e-08,1e-08,symmetric,SylverLining/Auto,AutoSolver,8,10.0,60.0,1.0997,0.0008,1.1005,24453584,3,7.183610932770534e-7,false,0.00010616039452628352,0.9999999887304059,true,55 55 55,1540,ok
55,3,Float32,1e-08,1e-08,symmetric,SylverLining/Auto,AutoSolver,8,10.0,60.0,1.2385,0.0007,1.2392,24622416,3,6.557380629601539e-7,false,0.00019762300539348583,0.9999999609453802,true,55 55 55,1540,ok
55,3,Float32,1e-08,1e-08,symmetric,SylverLining/Gram,GramSolver,8,10.0,60.0,4.6544,0.0008,4.6552,280740208,3,3.9004873997328104e-7,false,2.6038718810336178e-5,0.9999999993223364,true,55 55 55,1540,ok
55,3,Float32,1e-08,1e-08,symmetric,SylverLining/Gram,GramSolver,8,10.0,60.0,4.7139,0.0008,4.7147,280740208,3,3.779764767841698e-7,false,1.975965020477249e-5,0.9999999996099199,true,55 55 55,1540,ok
55,3,Float32,1e-08,1e-08,symmetric,SylverLining/Gram,GramSolver,8,10.0,60.0,4.6284,0.0007,4.6291,280740208,3,3.734535312105436e-7,false,2.113952015011867e-5,0.999999999553565,true,55 55 55,1540,ok
55,3,Float32,1e-08,1e-08,symmetric,SylverLining/LU,LUSolver,8,10.0,60.0,5.5974,0.0007,5.5982,271257376,3,2.2242238628678024e-7,false,0.00017395808584622113,0.9999999697387526,true,55 55 55,1540,ok
55,3,Float32,1e-08,1e-08,symmetric,SylverLining/LU,LUSolver,8,10.0,60.0,5.7252,0.0008,5.7260,271257376,3,3.149988287987071e-7,false,4.758198240530738e-5,0.9999999977363427,true,55 55 55,1540,ok
55,3,Float32,1e-08,1e-08,symmetric,SylverLining/LU,LUSolver,8,10.0,60.0,5.5641,0.0008,5.5649,271257376,3,2.321811081174019e-7,false,5.317744946931284e-5,0.9999999971724753,true,55 55 55,1540,ok
55,3,Float32,1e-08,1e-08,symmetric,SylverLining/Arpack,ArpackSolver,8,10.0,60.0,1.1905,0.0007,1.1912,22689376,3,4.956910970577155e-7,false,4.390132132661339e-5,0.9999999980729976,true,55 55 55,1540,ok
55,3,Float32,1e-08,1e-08,symmetric,SylverLining/Arpack,ArpackSolver,8,10.0,60.0,1.1852,0.0014,1.1867,22685600,3,4.2147479462073534e-7,false,3.746026072284191e-5,0.9999999985971822,true,55 55 55,1540,ok
55,3,Float32,1e-08,1e-08,symmetric,SylverLining/Arpack,ArpackSolver,8,10.0,60.0,1.1358,0.0008,1.1366,22685728,3,4.777079993800726e-7,false,8.267497418236753e-5,0.9999999931651385,true,55 55 55,1540,ok
55,3,Float32,1e-08,1e-08,symmetric,SylverLining/Krylov,KrylovSolver,8,10.0,60.0,2.1041,0.0007,2.1048,105838992,3,1.12836926291493e-6,false,0.00015017986978812603,0.9999999774463028,true,55 55 55,1540,ok
55,3,Float32,1e-08,1e-08,symmetric,SylverLining/Krylov,KrylovSolver,8,10.0,60.0,1.0288,0.0007,1.0294,53163056,3,6.762328439435805e-7,false,5.852968697094785e-5,0.9999999965747253,true,55 55 55,1540,ok
55,3,Float32,1e-08,1e-08,symmetric,SylverLining/Krylov,KrylovSolver,8,10.0,60.0,1.0083,0.0007,1.0090,53799952,3,1.2008280236841529e-6,false,0.00042048567366310296,0.9999998231919532,true,55 55 55,1540,ok
55,3,Float32,1e-08,1e-08,symmetric,SylverLining/SVD,SVDSolver,8,10.0,60.0,9.4439,0.0009,9.4448,609930768,3,1.0476728675712366e-6,false,9.928099097326086e-5,0.9999999901434211,true,55 55 55,1540,ok
55,3,Float32,1e-08,1e-08,symmetric,SylverLining/SVD,SVDSolver,8,10.0,60.0,9.6363,0.0008,9.6370,609930768,3,8.194489282686845e-7,false,3.638738401422792e-5,0.999999998676212,true,55 55 55,1540,ok
55,3,Float32,1e-08,1e-08,symmetric,SylverLining/SVD,SVDSolver,8,10.0,60.0,9.3892,0.0008,9.3899,609930768,3,7.437788553943392e-7,false,6.252850513201396e-5,0.9999999960903665,true,55 55 55,1540,ok
55,3,Float32,1e-08,1e-08,symmetric,SymmetricGram,none,8,10.0,60.0,0.6817,0.0007,0.6824,1491429032,3,7.619165387495741e-8,false,0.000396443799912365,0.9999998428324521,true,55 55 55,1540,ok
55,3,Float32,1e-08,1e-08,symmetric,SymmetricGram,none,8,10.0,60.0,0.6576,0.0007,0.6583,1461610152,3,8.311708654673566e-8,false,8.656267729018136e-6,0.9999999999255004,true,55 55 55,1540,ok
55,3,Float32,1e-08,1e-08,symmetric,SymmetricGram,none,8,10.0,60.0,0.6203,0.0008,0.6210,1461610152,3,8.055678080154394e-8,false,1.2775746423986929e-5,0.9999999998371187,true,55 55 55,1540,ok
60,3,Float32,1e-08,1e-08,universal,Auto,none,8,10.0,60.0,0.0655,0.0017,0.0672,157799024,14,2.081614866256132e-6,false,0.14199722514606317,0.979836788051197,false,60 60 60,1830,ok
60,3,Float32,1e-08,1e-08,universal,Auto,none,8,10.0,60.0,0.0746,0.0016,0.0762,157798960,14,5.905670263928187e-7,false,0.2632867623481204,0.930680080772548,false,60 60 60,1830,ok
60,3,Float32,1e-08,1e-08,universal,Auto,none,8,10.0,60.0,0.0660,0.0022,0.0681,157798960,14,2.974780500153429e-6,false,0.10768139618322595,0.9884047169168222,false,60 60 60,1830,ok
60,3,Float32,1e-08,1e-08,universal,QuickDer/Auto,AutoSolver,8,10.0,60.0,0.0976,0.0018,0.0995,154733264,14,3.3831772725534393e-6,false,0.21539356064020307,0.9536056140350578,false,60 60 60,1830,ok
60,3,Float32,1e-08,1e-08,universal,QuickDer/Auto,AutoSolver,8,10.0,60.0,0.0789,0.0016,0.0805,154733264,14,2.767954129012651e-6,false,0.11397764525709564,0.9870090963818541,false,60 60 60,1830,ok
60,3,Float32,1e-08,1e-08,universal,QuickDer/Auto,AutoSolver,8,10.0,60.0,0.0751,0.0016,0.0767,154733264,14,9.192719403472438e-7,false,0.23152583485694755,0.9463957877939699,false,60 60 60,1830,ok
60,3,Float32,1e-08,1e-08,universal,QuickDer/Arpack,ArpackSolver,8,10.0,60.0,0.0660,0.0017,0.0676,154733264,14,4.044354682264384e-6,false,0.0992018453513435,0.9901589938813302,false,60 60 60,1830,ok
60,3,Float32,1e-08,1e-08,universal,QuickDer/Arpack,ArpackSolver,8,10.0,60.0,0.0696,0.0017,0.0713,154733264,14,1.2307548331591533e-6,false,0.2258304727792903,0.9490005975647269,false,60 60 60,1830,ok
60,3,Float32,1e-08,1e-08,universal,QuickDer/Arpack,ArpackSolver,8,10.0,60.0,0.0688,0.0016,0.0705,154733264,14,1.2156617685832316e-6,false,0.19430964377356222,0.9622437623369987,false,60 60 60,1830,ok
60,3,Float32,1e-08,1e-08,universal,QuickDer/Gram,GramSolver,8,10.0,60.0,0.1214,0.0016,0.1230,154733264,14,9.522992172605882e-7,false,0.2509049700878951,0.937046695985667,false,60 60 60,1830,ok
60,3,Float32,1e-08,1e-08,universal,QuickDer/Gram,GramSolver,8,10.0,60.0,0.0873,0.0017,0.0890,157797072,14,1.3647037349073798e-6,false,0.2573449514684512,0.9337735759539457,false,60 60 60,1830,ok
60,3,Float32,1e-08,1e-08,universal,QuickDer/Gram,GramSolver,8,10.0,60.0,0.0683,0.0017,0.0700,154733264,14,1.4808933883614372e-6,false,0.09158387380114741,0.9916123940599333,false,60 60 60,1830,ok
60,3,Float32,1e-08,1e-08,symmetric,SylverLining/Auto,AutoSolver,8,10.0,60.0,1.3643,0.0008,1.3651,29497344,3,4.2291767954338866e-7,false,3.46254354269306e-5,0.9999999988016711,true,60 60 60,1830,ok
60,3,Float32,1e-08,1e-08,symmetric,SylverLining/Auto,AutoSolver,8,10.0,60.0,1.3463,0.0009,1.3471,29498880,3,3.2836599075380946e-6,false,0.00041255827574022513,0.9999998297959463,true,60 60 60,1830,ok
60,3,Float32,1e-08,1e-08,symmetric,SylverLining/Auto,AutoSolver,8,10.0,60.0,1.4419,0.0008,1.4426,29502336,3,1.9021291564058629e-6,false,0.00020379094167816085,0.9999999584698481,true,60 60 60,1830,ok
60,3,Float32,1e-08,1e-08,symmetric,SylverLining/Gram,GramSolver,8,10.0,60.0,6.3427,0.0009,6.3436,391339648,3,3.220924895686039e-7,false,3.6625975313573626e-5,0.9999999986592063,true,60 60 60,1830,ok
60,3,Float32,1e-08,1e-08,symmetric,SylverLining/Gram,GramSolver,8,10.0,60.0,6.4641,0.0008,6.4649,391339648,3,3.392543135305459e-7,false,2.916583594387314e-5,0.9999999991498294,true,60 60 60,1830,ok
60,3,Float32,1e-08,1e-08,symmetric,SylverLining/Gram,GramSolver,8,10.0,60.0,7.1171,0.0008,7.1179,391339648,3,2.70842235750024e-7,false,0.0002940532768498563,0.9999999135328222,true,60 60 60,1830,ok
60,3,Float32,1e-08,1e-08,symmetric,SylverLining/LU,LUSolver,8,10.0,60.0,7.9993,0.0010,8.0003,380394544,3,4.093358256795909e-7,false,6.476060389322495e-5,0.9999999958067317,true,60 60 60,1830,ok
60,3,Float32,1e-08,1e-08,symmetric,SylverLining/LU,LUSolver,8,10.0,60.0,8.0270,0.0009,8.0279,380394544,3,6.530643190671981e-7,false,4.7044013136288544e-5,0.9999999977875477,true,60 60 60,1830,ok
60,3,Float32,1e-08,1e-08,symmetric,SylverLining/LU,LUSolver,8,10.0,60.0,7.8715,0.0008,7.8724,380394544,3,4.014894727788487e-7,false,6.163555327382484e-5,0.999999996201434,true,60 60 60,1830,ok
60,3,Float32,1e-08,1e-08,symmetric,SylverLining/Arpack,ArpackSolver,8,10.0,60.0,1.5059,0.0008,1.5067,25634064,3,1.5469378240595688e-6,false,0.00015177818238531015,0.9999999769638421,true,60 60 60,1830,ok
60,3,Float32,1e-08,1e-08,symmetric,SylverLining/Arpack,ArpackSolver,8,10.0,60.0,1.4533,0.0008,1.4540,25634256,3,1.1131344308523694e-6,false,0.00015053521834223202,0.9999999773396064,true,60 60 60,1830,ok
60,3,Float32,1e-08,1e-08,symmetric,SylverLining/Arpack,ArpackSolver,8,10.0,60.0,1.4085,0.0008,1.4093,25637392,3,6.260322606976843e-7,false,6.339927825153341e-5,0.9999999959809235,true,60 60 60,1830,ok
60,3,Float32,1e-08,1e-08,symmetric,SylverLining/Krylov,KrylovSolver,8,10.0,60.0,1.2302,0.0008,1.2310,72422944,3,2.22538710659137e-6,false,0.00030238332398108006,0.9999999085648746,true,60 60 60,1830,ok
60,3,Float32,1e-08,1e-08,symmetric,SylverLining/Krylov,KrylovSolver,8,10.0,60.0,1.2473,0.0009,1.2482,72422112,3,2.5070999072340783e-6,false,0.00032354869532328896,0.9999998953164432,true,60 60 60,1830,ok
60,3,Float32,1e-08,1e-08,symmetric,SylverLining/Krylov,KrylovSolver,8,10.0,60.0,1.3296,0.0009,1.3305,72864656,3,2.4541952825529734e-6,false,0.00014782164139958125,0.9999999781493651,true,60 60 60,1830,ok
60,3,Float32,1e-08,1e-08,symmetric,SylverLining/SVD,SVDSolver,8,10.0,60.0,14.9999,0.0009,15.0007,859257632,3,9.872468353933073e-7,false,0.0001547453836150795,0.999999976054057,true,60 60 60,1830,ok
60,3,Float32,1e-08,1e-08,symmetric,SylverLining/SVD,SVDSolver,8,10.0,60.0,14.2626,0.0008,14.2634,859257632,3,7.482173032258288e-7,false,5.1732160554293844e-5,0.9999999973241296,true,60 60 60,1830,ok
60,3,Float32,1e-08,1e-08,symmetric,SylverLining/SVD,SVDSolver,8,10.0,60.0,14.1417,0.0008,14.1425,859257632,3,1.474553755542729e-6,false,0.0001036279745068781,0.9999999892618344,true,60 60 60,1830,ok
60,3,Float32,1e-08,1e-08,symmetric,SymmetricGram,none,8,10.0,60.0,0.9229,0.0009,0.9238,2101279160,3,6.952722486630591e-8,false,2.4931484102115185e-5,0.9999999993790925,true,60 60 60,1830,ok
60,3,Float32,1e-08,1e-08,symmetric,SymmetricGram,none,8,10.0,60.0,0.8954,0.0008,0.8962,2101279160,3,6.947988140382222e-8,false,9.508810772166378e-6,0.9999999999100573,true,60 60 60,1830,ok
60,3,Float32,1e-08,1e-08,symmetric,SymmetricGram,none,8,10.0,60.0,0.8957,0.0008,0.8964,2101279160,3,7.727528839041042e-8,false,5.366147522489922e-5,0.9999999971207629,true,60 60 60,1830,ok
65,3,Float32,1e-08,1e-08,universal,Auto,none,8,10.0,60.0,0.0795,0.0024,0.0818,178886592,13,3.352162423198024e-7,false,0.04486116716326057,0.9979874756809294,false,65 65 65,2145,ok
65,3,Float32,1e-08,1e-08,universal,Auto,none,8,10.0,60.0,0.0813,0.0019,0.0832,178886592,13,2.639402509885258e-7,false,0.07827462960831107,0.9938730823602234,false,65 65 65,2145,ok
65,3,Float32,1e-08,1e-08,universal,Auto,none,8,10.0,60.0,0.0857,0.0019,0.0876,178886592,13,2.881961904677155e-7,false,0.12044995484092966,0.985491808379166,false,65 65 65,2145,ok
65,3,Float32,1e-08,1e-08,universal,QuickDer/Auto,AutoSolver,8,10.0,60.0,0.0841,0.0018,0.0859,178884640,13,2.657238269421214e-7,false,0.07244611685483078,0.9947515601528149,false,65 65 65,2145,ok
65,3,Float32,1e-08,1e-08,universal,QuickDer/Auto,AutoSolver,8,10.0,60.0,0.0957,0.0023,0.0980,178884640,13,2.629195421377517e-7,false,0.12198033778981447,0.985120797193238,false,65 65 65,2145,ok
65,3,Float32,1e-08,1e-08,universal,QuickDer/Auto,AutoSolver,8,10.0,60.0,0.0877,0.0019,0.0896,178884640,13,2.838240220626176e-7,false,0.16687955733184606,0.9721512133452721,false,65 65 65,2145,ok
65,3,Float32,1e-08,1e-08,universal,QuickDer/Arpack,ArpackSolver,8,10.0,60.0,0.1352,0.0019,0.1371,178884640,13,4.553848782506975e-7,false,0.17249113351032683,0.9702468088609887,false,65 65 65,2145,ok
65,3,Float32,1e-08,1e-08,universal,QuickDer/Arpack,ArpackSolver,8,10.0,60.0,0.0793,0.0019,0.0812,176492576,13,6.154281209092005e-7,false,0.2212422910803731,0.9510518486382488,false,65 65 65,2145,ok
65,3,Float32,1e-08,1e-08,universal,QuickDer/Arpack,ArpackSolver,8,10.0,60.0,0.0766,0.0017,0.0784,176492576,13,2.9606633233925095e-7,false,0.13477409485399727,0.9818359433566481,false,65 65 65,2145,ok
65,3,Float32,1e-08,1e-08,universal,QuickDer/Gram,GramSolver,8,10.0,60.0,0.0882,0.0019,0.0901,176492576,13,5.465067829391046e-7,false,0.2387284161380584,0.9430087433285813,false,65 65 65,2145,ok
65,3,Float32,1e-08,1e-08,universal,QuickDer/Gram,GramSolver,8,10.0,60.0,0.0868,0.0019,0.0887,176492576,13,4.3386316406213155e-7,false,0.16619322966667457,0.9723798104136006,false,65 65 65,2145,ok
65,3,Float32,1e-08,1e-08,universal,QuickDer/Gram,GramSolver,8,10.0,60.0,0.0828,0.0021,0.0849,176492576,13,1.94189851754345e-7,false,0.18392139924650142,0.9661729188995062,false,65 65 65,2145,ok
65,3,Float32,1e-08,1e-08,symmetric,SylverLining/Auto,AutoSolver,8,10.0,60.0,1.7209,0.0018,1.7227,32875104,3,1.043364250108425e-6,false,0.00013392588947204204,0.9999999820643632,true,65 65 65,2145,ok
65,3,Float32,1e-08,1e-08,symmetric,SylverLining/Auto,AutoSolver,8,10.0,60.0,1.7838,0.0009,1.7847,32875104,3,2.236211685158196e-6,false,0.00040781463325225797,0.9999998336879805,true,65 65 65,2145,ok
65,3,Float32,1e-08,1e-08,symmetric,SylverLining/Auto,AutoSolver,8,10.0,60.0,1.6860,0.0009,1.6869,32871648,3,1.8118050775228767e-6,false,0.005421342126467954,0.9999706090531465,true,65 65 65,2145,ok
65,3,Float32,1e-08,1e-08,symmetric,SylverLining/Gram,GramSolver,8,10.0,60.0,10.1941,0.0010,10.1950,532895088,3,3.07001130295248e-7,false,2.7234146122605945e-5,0.9999999992589002,true,65 65 65,2145,ok
65,3,Float32,1e-08,1e-08,symmetric,SylverLining/Gram,GramSolver,8,10.0,60.0,9.9784,0.0009,9.9793,532895088,3,6.858730898784415e-7,false,2.9483297266984142e-5,0.999999999131331,true,65 65 65,2145,ok
65,3,Float32,1e-08,1e-08,symmetric,SylverLining/Gram,GramSolver,8,10.0,60.0,9.9360,0.0010,9.9370,532895088,3,3.7359438920248067e-7,false,0.00013992476348815,0.9999999804214048,true,65 65 65,2145,ok
65,3,Float32,1e-08,1e-08,symmetric,SylverLining/LU,LUSolver,8,10.0,60.0,12.0725,0.0000,12.0725,515389440,0,NaN,false,NaN,NaN,false,65 65 65,2145,error: no nontrivial derivations at tol = 1.0e-8
65,3,Float32,1e-08,1e-08,symmetric,SylverLining/LU,LUSolver,8,10.0,60.0,12.5312,0.0000,12.5312,515389440,0,NaN,false,NaN,NaN,false,65 65 65,2145,error: no nontrivial derivations at tol = 1.0e-8
65,3,Float32,1e-08,1e-08,symmetric,SylverLining/LU,LUSolver,8,10.0,60.0,12.3096,0.0000,12.3096,515389440,0,NaN,false,NaN,NaN,false,65 65 65,2145,error: no nontrivial derivations at tol = 1.0e-8
65,3,Float32,1e-08,1e-08,symmetric,SylverLining/Arpack,ArpackSolver,8,10.0,60.0,2.1276,0.0013,2.1289,30878720,3,3.6056792396266246e-6,false,0.0006255686416937027,0.9999996086646682,true,65 65 65,2145,ok
65,3,Float32,1e-08,1e-08,symmetric,SylverLining/Arpack,ArpackSolver,8,10.0,60.0,1.7401,0.0010,1.7410,30548336,3,2.342965444768197e-6,false,0.0003967125056744796,0.9999998426199618,true,65 65 65,2145,ok
65,3,Float32,1e-08,1e-08,symmetric,SylverLining/Arpack,ArpackSolver,8,10.0,60.0,1.7018,0.0011,1.7029,33843376,3,1.714072368486086e-6,false,0.00015455333796380276,0.9999999761141164,true,65 65 65,2145,ok
65,3,Float32,1e-08,1e-08,symmetric,SylverLining/Krylov,KrylovSolver,8,10.0,60.0,1.7250,0.0009,1.7259,89200224,3,5.46474529983243e-6,false,0.00015993609754201392,0.9999999744208992,true,65 65 65,2145,ok
65,3,Float32,1e-08,1e-08,symmetric,SylverLining/Krylov,KrylovSolver,8,10.0,60.0,1.8175,0.0011,1.8185,95844000,3,6.5120170802401844e-6,false,0.0007515095449524773,0.9999994352335922,true,65 65 65,2145,ok
65,3,Float32,1e-08,1e-08,symmetric,SylverLining/Krylov,KrylovSolver,8,10.0,60.0,1.8049,0.0018,1.8067,95844048,3,5.241553026280599e-6,false,0.0010796576945040002,0.9999988343397501,true,65 65 65,2145,ok
65,3,Float32,1e-08,1e-08,symmetric,SylverLining/SVD,SVDSolver,8,10.0,60.0,22.0652,0.0010,22.0663,1178468880,3,1.38230325319455e-6,false,0.00015020195351798701,0.9999999774399527,true,65 65 65,2145,ok
65,3,Float32,1e-08,1e-08,symmetric,SylverLining/SVD,SVDSolver,8,10.0,60.0,22.8352,0.0010,22.8362,1178468880,3,1.0002336239267606e-6,false,0.00011059941711932224,0.9999999877683917,true,65 65 65,2145,ok
65,3,Float32,1e-08,1e-08,symmetric,SylverLining/SVD,SVDSolver,8,10.0,60.0,22.4830,0.0010,22.4840,1178468880,3,6.208301783772185e-7,false,5.5472008885491904e-5,0.9999999969232801,true,65 65 65,2145,ok
65,3,Float32,1e-08,1e-08,symmetric,SymmetricGram,none,8,10.0,60.0,1.2672,0.0009,1.2682,2848785304,3,8.48099048766926e-8,false,1.0186565427748429e-5,0.9999999998968804,true,65 65 65,2145,ok
65,3,Float32,1e-08,1e-08,symmetric,SymmetricGram,none,8,10.0,60.0,1.2076,0.0010,1.2086,2796782488,3,7.326723761025278e-8,false,2.3517073130049226e-5,0.999999999447511,true,65 65 65,2145,ok
65,3,Float32,1e-08,1e-08,symmetric,SymmetricGram,none,8,10.0,60.0,1.2115,0.0014,1.2128,2781643672,3,6.967010790503991e-8,false,1.0526687245149427e-5,0.9999999998897863,true,65 65 65,2145,ok
70,3,Float32,1e-08,1e-08,universal,Auto,none,8,10.0,60.0,0.1363,0.0025,0.1388,278065520,13,1.8007776247941365e-7,false,0.10420464759018065,0.9891413914214284,false,70 70 70,2485,ok
70,3,Float32,1e-08,1e-08,universal,Auto,none,8,10.0,60.0,0.1055,0.0144,0.1199,251818352,13,2.743929030657455e-7,false,0.10509064994266666,0.9889559552950518,false,70 70 70,2485,ok
70,3,Float32,1e-08,1e-08,universal,Auto,none,8,10.0,60.0,0.1124,0.0023,0.1148,251818352,13,2.242383061457076e-7,false,0.17085016823531557,0.9708102200145416,false,70 70 70,2485,ok
70,3,Float32,1e-08,1e-08,universal,QuickDer/Auto,AutoSolver,8,10.0,60.0,0.1122,0.0022,0.1144,251816464,13,3.976144000716886e-7,false,0.043969537031692624,0.9980666798138152,false,70 70 70,2485,ok
70,3,Float32,1e-08,1e-08,universal,QuickDer/Auto,AutoSolver,8,10.0,60.0,0.1373,0.0030,0.1404,251816464,13,2.8812820573875797e-7,false,0.13592563758251525,0.9815242210486368,false,70 70 70,2485,ok
70,3,Float32,1e-08,1e-08,universal,QuickDer/Auto,AutoSolver,8,10.0,60.0,0.1012,0.0022,0.1035,251816400,13,3.1195713745546527e-7,false,0.07989559494362815,0.9936166939089469,false,70 70 70,2485,ok
70,3,Float32,1e-08,1e-08,universal,QuickDer/Arpack,ArpackSolver,8,10.0,60.0,0.1161,0.0022,0.1183,251816464,13,2.576391011643864e-7,false,0.15400106446809647,0.9762836721431514,false,70 70 70,2485,ok
70,3,Float32,1e-08,1e-08,universal,QuickDer/Arpack,ArpackSolver,8,10.0,60.0,0.1148,0.0030,0.1178,251816464,13,3.043074912056909e-7,false,0.19344728185332752,0.9625781491444307,false,70 70 70,2485,ok
70,3,Float32,1e-08,1e-08,universal,QuickDer/Arpack,ArpackSolver,8,10.0,60.0,0.1116,0.0021,0.1137,251816400,13,3.261667984588712e-7,false,0.02660353676847182,0.9992922518317038,false,70 70 70,2485,ok
70,3,Float32,1e-08,1e-08,universal,QuickDer/Gram,GramSolver,8,10.0,60.0,0.1028,0.0022,0.1050,251816464,13,2.5696471084302175e-7,false,0.07784998372772416,0.993939380034405,false,70 70 70,2485,ok
70,3,Float32,1e-08,1e-08,universal,QuickDer/Gram,GramSolver,8,10.0,60.0,0.1117,0.0022,0.1139,251816400,13,2.728492916048708e-7,false,0.009527404471991182,0.9999092285642849,false,70 70 70,2485,ok
70,3,Float32,1e-08,1e-08,universal,QuickDer/Gram,GramSolver,8,10.0,60.0,0.1142,0.0023,0.1165,251816400,13,2.3168499296843947e-7,false,0.19059659167800289,0.9636729392413523,false,70 70 70,2485,ok
70,3,Float32,1e-08,1e-08,symmetric,SylverLining/Auto,AutoSolver,8,10.0,60.0,2.4018,0.0011,2.4029,35943360,3,5.775456770606979e-7,false,0.00011207669588924151,0.9999999874395222,true,70 70 70,2485,ok
70,3,Float32,1e-08,1e-08,symmetric,SylverLining/Auto,AutoSolver,8,10.0,60.0,2.4327,0.0012,2.4339,35938496,3,2.9828274250576214e-7,false,0.0002989134881586322,0.9999999106512887,true,70 70 70,2485,ok
70,3,Float32,1e-08,1e-08,symmetric,SylverLining/Auto,AutoSolver,8,10.0,60.0,2.3936,0.0011,2.3947,35941760,3,1.6801546109945775e-7,false,4.253492230284874e-5,0.99999999819168,true,70 70 70,2485,ok
70,3,Float32,1e-08,1e-08,symmetric,SylverLining/Gram,GramSolver,8,10.0,60.0,15.3259,0.0011,15.3271,709334352,3,2.3622641265319544e-7,false,2.9500396300970232e-5,0.9999999991304569,true,70 70 70,2485,ok
70,3,Float32,1e-08,1e-08,symmetric,SylverLining/Gram,GramSolver,8,10.0,60.0,15.3610,0.0013,15.3623,709334352,3,2.009198567520798e-7,false,3.502527511654566e-5,0.9999999987741877,true,70 70 70,2485,ok
70,3,Float32,1e-08,1e-08,symmetric,SylverLining/Gram,GramSolver,8,10.0,60.0,15.5944,0.0013,15.5958,709334352,3,2.1657270110608806e-7,false,8.53345024109281e-5,0.9999999927189593,true,70 70 70,2485,ok
70,3,Float32,1e-08,1e-08,symmetric,SylverLining/Arpack,ArpackSolver,8,10.0,60.0,2.4795,0.0012,2.4807,35943568,3,5.885940481675789e-7,false,0.00027561450702589667,0.9999999240375747,true,70 70 70,2485,ok
70,3,Float32,1e-08,1e-08,symmetric,SylverLining/Arpack,ArpackSolver,8,10.0,60.0,2.4914,0.0013,2.4927,35939792,3,6.995635430939728e-7,false,0.0010577701053775222,0.9999988811226824,true,70 70 70,2485,ok
70,3,Float32,1e-08,1e-08,symmetric,SylverLining/Arpack,ArpackSolver,8,10.0,60.0,2.4679,0.0011,2.4689,35941840,3,6.3234756453312e-7,false,5.017769181709442e-5,0.9999999974829253,true,70 70 70,2485,ok
70,3,Float32,1e-08,1e-08,symmetric,SylverLining/Krylov,KrylovSolver,8,10.0,60.0,4.4404,0.0022,4.4427,172911696,3,1.234992737408902e-6,false,0.00016688331744826678,0.9999999721508053,true,70 70 70,2485,ok
70,3,Float32,1e-08,1e-08,symmetric,SylverLining/Krylov,KrylovSolver,8,10.0,60.0,2.2211,0.0016,2.2227,90675152,3,1.1504967005748767e-6,false,0.0002693338172918027,0.999999927460255,true,70 70 70,2485,ok
70,3,Float32,1e-08,1e-08,symmetric,SylverLining/Krylov,KrylovSolver,8,10.0,60.0,4.4923,0.0011,4.4934,173044096,3,9.479074378759833e-7,false,0.00031831770452506734,0.9999998986745532,true,70 70 70,2485,ok
70,3,Float32,1e-08,1e-08,symmetric,SylverLining/SVD,SVDSolver,8,10.0,60.0,34.9786,0.0012,34.9798,1578930672,3,1.265830064767215e-6,false,0.00018839918593635728,0.9999999645060531,true,70 70 70,2485,ok
70,3,Float32,1e-08,1e-08,symmetric,SylverLining/SVD,SVDSolver,8,10.0,60.0,38.7918,0.0013,38.7931,1578930672,3,8.802712159194925e-7,false,5.3986639994684663e-5,0.999999997086427,true,70 70 70,2485,ok
70,3,Float32,1e-08,1e-08,symmetric,SylverLining/SVD,SVDSolver,8,10.0,60.0,35.7038,0.0014,35.7051,1578930672,3,1.3007726238356554e-6,false,0.00052282892985452,0.9999997266500591,true,70 70 70,2485,ok
70,3,Float32,1e-08,1e-08,symmetric,SymmetricGram,none,8,10.0,60.0,1.9084,0.0011,1.9095,3733400504,3,7.053765216369356e-8,false,8.676899166001948e-6,0.999999999925453,true,70 70 70,2485,ok
70,3,Float32,1e-08,1e-08,symmetric,SymmetricGram,none,8,10.0,60.0,1.9073,0.0011,1.9085,3706858424,3,6.301808497255479e-8,false,3.2241973521942224e-5,0.9999999989611255,true,70 70 70,2485,ok
70,3,Float32,1e-08,1e-08,symmetric,SymmetricGram,none,8,10.0,60.0,1.8028,0.0011,1.8038,3715705784,3,1.005917837915149e-7,false,9.303687137934741e-6,0.9999999999142116,true,70 70 70,2485,ok
75,3,Float32,1e-08,1e-08,universal,Auto,none,8,10.0,60.0,0.1460,0.0029,0.1489,358073056,13,3.80120184217958e-7,false,0.10916518963195315,0.9880829613732965,false,75 75 75,2850,ok
75,3,Float32,1e-08,1e-08,universal,Auto,none,8,10.0,60.0,0.1231,0.0027,0.1258,358073056,13,5.714697977055039e-7,false,0.19367655415266535,0.9624893923725648,false,75 75 75,2850,ok
75,3,Float32,1e-08,1e-08,universal,Auto,none,8,10.0,60.0,0.1367,0.0030,0.1398,358073056,13,3.9785871308595233e-7,false,0.12627353168321082,0.9840549951967668,false,75 75 75,2850,ok
75,3,Float32,1e-08,1e-08,universal,QuickDer/Auto,AutoSolver,8,10.0,60.0,0.1321,0.0026,0.1346,358071104,13,2.843108006800321e-7,false,0.050158791314560754,0.9974840956543278,false,75 75 75,2850,ok
75,3,Float32,1e-08,1e-08,universal,QuickDer/Auto,AutoSolver,8,10.0,60.0,0.1368,0.0046,0.1414,358071104,13,2.3311345387355686e-7,false,0.08148092361890726,0.9933608590865199,false,75 75 75,2850,ok
75,3,Float32,1e-08,1e-08,universal,QuickDer/Auto,AutoSolver,8,10.0,60.0,0.1321,0.0027,0.1348,358071104,13,3.4560437711661507e-7,false,0.012875495954595206,0.9998342216042084,false,75 75 75,2850,ok
75,3,Float32,1e-08,1e-08,universal,QuickDer/Arpack,ArpackSolver,8,10.0,60.0,0.1316,0.0027,0.1343,358071104,13,3.189729511632322e-7,false,0.15223926184890293,0.9768232071527043,false,75 75 75,2850,ok
75,3,Float32,1e-08,1e-08,universal,QuickDer/Arpack,ArpackSolver,8,10.0,60.0,0.1215,0.0026,0.1241,358071104,13,1.6035008343351365e-7,false,0.009583687838409717,0.9999081529276571,false,75 75 75,2850,ok
75,3,Float32,1e-08,1e-08,universal,QuickDer/Arpack,ArpackSolver,8,10.0,60.0,0.1307,0.0033,0.1339,358071104,13,4.7265470470847504e-7,false,0.24015617784754603,0.9423250102427407,false,75 75 75,2850,ok
75,3,Float32,1e-08,1e-08,universal,QuickDer/Gram,GramSolver,8,10.0,60.0,0.1280,0.0029,0.1310,358071104,13,5.02639920796355e-7,false,0.11417718295932665,0.9869635708921768,false,75 75 75,2850,ok
75,3,Float32,1e-08,1e-08,universal,QuickDer/Gram,GramSolver,8,10.0,60.0,0.1233,0.0027,0.1260,358071104,13,3.649775237590802e-7,false,0.11530406188202617,0.986704973313978,false,75 75 75,2850,ok
75,3,Float32,1e-08,1e-08,universal,QuickDer/Gram,GramSolver,8,10.0,60.0,0.1357,0.0058,0.1415,358071104,13,4.0171602222471847e-7,false,0.13183662253316128,0.9826191049596495,false,75 75 75,2850,ok
75,3,Float32,1e-08,1e-08,symmetric,SylverLining/Auto,AutoSolver,8,10.0,60.0,2.8421,0.0014,2.8435,42488880,3,6.168873483147763e-7,false,0.000302567976885933,0.9999999084538514,true,75 75 75,2850,ok
75,3,Float32,1e-08,1e-08,symmetric,SylverLining/Auto,AutoSolver,8,10.0,60.0,2.7871,0.0021,2.7891,42488560,3,6.25230313744396e-7,false,0.00020983400620675201,0.9999999559705437,true,75 75 75,2850,ok
75,3,Float32,1e-08,1e-08,symmetric,SylverLining/Auto,AutoSolver,8,10.0,60.0,2.8032,0.0013,2.8045,42494256,3,6.108334105192625e-7,false,0.0003604801613471465,0.9999998700546192,true,75 75 75,2850,ok
75,3,Float32,1e-08,1e-08,symmetric,SylverLining/Gram,GramSolver,8,10.0,60.0,19.8237,0.0019,19.8256,927237168,3,2.403766927727702e-7,false,0.0001654519562543584,0.9999999726268578,true,75 75 75,2850,ok
75,3,Float32,1e-08,1e-08,symmetric,SylverLining/Gram,GramSolver,8,10.0,60.0,20.1790,0.0015,20.1805,927237168,3,2.825191529609583e-7,false,4.7882223904280486e-5,0.9999999977085605,true,75 75 75,2850,ok
75,3,Float32,1e-08,1e-08,symmetric,SylverLining/Gram,GramSolver,8,10.0,60.0,20.2205,0.0019,20.2224,927237168,3,3.475641108252603e-7,false,8.292022560649459e-5,0.9999999931255199,true,75 75 75,2850,ok
75,3,Float32,1e-08,1e-08,symmetric,SylverLining/Arpack,ArpackSolver,8,10.0,60.0,2.9085,0.0020,2.9106,42492608,3,1.0788476174639072e-6,false,0.00016762305861904423,0.9999999719038095,true,75 75 75,2850,ok
75,3,Float32,1e-08,1e-08,symmetric,SylverLining/Arpack,ArpackSolver,8,10.0,60.0,2.7776,0.0020,2.7796,42489152,3,1.4507264722851687e-6,false,0.0001347360256747151,0.9999999818474841,true,75 75 75,2850,ok
75,3,Float32,1e-08,1e-08,symmetric,SylverLining/Arpack,ArpackSolver,8,10.0,60.0,2.8923,0.0017,2.8940,42492608,3,6.243474786060688e-7,false,7.636611864424557e-5,0.9999999941694284,true,75 75 75,2850,ok
75,3,Float32,1e-08,1e-08,symmetric,SylverLining/Krylov,KrylovSolver,8,10.0,60.0,2.4705,0.0013,2.4717,125676528,3,1.2133181144236005e-6,false,0.0001281547587945905,0.9999999835772038,true,75 75 75,2850,ok
75,3,Float32,1e-08,1e-08,symmetric,SylverLining/Krylov,KrylovSolver,8,10.0,60.0,2.5782,0.0013,2.5795,133762448,3,1.1475349310785532e-6,false,0.0001741422739700637,0.9999999696757904,true,75 75 75,2850,ok
75,3,Float32,1e-08,1e-08,symmetric,SylverLining/Krylov,KrylovSolver,8,10.0,60.0,2.6086,0.0021,2.6107,133760640,3,9.843889756666613e-7,false,0.00022054999744777965,0.999999951358982,true,75 75 75,2850,ok
75,3,Float32,1e-08,1e-08,symmetric,SylverLining/SVD,SVDSolver,8,10.0,60.0,46.3916,0.0014,46.3930,2074607824,3,1.2167656677775085e-6,false,0.0003239193260330985,0.9999998950770415,true,75 75 75,2850,ok
75,3,Float32,1e-08,1e-08,symmetric,SylverLining/SVD,SVDSolver,8,10.0,60.0,44.7051,0.0012,44.7064,2074607824,3,1.0602109341562027e-6,false,9.96907213101968e-5,0.9999999900623198,true,75 75 75,2850,ok
75,3,Float32,1e-08,1e-08,symmetric,SylverLining/SVD,SVDSolver,8,10.0,60.0,44.2298,0.0015,44.2313,2074607824,3,1.1953586636082036e-6,false,0.00021167096272384125,0.9999999551957821,true,75 75 75,2850,ok
75,3,Float32,1e-08,1e-08,symmetric,SymmetricGram,none,8,10.0,60.0,0.0000,0.0000,0.0000,0,0,NaN,false,NaN,NaN,false,75 75 75,2850,error: ArgumentError: SymmetricGram estimates 1389020400 bytes for d=75; above max_bytes=1073741824; raise max_bytes explicitly or use :SylverLining
75,3,Float32,1e-08,1e-08,symmetric,SymmetricGram,none,8,10.0,60.0,0.0000,0.0000,0.0000,0,0,NaN,false,NaN,NaN,false,75 75 75,2850,error: ArgumentError: SymmetricGram estimates 1389020400 bytes for d=75; above max_bytes=1073741824; raise max_bytes explicitly or use :SylverLining
75,3,Float32,1e-08,1e-08,symmetric,SymmetricGram,none,8,10.0,60.0,0.0000,0.0000,0.0000,0,0,NaN,false,NaN,NaN,false,75 75 75,2850,error: ArgumentError: SymmetricGram estimates 1389020400 bytes for d=75; above max_bytes=1073741824; raise max_bytes explicitly or use :SylverLining
80,3,Float32,1e-08,1e-08,universal,Auto,none,8,10.0,60.0,0.2008,0.0032,0.2039,295826272,13,3.136131567771372e-7,false,0.13314238544862672,0.9822731051983815,false,80 80 80,3240,ok
80,3,Float32,1e-08,1e-08,universal,Auto,none,8,10.0,60.0,0.1719,0.0030,0.1749,295826272,13,3.22673798791584e-7,false,0.1227808955793956,0.9849248516818825,false,80 80 80,3240,ok
80,3,Float32,1e-08,1e-08,universal,Auto,none,8,10.0,60.0,0.1696,0.0028,0.1725,295826272,13,3.0589279731429997e-7,false,0.08687736874654663,0.99245232280022,false,80 80 80,3240,ok
80,3,Float32,1e-08,1e-08,universal,QuickDer/Auto,AutoSolver,8,10.0,60.0,0.1741,0.0054,0.1794,295824320,13,2.7796201607088733e-7,false,0.11761234483239796,0.9861673363443635,false,80 80 80,3240,ok
80,3,Float32,1e-08,1e-08,universal,QuickDer/Auto,AutoSolver,8,10.0,60.0,0.1725,0.0031,0.1756,295824320,13,3.410890201394068e-7,false,0.09549239757652554,0.9908812020056147,false,80 80 80,3240,ok
80,3,Float32,1e-08,1e-08,universal,QuickDer/Auto,AutoSolver,8,10.0,60.0,0.1708,0.0066,0.1774,295824320,13,3.277606595020188e-7,false,0.11708362594044447,0.9862914245374457,false,80 80 80,3240,ok
80,3,Float32,1e-08,1e-08,universal,QuickDer/Arpack,ArpackSolver,8,10.0,60.0,0.1727,0.0028,0.1755,295824320,13,2.441760216242983e-7,false,0.10549977470321582,0.9888697975380356,false,80 80 80,3240,ok
80,3,Float32,1e-08,1e-08,universal,QuickDer/Arpack,ArpackSolver,8,10.0,60.0,0.1700,0.0029,0.1729,295824320,13,1.5518118345880794e-7,false,0.12833668144998167,0.9835296961955878,false,80 80 80,3240,ok
80,3,Float32,1e-08,1e-08,universal,QuickDer/Arpack,ArpackSolver,8,10.0,60.0,0.2134,0.0029,0.2163,295824320,13,2.7185262752027484e-7,false,0.14029519775475646,0.9803172574876321,false,80 80 80,3240,ok
80,3,Float32,1e-08,1e-08,universal,QuickDer/Gram,GramSolver,8,10.0,60.0,0.1660,0.0028,0.1687,295824320,13,3.2221299761658884e-7,false,0.007733690153353579,0.9999401900421405,false,80 80 80,3240,ok
80,3,Float32,1e-08,1e-08,universal,QuickDer/Gram,GramSolver,8,10.0,60.0,0.1696,0.0055,0.1751,295824320,13,3.2360100021833205e-7,false,0.08756415009590794,0.9923325196185755,false,80 80 80,3240,ok
80,3,Float32,1e-08,1e-08,universal,QuickDer/Gram,GramSolver,8,10.0,60.0,0.1672,0.0029,0.1701,295824320,13,2.653197554991493e-7,false,0.04186964838108856,0.9982469325454565,false,80 80 80,3240,ok
80,3,Float32,1e-08,1e-08,symmetric,SylverLining/Auto,AutoSolver,8,10.0,60.0,3.7360,0.0014,3.7374,49284176,3,6.32034357295197e-7,false,0.0006136667698519852,0.9999996234141689,true,80 80 80,3240,ok
80,3,Float32,1e-08,1e-08,symmetric,SylverLining/Auto,AutoSolver,8,10.0,60.0,3.7054,0.0023,3.7077,49282448,3,5.248456886874919e-7,false,0.00023736603377225407,0.9999999436585856,true,80 80 80,3240,ok
80,3,Float32,1e-08,1e-08,symmetric,SylverLining/Auto,AutoSolver,8,10.0,60.0,3.7303,0.0013,3.7316,49287440,3,4.205633388210117e-7,false,7.443748600918202e-5,0.9999999944604134,true,80 80 80,3240,ok
80,3,Float32,1e-08,1e-08,symmetric,SylverLining/Gram,GramSolver,8,10.0,60.0,28.7434,0.0013,28.7448,1191719840,3,2.5572458639544493e-7,false,3.493871332680628e-5,0.9999999987802524,true,80 80 80,3240,ok
80,3,Float32,1e-08,1e-08,symmetric,SylverLining/Gram,GramSolver,8,10.0,60.0,29.0471,0.0016,29.0487,1191719840,3,2.566594616837392e-7,false,5.839707472521668e-5,0.99999999659103,true,80 80 80,3240,ok
80,3,Float32,1e-08,1e-08,symmetric,SylverLining/Gram,GramSolver,8,10.0,60.0,31.5689,0.0018,31.5707,1191719840,3,2.3445591068593785e-7,false,0.003163588379581474,0.9999899917090269,true,80 80 80,3240,ok
80,3,Float32,1e-08,1e-08,symmetric,SylverLining/Arpack,ArpackSolver,8,10.0,60.0,3.7705,0.0014,3.7719,49283936,3,5.749340061811381e-7,false,0.00012726204029543884,0.9999999838052801,true,80 80 80,3240,ok
80,3,Float32,1e-08,1e-08,symmetric,SylverLining/Arpack,ArpackSolver,8,10.0,60.0,3.9073,0.0047,3.9120,49287392,3,1.7379552446072921e-6,false,0.00018700124021914385,0.9999999650314261,true,80 80 80,3240,ok
80,3,Float32,1e-08,1e-08,symmetric,SylverLining/Arpack,ArpackSolver,8,10.0,60.0,4.0439,0.0020,4.0460,49290976,3,5.79335562633787e-7,false,5.043486506258536e-5,0.9999999974572553,true,80 80 80,3240,ok
80,3,Float32,1e-08,1e-08,symmetric,SylverLining/Krylov,KrylovSolver,8,10.0,60.0,3.3931,0.0018,3.3949,146420432,3,1.849407112786139e-6,false,0.00031583248832876034,0.9999999002509788,true,80 80 80,3240,ok
80,3,Float32,1e-08,1e-08,symmetric,SylverLining/Krylov,KrylovSolver,8,10.0,60.0,7.2531,0.0053,7.2584,283631680,3,1.4010331597091863e-6,false,0.0006810281627049514,0.9999995362016273,true,80 80 80,3240,ok
80,3,Float32,1e-08,1e-08,symmetric,SylverLining/Krylov,KrylovSolver,8,10.0,60.0,3.1510,0.0014,3.1525,138657632,3,1.3502309457180672e-6,false,0.00015911389130416896,0.999999974683683,true,80 80 80,3240,ok
80,3,Float32,1e-08,1e-08,symmetric,SylverLining/SVD,SVDSolver,8,10.0,60.0,NaN,NaN,NaN,0,0,NaN,false,NaN,NaN,false,80 80 80,3240,timeout
80,3,Float32,1e-08,1e-08,symmetric,SylverLining/SVD,SVDSolver,8,10.0,60.0,NaN,NaN,NaN,0,0,NaN,false,NaN,NaN,false,80 80 80,3240,skipped_after_retire
80,3,Float32,1e-08,1e-08,symmetric,SylverLining/SVD,SVDSolver,8,10.0,60.0,NaN,NaN,NaN,0,0,NaN,false,NaN,NaN,false,80 80 80,3240,skipped_after_retire
85,3,Float32,1e-08,1e-08,universal,Auto,none,8,10.0,60.0,0.2354,0.0035,0.2389,329657280,13,3.086337585500587e-7,false,0.13363013379599695,0.9821429873423595,false,85 85 85,3655,ok
85,3,Float32,1e-08,1e-08,universal,Auto,none,8,10.0,60.0,0.2051,0.0034,0.2085,329657344,13,3.2358855150960153e-7,false,0.12744887157343845,0.9837567851353004,false,85 85 85,3655,ok
85,3,Float32,1e-08,1e-08,universal,Auto,none,8,10.0,60.0,0.2011,0.0034,0.2045,329657280,13,2.8874600843664666e-7,false,0.08993015179011923,0.9919125677996388,false,85 85 85,3655,ok
85,3,Float32,1e-08,1e-08,universal,QuickDer/Auto,AutoSolver,8,10.0,60.0,0.1940,0.0048,0.1988,329655328,13,2.782725516681239e-7,false,0.09162028818553278,0.9916057227934401,false,85 85 85,3655,ok
85,3,Float32,1e-08,1e-08,universal,QuickDer/Auto,AutoSolver,8,10.0,60.0,0.2071,0.0034,0.2105,329655392,13,2.9930467349004175e-7,false,0.13135452026855124,0.9827459900062464,false,85 85 85,3655,ok
85,3,Float32,1e-08,1e-08,universal,QuickDer/Auto,AutoSolver,8,10.0,60.0,0.1967,0.0033,0.2000,329655392,13,4.196105862774857e-7,false,0.14159320453824448,0.979951364430011,false,85 85 85,3655,ok
85,3,Float32,1e-08,1e-08,universal,QuickDer/Arpack,ArpackSolver,8,10.0,60.0,0.2092,0.0035,0.2127,329655392,13,3.1358328556052584e-7,false,0.05998222680634405,0.9964021324679412,false,85 85 85,3655,ok
85,3,Float32,1e-08,1e-08,universal,QuickDer/Arpack,ArpackSolver,8,10.0,60.0,0.2778,0.0034,0.2812,329655392,13,3.5556914212975244e-7,false,0.13897708232590858,0.9806853705889627,false,85 85 85,3655,ok
85,3,Float32,1e-08,1e-08,universal,QuickDer/Arpack,ArpackSolver,8,10.0,60.0,0.2087,0.0047,0.2134,329655392,13,3.9432151766050083e-7,false,0.01473749631458532,0.9997828062035996,false,85 85 85,3655,ok
85,3,Float32,1e-08,1e-08,universal,QuickDer/Gram,GramSolver,8,10.0,60.0,0.1995,0.0044,0.2039,329655392,13,3.418632559260004e-7,false,0.01611438124067718,0.9997403267176906,false,85 85 85,3655,ok
85,3,Float32,1e-08,1e-08,universal,QuickDer/Gram,GramSolver,8,10.0,60.0,0.2031,0.0033,0.2063,329655392,13,8.492597203257901e-7,false,0.10214777719039796,0.9895658316161238,false,85 85 85,3655,ok
85,3,Float32,1e-08,1e-08,universal,QuickDer/Gram,GramSolver,8,10.0,60.0,0.2031,0.0032,0.2063,329655392,13,5.712583970307605e-7,false,0.1276298190276931,0.9837106292955069,false,85 85 85,3655,ok
85,3,Float32,1e-08,1e-08,symmetric,SylverLining/Auto,AutoSolver,8,10.0,60.0,4.3182,0.0019,4.3200,74532960,3,5.683829158442677e-7,false,0.00020866873507405283,0.999999956458793,true,85 85 85,3655,ok
85,3,Float32,1e-08,1e-08,symmetric,SylverLining/Auto,AutoSolver,8,10.0,60.0,4.2990,0.0016,4.3005,72891104,3,7.69434677749814e-7,false,0.0001152960658327799,0.999999986707902,true,85 85 85,3655,ok
85,3,Float32,1e-08,1e-08,symmetric,SylverLining/Auto,AutoSolver,8,10.0,60.0,4.2115,0.0022,4.2137,74529504,3,6.741855145264708e-7,false,0.00010063287332924735,0.9999999898743569,true,85 85 85,3655,ok
85,3,Float32,1e-08,1e-08,symmetric,SylverLining/Gram,GramSolver,8,10.0,60.0,40.9842,0.0036,40.9877,1522736080,3,3.099505079262599e-7,false,3.9213936597218393e-5,0.9999999984636394,true,85 85 85,3655,ok
85,3,Float32,1e-08,1e-08,symmetric,SylverLining/Gram,GramSolver,8,10.0,60.0,40.0455,0.0016,40.0470,1516182480,3,2.4375850671276567e-7,false,3.8784433429892685e-5,0.9999999984969178,true,85 85 85,3655,ok
85,3,Float32,1e-08,1e-08,symmetric,SylverLining/Gram,GramSolver,8,10.0,60.0,39.9004,0.0035,39.9038,1509628880,3,1.989973554827884e-7,false,0.0001226546918848111,0.9999999849573703,true,85 85 85,3655,ok
85,3,Float32,1e-08,1e-08,symmetric,SylverLining/Arpack,ArpackSolver,8,10.0,60.0,4.3077,0.0023,4.3099,56507184,3,4.771805492964631e-7,false,9.257386585615889e-5,0.9999999914314248,true,85 85 85,3655,ok
85,3,Float32,1e-08,1e-08,symmetric,SylverLining/Arpack,ArpackSolver,8,10.0,60.0,4.1517,0.0036,4.1552,59780336,3,5.511705012395396e-7,false,9.778773928359625e-5,0.9999999904389569,true,85 85 85,3655,ok
85,3,Float32,1e-08,1e-08,symmetric,SylverLining/Arpack,ArpackSolver,8,10.0,60.0,4.4374,0.0035,4.4409,59783984,3,3.9881521729512315e-7,false,5.1887016041670345e-5,0.9999999973088717,true,85 85 85,3655,ok
85,3,Float32,1e-08,1e-08,symmetric,SylverLining/Krylov,KrylovSolver,8,10.0,60.0,4.2949,0.0015,4.2964,147231424,3,8.965336064648e-7,false,0.00011921358793040656,0.9999999857896865,true,85 85 85,3655,ok
85,3,Float32,1e-08,1e-08,symmetric,SylverLining/Krylov,KrylovSolver,8,10.0,60.0,4.5638,0.0023,4.5661,145304496,3,9.77014565251011e-7,false,0.00014318016274223315,0.9999999795011068,true,85 85 85,3655,ok
85,3,Float32,1e-08,1e-08,symmetric,SylverLining/Krylov,KrylovSolver,8,10.0,60.0,3.9821,0.0024,3.9845,138556448,3,8.757293699090951e-7,false,0.0001479740812984272,0.9999999781047388,true,85 85 85,3655,ok
90,3,Float32,1e-08,1e-08,universal,Auto,none,8,10.0,60.0,0.2721,0.0049,0.2770,408895056,13,2.1364911617638427e-7,false,0.022827345338946183,0.9994789123060751,false,90 90 90,4095,ok
90,3,Float32,1e-08,1e-08,universal,Auto,none,8,10.0,60.0,0.3013,0.0039,0.3052,408895056,13,3.424733847623429e-7,false,0.09249710739729311,0.9914442851247748,false,90 90 90,4095,ok
90,3,Float32,1e-08,1e-08,universal,Auto,none,8,10.0,60.0,0.2627,0.0039,0.2666,408895056,13,1.867041419245652e-7,false,0.048398852840732746,0.9976575510452648,false,90 90 90,4095,ok
90,3,Float32,1e-08,1e-08,universal,QuickDer/Auto,AutoSolver,8,10.0,60.0,0.2626,0.0038,0.2664,409712304,13,4.1534158867762017e-7,false,0.13942107718857613,0.980561763236707,false,90 90 90,4095,ok
90,3,Float32,1e-08,1e-08,universal,QuickDer/Auto,AutoSolver,8,10.0,60.0,0.2525,0.0038,0.2564,410531504,13,3.151433531911607e-7,false,0.041043961747879845,0.9983153932045996,false,90 90 90,4095,ok
90,3,Float32,1e-08,1e-08,universal,QuickDer/Auto,AutoSolver,8,10.0,60.0,0.2491,0.0138,0.2630,410531504,13,3.4473143273316964e-7,false,0.07156291291968797,0.9948787494953575,false,90 90 90,4095,ok
90,3,Float32,1e-08,1e-08,universal,QuickDer/Arpack,ArpackSolver,8,10.0,60.0,0.2590,0.0039,0.2629,408893104,13,3.417763139168528e-7,false,0.14902821307639347,0.9777905917083695,false,90 90 90,4095,ok
90,3,Float32,1e-08,1e-08,universal,QuickDer/Arpack,ArpackSolver,8,10.0,60.0,0.2586,0.0449,0.3034,408893104,13,3.563264101558161e-7,false,0.036687114370196,0.9986540556398888,false,90 90 90,4095,ok
90,3,Float32,1e-08,1e-08,universal,QuickDer/Arpack,ArpackSolver,8,10.0,60.0,0.2541,0.0043,0.2584,408893104,13,2.3414004601818306e-7,false,0.13236912563310763,0.9824784145801922,false,90 90 90,4095,ok
90,3,Float32,1e-08,1e-08,universal,QuickDer/Gram,GramSolver,8,10.0,60.0,0.2625,0.0423,0.3048,408893104,13,1.967270861769066e-7,false,0.14294000942736354,0.9795681537060226,false,90 90 90,4095,ok
90,3,Float32,1e-08,1e-08,universal,QuickDer/Gram,GramSolver,8,10.0,60.0,0.2584,0.0038,0.2623,408893104,13,2.4245096597041993e-7,false,0.0504131500251567,0.9974585143058594,false,90 90 90,4095,ok
90,3,Float32,1e-08,1e-08,universal,QuickDer/Gram,GramSolver,8,10.0,60.0,0.3092,0.0039,0.3131,408893104,13,3.1755584473103227e-7,false,0.10381454051952282,0.98922254117781,false,90 90 90,4095,ok
90,3,Float32,1e-08,1e-08,symmetric,SylverLining/Auto,AutoSolver,8,10.0,60.0,4.9203,0.0018,4.9221,90463840,3,8.085106060207181e-7,false,7.625559975062004e-5,0.9999999941867026,true,90 90 90,4095,ok
90,3,Float32,1e-08,1e-08,symmetric,SylverLining/Auto,AutoSolver,8,10.0,60.0,4.9204,0.0018,4.9222,90460384,3,1.0994069725711597e-6,false,0.00010526068612962286,0.9999999889221052,true,90 90 90,4095,ok
90,3,Float32,1e-08,1e-08,symmetric,SylverLining/Auto,AutoSolver,8,10.0,60.0,4.9286,0.0022,4.9308,89649632,3,1.238385152646515e-6,false,0.0002545667159231906,0.9999999351971541,true,90 90 90,4095,ok
90,3,Float32,1e-08,1e-08,symmetric,SylverLining/Gram,GramSolver,8,10.0,60.0,52.1608,0.0018,52.1625,1905556624,3,3.3010758215823444e-7,false,3.9290056813868705e-5,0.9999999984576228,true,90 90 90,4095,ok
90,3,Float32,1e-08,1e-08,symmetric,SylverLining/Gram,GramSolver,8,10.0,60.0,51.2935,0.0026,51.2961,1903557776,3,2.6782777240441646e-7,false,5.1849544484052766e-5,0.9999999973131707,true,90 90 90,4095,ok
90,3,Float32,1e-08,1e-08,symmetric,SylverLining/Gram,GramSolver,8,10.0,60.0,51.2788,0.0026,51.2814,1899560080,3,3.043016079118388e-7,false,4.614209657263204e-5,0.9999999978723151,true,90 90 90,4095,ok
90,3,Float32,1e-08,1e-08,symmetric,SylverLining/Arpack,ArpackSolver,8,10.0,60.0,4.8474,0.0028,4.8502,68709104,3,5.864350782758265e-7,false,0.00012280106142037645,0.9999999849216086,true,90 90 90,4095,ok
90,3,Float32,1e-08,1e-08,symmetric,SylverLining/Arpack,ArpackSolver,8,10.0,60.0,4.7918,0.0025,4.7943,78701616,3,1.0493276931811124e-6,false,0.0007475422137868344,0.9999994411823675,true,90 90 90,4095,ok
90,3,Float32,1e-08,1e-08,symmetric,SylverLining/Arpack,ArpackSolver,8,10.0,60.0,4.8841,0.0031,4.8872,78346672,3,1.7220610288859461e-6,false,0.003254360432777048,0.9999894091395404,true,90 90 90,4095,ok
90,3,Float32,1e-08,1e-08,symmetric,SylverLining/Krylov,KrylovSolver,8,10.0,60.0,5.1032,0.0020,5.1052,155882112,3,2.665561851245002e-6,false,0.0003266860676783654,0.9999998932783072,true,90 90 90,4095,ok
90,3,Float32,1e-08,1e-08,symmetric,SylverLining/Krylov,KrylovSolver,8,10.0,60.0,5.0036,0.0162,5.0199,161067168,3,1.377241801492346e-6,false,0.002954807680958372,0.9999912691121646,true,90 90 90,4095,ok
90,3,Float32,1e-08,1e-08,symmetric,SylverLining/Krylov,KrylovSolver,8,10.0,60.0,5.3156,0.0018,5.3173,162638384,3,1.2699658782366896e-6,false,9.720920441097968e-5,0.9999999905518879,true,90 90 90,4095,ok
95,3,Float32,1e-08,1e-08,universal,Auto,none,8,10.0,60.0,0.3615,0.0048,0.3662,450206400,13,4.173254524175718e-7,false,0.13242439305431655,0.9824637801252701,false,95 95 95,4560,ok
95,3,Float32,1e-08,1e-08,universal,Auto,none,8,10.0,60.0,0.3472,0.0043,0.3516,450206400,13,5.341530027180852e-7,false,0.11238560626192431,0.9873694755059548,false,95 95 95,4560,ok
95,3,Float32,1e-08,1e-08,universal,Auto,none,8,10.0,60.0,0.3473,0.0045,0.3518,450206464,13,2.6514891260376316e-7,false,0.061924145543257904,0.996165400199853,false,95 95 95,4560,ok
95,3,Float32,1e-08,1e-08,universal,QuickDer/Auto,AutoSolver,8,10.0,60.0,0.3020,0.0459,0.3479,450204448,13,3.567356259281951e-7,false,0.1127468323121582,0.9872881518046195,false,95 95 95,4560,ok
95,3,Float32,1e-08,1e-08,universal,QuickDer/Auto,AutoSolver,8,10.0,60.0,0.2898,0.0162,0.3060,450204448,13,3.830796799775271e-7,false,0.08112254819388301,0.9934191321753344,false,95 95 95,4560,ok
95,3,Float32,1e-08,1e-08,universal,QuickDer/Auto,AutoSolver,8,10.0,60.0,0.3615,0.0043,0.3658,450204448,13,2.421147087261488e-7,false,0.0298916080323035,0.9991064917698925,false,95 95 95,4560,ok
95,3,Float32,1e-08,1e-08,universal,QuickDer/Arpack,ArpackSolver,8,10.0,60.0,0.3027,0.0411,0.3438,450204448,13,4.390891490402282e-7,false,0.15423687978464726,0.9762109849153698,false,95 95 95,4560,ok
95,3,Float32,1e-08,1e-08,universal,QuickDer/Arpack,ArpackSolver,8,10.0,60.0,0.2841,0.0046,0.2887,450204448,13,4.621776952262735e-7,false,0.08307126407671155,0.9930991650861584,false,95 95 95,4560,ok
95,3,Float32,1e-08,1e-08,universal,QuickDer/Arpack,ArpackSolver,8,10.0,60.0,0.3230,0.0387,0.3617,450204512,13,5.297844722917944e-7,false,0.08777485243921833,0.9922955752800668,false,95 95 95,4560,ok
95,3,Float32,1e-08,1e-08,universal,QuickDer/Gram,GramSolver,8,10.0,60.0,0.2868,0.0043,0.2911,450204448,13,4.879008201896795e-7,false,0.05420850403516582,0.9970614380914817,false,95 95 95,4560,ok
95,3,Float32,1e-08,1e-08,universal,QuickDer/Gram,GramSolver,8,10.0,60.0,0.3009,0.0045,0.3054,451121952,13,4.548944900761853e-7,false,0.11471598033987912,0.9868402438564713,false,95 95 95,4560,ok
95,3,Float32,1e-08,1e-08,universal,QuickDer/Gram,GramSolver,8,10.0,60.0,0.3011,0.0045,0.3055,450204448,13,5.212586415836995e-7,false,0.10820577757554312,0.9882915097002519,false,95 95 95,4560,ok
95,3,Float32,1e-08,1e-08,symmetric,SylverLining/Auto,AutoSolver,8,10.0,60.0,6.0920,0.0021,6.0941,101013664,3,5.350956939764728e-7,false,0.0003755418809994462,0.9999998589697523,true,95 95 95,4560,ok
95,3,Float32,1e-08,1e-08,symmetric,SylverLining/Auto,AutoSolver,8,10.0,60.0,7.0882,0.0029,7.0911,99605280,3,4.0603748630019254e-7,false,9.671563494293438e-5,0.9999999906478747,true,95 95 95,4560,ok
95,3,Float32,1e-08,1e-08,symmetric,SylverLining/Auto,AutoSolver,8,10.0,60.0,7.1064,0.0022,7.1085,108013856,3,6.276541171246208e-7,false,0.0011658601797338527,0.9999986407709339,true,95 95 95,4560,ok
95,3,Float32,1e-08,1e-08,symmetric,SylverLining/Gram,GramSolver,8,10.0,60.0,NaN,NaN,NaN,0,0,NaN,false,NaN,NaN,false,95 95 95,4560,timeout
95,3,Float32,1e-08,1e-08,symmetric,SylverLining/Gram,GramSolver,8,10.0,60.0,NaN,NaN,NaN,0,0,NaN,false,NaN,NaN,false,95 95 95,4560,skipped_after_retire
95,3,Float32,1e-08,1e-08,symmetric,SylverLining/Gram,GramSolver,8,10.0,60.0,NaN,NaN,NaN,0,0,NaN,false,NaN,NaN,false,95 95 95,4560,skipped_after_retire
95,3,Float32,1e-08,1e-08,symmetric,SylverLining/Arpack,ArpackSolver,8,10.0,60.0,7.0710,0.0037,7.0747,101010608,3,4.302993090732343e-7,false,0.0002485122747198367,0.9999999382441248,true,95 95 95,4560,ok
95,3,Float32,1e-08,1e-08,symmetric,SylverLining/Arpack,ArpackSolver,8,10.0,60.0,6.3815,0.0028,6.3843,108384944,3,4.1992601040874433e-7,false,9.156563561579248e-5,0.9999999916173672,true,95 95 95,4560,ok
95,3,Float32,1e-08,1e-08,symmetric,SylverLining/Arpack,ArpackSolver,8,10.0,60.0,7.6331,0.0041,7.6372,109090288,3,4.300186446926091e-7,false,0.000116377075047079,0.9999999864586981,true,95 95 95,4560,ok
95,3,Float32,1e-08,1e-08,symmetric,SylverLining/Krylov,KrylovSolver,8,10.0,60.0,6.9048,0.0032,6.9080,230024192,3,9.064700066119258e-7,false,0.0009946597182205542,0.9999990106527383,true,95 95 95,4560,ok
95,3,Float32,1e-08,1e-08,symmetric,SylverLining/Krylov,KrylovSolver,8,10.0,60.0,6.9754,0.0031,6.9785,224081568,3,1.0950627711281413e-6,false,0.0005319258356932683,0.9999997170571318,true,95 95 95,4560,ok
95,3,Float32,1e-08,1e-08,symmetric,SylverLining/Krylov,KrylovSolver,8,10.0,60.0,6.9567,0.0023,6.9590,234917856,3,1.5559938901787973e-6,false,0.0017685418109342828,0.9999968722611996,true,95 95 95,4560,ok
100,3,Float32,1e-08,1e-08,universal,Auto,none,8,10.0,60.0,0.3931,0.0147,0.4078,548649328,13,4.852749952988233e-7,false,0.1464173275657714,0.9785619661909619,false,100 100 100,5050,ok
100,3,Float32,1e-08,1e-08,universal,Auto,none,8,10.0,60.0,0.4226,0.0049,0.4275,548649328,13,2.906159295434918e-7,false,0.14043761382429903,0.9802772766259469,false,100 100 100,5050,ok
100,3,Float32,1e-08,1e-08,universal,Auto,none,8,10.0,60.0,0.3723,0.0153,0.3876,549566832,13,5.562844194173522e-7,false,0.1358447414297439,0.9815462062285292,false,100 100 100,5050,ok
100,3,Float32,1e-08,1e-08,universal,QuickDer/Auto,AutoSolver,8,10.0,60.0,0.3773,0.0509,0.4282,548647376,13,4.1753497725949273e-7,false,0.12851083598203333,0.983484965037743,false,100 100 100,5050,ok
100,3,Float32,1e-08,1e-08,universal,QuickDer/Auto,AutoSolver,8,10.0,60.0,0.3714,0.0054,0.3768,549564880,13,3.216770494418597e-7,false,0.09693791975751792,0.9906030397157319,false,100 100 100,5050,ok
100,3,Float32,1e-08,1e-08,universal,QuickDer/Auto,AutoSolver,8,10.0,60.0,0.3803,0.0051,0.3854,548647376,13,2.5376459689141484e-7,false,0.03506852837404373,0.998770198318828,false,100 100 100,5050,ok
100,3,Float32,1e-08,1e-08,universal,QuickDer/Arpack,ArpackSolver,8,10.0,60.0,0.3791,0.0177,0.3968,549564880,13,2.4815534516164917e-7,false,0.19896237730203392,0.9604139724200557,false,100 100 100,5050,ok
100,3,Float32,1e-08,1e-08,universal,QuickDer/Arpack,ArpackSolver,8,10.0,60.0,0.4277,0.0050,0.4326,548647376,13,2.769564275695302e-7,false,0.06983341764485339,0.9951232937813067,false,100 100 100,5050,ok
100,3,Float32,1e-08,1e-08,universal,QuickDer/Arpack,ArpackSolver,8,10.0,60.0,0.3635,0.0049,0.3685,549564880,13,2.793629789721308e-7,false,0.0830915233333788,0.9930957987513942,false,100 100 100,5050,ok
100,3,Float32,1e-08,1e-08,universal,QuickDer/Gram,GramSolver,8,10.0,60.0,0.4010,0.0049,0.4060,548647376,13,2.668934655503108e-7,false,0.03049104291540865,0.9990702963037508,false,100 100 100,5050,ok
100,3,Float32,1e-08,1e-08,universal,QuickDer/Gram,GramSolver,8,10.0,60.0,0.3991,0.0049,0.4040,549564880,13,4.646974502975354e-7,false,0.14134456239312398,0.9800217146845004,false,100 100 100,5050,ok
100,3,Float32,1e-08,1e-08,universal,QuickDer/Gram,GramSolver,8,10.0,60.0,0.3703,0.0050,0.3753,548647376,13,3.645822062026127e-7,false,0.1354012831098704,0.9816664925349048,false,100 100 100,5050,ok
100,3,Float32,1e-08,1e-08,symmetric,SylverLining/Auto,AutoSolver,8,10.0,60.0,7.1615,0.0025,7.1640,105768048,3,1.245168391506013e-6,false,0.0001974337791770712,0.9999999610219288,true,100 100 100,5050,ok
100,3,Float32,1e-08,1e-08,symmetric,SylverLining/Auto,AutoSolver,8,10.0,60.0,8.2395,0.0028,8.2423,102756848,3,6.81261042245751e-7,false,0.0006104721388553564,0.999999627325288,true,100 100 100,5050,ok
100,3,Float32,1e-08,1e-08,symmetric,SylverLining/Auto,AutoSolver,8,10.0,60.0,7.4318,0.0050,7.4368,117777200,3,2.9990753773745382e-6,false,0.000316428601404113,0.9999998998749628,true,100 100 100,5050,ok
100,3,Float32,1e-08,1e-08,symmetric,SylverLining/Arpack,ArpackSolver,8,10.0,60.0,7.2529,0.0040,7.2570,112392448,3,1.1298220670141745e-6,false,0.00013850957811484114,0.9999999808173505,true,100 100 100,5050,ok
100,3,Float32,1e-08,1e-08,symmetric,SylverLining/Arpack,ArpackSolver,8,10.0,60.0,6.6547,0.0023,6.6570,85548544,3,1.914051381390891e-6,false,0.0002528075531406209,0.9999999360906635,true,100 100 100,5050,ok
100,3,Float32,1e-08,1e-08,symmetric,SylverLining/Arpack,ArpackSolver,8,10.0,60.0,6.6633,0.0025,6.6658,98531584,3,5.208543711887614e-7,false,0.00022492990949165046,0.9999999494084414,true,100 100 100,5050,ok
100,3,Float32,1e-08,1e-08,symmetric,SylverLining/Krylov,KrylovSolver,8,10.0,60.0,6.8131,0.0026,6.8158,224170032,3,9.781920198292937e-7,false,0.0002159707673108697,0.9999999533585798,true,100 100 100,5050,ok
100,3,Float32,1e-08,1e-08,symmetric,SylverLining/Krylov,KrylovSolver,8,10.0,60.0,7.0060,0.0027,7.0087,225068144,3,1.8347568584431428e-6,false,0.0005605440262601671,0.9999996857932362,true,100 100 100,5050,ok
100,3,Float32,1e-08,1e-08,symmetric,SylverLining/Krylov,KrylovSolver,8,10.0,60.0,15.3540,0.0039,15.3579,456715168,3,6.506041700049536e-6,false,0.0005972373669376765,0.9999996433104936,true,100 100 100,5050,ok
